student_id,gender,age,department,course,historical_grade,previous_grade,assignment_score,quiz_score,midterm_score,attendance_percentage,lms_login_count,lms_activity_count,study_hours,performance_status
S0001,Male,20,Engineering,MATH101,66.5,64.8,76.9,32.0,44.3,91.5,32,96,13.4,PASS
S0002,Female,25,Computer Science,CS201,82.3,84.4,78.6,93.6,24.0,100.0,47,93,17.9,PASS
S0003,Female,24,Mathematics,BUS101,71.7,73.4,71.3,35.4,30.7,76.8,48,86,18.5,PASS
S0004,Female,20,Computer Science,CS201,55.4,59.4,69.8,58.1,49.3,70.3,30,96,14.3,PASS
S0005,Male,23,Physics,ENG101,86.3,86.3,83.7,77.6,59.2,94.5,52,98,17.6,PASS
S0006,Male,21,Mathematics,PHY101,69.5,66.0,65.2,54.9,57.6,96.5,48,73,19.3,PASS
S0007,Male,28,Engineering,ENG101,62.5,63.6,67.0,50.7,25.1,89.8,42,97,11.2,PASS
S0008,Female,22,Business,ENG101,95.9,98.0,67.0,69.1,57.6,100.0,59,118,14.8,PASS
S0009,Female,28,Business,CS101,79.7,77.9,77.9,71.9,47.1,95.6,37,96,11.0,PASS
S0010,Female,22,Mathematics,ENG101,95.6,96.1,74.7,73.8,70.4,96.9,38,95,23.7,PASS
S0011,Male,24,Engineering,CS201,70.0,63.3,68.9,53.1,34.5,93.7,28,111,13.0,PASS
S0012,Female,28,Mathematics,PHY101,57.2,50.9,60.2,54.2,28.3,81.8,38,102,12.6,PASS
S0013,Female,22,Engineering,MATH101,49.3,41.0,51.2,56.6,35.8,76.2,38,81,12.8,FAIL
S0014,Male,28,Physics,ENG101,66.6,68.1,54.5,61.5,49.4,85.9,45,63,12.7,PASS
S0015,Male,20,Engineering,CS201,59.6,63.3,67.1,54.6,30.3,83.4,37,69,17.5,FAIL
S0016,Male,27,Engineering,CS101,82.2,75.1,55.3,63.8,52.2,78.2,47,126,20.8,PASS
S0017,Male,22,Mathematics,CS101,43.4,44.2,72.9,57.5,37.4,78.5,36,62,13.4,PASS
S0018,Female,24,Mathematics,MATH101,64.7,67.0,55.6,43.0,42.7,81.3,43,100,14.5,PASS
S0019,Male,22,Business,MATH101,93.8,91.8,72.4,63.0,51.0,93.4,52,81,17.3,PASS
S0020,Male,22,Computer Science,CS201,29.3,37.3,3.5,14.6,21.3,69.4,36,54,6.1,FAIL
S0021,Female,26,Engineering,MATH101,86.2,78.9,69.1,67.7,59.5,90.2,36,85,18.6,PASS
S0022,Male,20,Physics,MATH101,48.0,46.1,51.8,60.2,29.8,77.8,29,82,10.5,PASS
S0023,Male,23,Mathematics,CS101,45.7,31.1,58.4,52.8,33.8,62.8,38,77,13.5,FAIL
S0024,Male,18,Mathematics,CS201,88.5,90.2,67.6,77.4,64.6,79.7,33,135,15.3,PASS
S0025,Male,27,Computer Science,PHY101,80.8,77.1,53.6,54.5,53.5,69.7,43,65,12.8,PASS
S0026,Female,22,Engineering,MATH101,100.0,90.1,100.0,89.7,70.4,100.0,58,73,22.8,PASS
S0027,Male,25,Business,CS201,70.9,73.9,57.0,67.9,40.6,81.2,53,76,15.1,PASS
S0028,Male,22,Mathematics,ENG101,56.0,55.2,56.2,57.5,27.9,80.2,42,83,15.3,PASS
S0029,Female,26,Computer Science,CS101,82.3,80.7,67.8,36.9,66.4,84.6,48,97,20.2,PASS
S0030,Male,28,Mathematics,PHY101,85.9,91.6,73.2,76.4,24.7,75.8,53,92,16.5,PASS
S0031,Female,23,Engineering,CS101,76.6,72.7,68.5,72.8,51.1,81.3,46,73,11.0,PASS
S0032,Male,25,Computer Science,CS101,61.1,64.3,57.0,65.1,33.0,78.4,43,78,20.0,PASS
S0033,Male,27,Engineering,BUS101,39.6,43.5,39.0,41.6,32.0,54.3,47,55,16.2,FAIL
S0034,Female,25,Computer Science,CS201,66.9,64.1,71.1,77.8,26.0,85.2,41,83,16.1,PASS
S0035,Female,20,Engineering,ENG101,99.0,99.0,81.0,87.9,63.8,93.2,48,113,19.1,PASS
S0036,Female,24,Computer Science,MATH101,56.7,65.1,43.3,69.5,41.1,73.6,48,45,11.7,PASS
S0037,Male,24,Computer Science,ENG101,59.9,54.8,59.2,61.3,40.7,92.6,37,97,15.3,PASS
S0038,Male,27,Mathematics,CS201,91.0,93.7,66.3,69.9,44.1,91.2,51,67,20.6,PASS
S0039,Female,29,Computer Science,CS101,75.9,76.2,61.6,73.3,38.4,91.8,49,71,16.2,PASS
S0040,Male,23,Computer Science,BUS101,52.7,59.0,63.8,39.4,40.0,79.7,27,115,10.5,PASS
S0041,Male,29,Engineering,CS201,72.6,72.5,61.9,68.9,42.3,85.9,42,78,18.9,PASS
S0042,Male,24,Engineering,PHY101,81.0,84.4,69.1,68.6,24.7,62.7,40,105,15.2,PASS
S0043,Male,19,Mathematics,PHY101,71.5,63.5,64.3,53.2,37.2,76.2,38,107,18.7,PASS
S0044,Female,26,Engineering,CS201,69.9,59.2,82.8,58.5,56.2,80.0,48,100,14.6,PASS
S0045,Male,27,Mathematics,MATH101,91.5,86.3,80.8,86.9,53.2,76.5,38,71,23.7,PASS
S0046,Female,27,Business,ENG101,60.7,58.5,49.0,74.9,20.6,75.7,36,76,10.9,PASS
S0047,Male,18,Computer Science,ENG101,68.3,66.5,47.6,73.5,36.7,89.7,43,69,20.3,PASS
S0048,Female,18,Computer Science,MATH101,86.3,91.7,68.7,77.4,51.6,86.0,45,98,17.7,PASS
S0049,Female,20,Engineering,BUS101,49.7,47.8,38.6,55.8,20.9,61.8,38,65,12.7,FAIL
S0050,Male,20,Engineering,CS101,62.3,62.4,61.1,68.5,53.6,83.5,43,99,12.3,PASS
S0051,Female,18,Business,CS101,65.9,66.6,75.8,63.9,35.9,60.5,45,92,12.6,PASS
S0052,Female,29,Business,PHY101,61.6,58.4,75.0,49.2,34.3,84.4,47,72,11.1,PASS
S0053,Female,24,Engineering,BUS101,82.7,82.6,79.8,54.2,47.8,79.6,60,90,14.9,PASS
S0054,Female,21,Computer Science,MATH101,46.9,52.2,30.7,76.3,6.5,93.1,41,79,13.4,FAIL
S0055,Female,27,Computer Science,CS201,64.1,65.6,59.9,51.5,43.0,64.7,39,80,19.6,PASS
S0056,Female,19,Business,ENG101,81.9,84.8,89.1,69.2,42.0,84.2,48,77,20.1,PASS
S0057,Male,27,Engineering,CS201,87.6,89.3,80.0,60.2,23.3,75.2,44,89,18.0,PASS
S0058,Male,22,Engineering,ENG101,62.9,71.1,72.0,43.6,19.7,75.1,48,73,13.7,PASS
S0059,Male,23,Computer Science,CS201,49.6,44.4,39.4,36.1,29.2,96.6,37,45,18.1,FAIL
S0060,Male,26,Business,MATH101,66.7,79.2,55.8,55.3,54.8,76.1,53,96,15.9,PASS
S0061,Male,21,Mathematics,MATH101,66.8,71.8,68.9,72.3,48.7,68.1,37,73,13.6,PASS
S0062,Male,19,Computer Science,BUS101,62.4,68.3,54.9,58.4,44.1,85.0,37,72,16.7,PASS
S0063,Female,22,Engineering,CS201,84.5,91.0,93.3,83.8,51.9,81.8,44,103,18.5,PASS
S0064,Male,20,Physics,CS201,62.3,67.5,63.3,58.3,42.0,75.1,35,85,16.3,PASS
S0065,Male,19,Engineering,BUS101,62.7,56.3,55.2,61.7,38.8,75.4,43,76,19.4,PASS
S0066,Female,29,Business,BUS101,97.6,92.0,100.0,77.5,49.7,85.9,51,101,16.5,PASS
S0067,Male,18,Computer Science,MATH101,100.0,100.0,72.4,78.1,51.6,100.0,53,92,16.6,PASS
S0068,Female,27,Business,MATH101,63.8,66.7,69.2,48.0,38.5,63.5,23,66,16.5,PASS
S0069,Male,19,Computer Science,PHY101,92.0,96.4,82.0,83.9,46.0,88.3,40,91,20.3,PASS
S0070,Female,23,Physics,CS201,67.0,67.2,53.5,42.7,20.0,82.7,39,78,12.0,FAIL
S0071,Female,25,Business,MATH101,79.6,73.0,76.8,81.2,54.9,85.4,45,78,22.0,PASS
S0072,Male,20,Mathematics,MATH101,92.4,91.9,78.2,82.1,60.7,76.5,60,75,20.3,PASS
S0073,Male,28,Business,CS201,42.2,45.9,51.4,66.1,4.8,62.4,25,71,9.3,FAIL
S0074,Female,26,Business,BUS101,50.3,49.0,58.5,46.7,15.4,71.9,26,38,12.0,FAIL
S0075,Female,29,Engineering,CS201,71.4,71.4,63.6,52.1,46.9,71.4,33,86,9.8,PASS
S0076,Female,26,Mathematics,CS101,69.0,69.2,67.0,59.6,27.7,83.8,42,78,16.3,PASS
S0077,Female,19,Physics,CS201,84.3,81.6,87.3,54.4,50.9,97.1,51,90,14.0,PASS
S0078,Male,25,Engineering,CS101,56.9,52.8,55.1,82.8,44.2,77.7,33,80,12.5,PASS
S0079,Male,27,Physics,CS201,43.3,53.9,37.9,34.6,20.4,69.9,34,81,11.3,FAIL
S0080,Male,28,Business,CS101,61.7,69.5,52.6,36.6,44.9,57.1,29,71,20.0,FAIL
S0081,Female,29,Engineering,CS101,58.9,64.2,46.3,68.6,29.3,80.6,27,72,18.0,PASS
S0082,Female,22,Engineering,CS201,80.7,82.8,78.4,74.8,44.5,76.3,41,92,10.6,PASS
S0083,Male,21,Computer Science,PHY101,44.4,39.4,61.4,43.8,31.6,70.0,40,57,9.1,FAIL
S0084,Male,27,Computer Science,MATH101,49.1,53.5,48.8,28.6,37.5,67.3,29,61,13.4,FAIL
S0085,Male,22,Computer Science,ENG101,52.6,58.2,52.3,69.2,16.5,73.6,34,80,12.9,PASS
S0086,Male,21,Engineering,MATH101,66.1,64.4,75.6,86.8,23.8,81.9,32,78,18.6,PASS
S0087,Female,25,Engineering,CS101,86.1,80.8,87.4,78.6,33.4,89.9,37,77,14.9,PASS
S0088,Female,21,Engineering,CS201,80.2,82.3,100.0,67.8,68.2,94.6,48,67,16.5,PASS
S0089,Female,27,Physics,CS201,89.8,95.1,75.3,82.4,48.6,84.9,42,93,16.0,PASS
S0090,Male,29,Engineering,CS201,77.4,74.2,81.8,56.4,38.1,81.0,32,96,17.1,PASS
S0091,Male,23,Engineering,CS201,76.6,79.2,57.4,73.6,49.4,95.3,31,99,15.3,PASS
S0092,Female,19,Computer Science,PHY101,56.2,51.6,49.6,47.6,13.8,85.6,45,57,15.7,PASS
S0093,Female,22,Computer Science,ENG101,73.3,67.6,68.9,68.7,39.5,94.9,29,92,14.4,PASS
S0094,Female,23,Mathematics,BUS101,53.8,54.8,55.7,54.4,32.3,85.5,45,61,11.0,FAIL
S0095,Female,22,Business,CS101,52.8,48.8,65.8,50.1,20.0,100.0,41,102,20.3,PASS
S0096,Male,29,Mathematics,ENG101,61.4,63.6,38.2,39.7,23.0,85.9,35,76,18.3,FAIL
S0097,Female,19,Computer Science,MATH101,72.4,64.4,32.5,43.4,38.9,71.1,48,68,19.2,PASS
S0098,Male,24,Business,BUS101,65.6,61.4,78.3,60.9,33.5,87.1,38,87,13.0,PASS
S0099,Male,21,Computer Science,BUS101,100.0,100.0,82.5,81.4,53.8,93.7,53,99,16.9,PASS
S0100,Male,25,Computer Science,CS201,74.7,78.2,77.6,63.8,26.9,78.7,27,98,10.1,PASS
S0101,Male,24,Computer Science,ENG101,63.1,65.2,81.3,64.3,19.8,74.2,40,85,15.4,PASS
S0102,Female,24,Computer Science,MATH101,70.2,68.0,69.7,58.2,57.2,79.3,38,110,17.5,PASS
S0103,Male,26,Engineering,CS201,100.0,100.0,100.0,89.2,44.3,68.6,46,94,17.4,PASS
S0104,Male,18,Computer Science,CS201,55.3,54.2,61.4,58.5,30.7,51.1,44,91,14.6,PASS
S0105,Female,27,Physics,PHY101,69.7,81.4,54.1,54.3,39.9,81.7,58,75,10.1,PASS
S0106,Male,23,Engineering,CS101,73.8,75.4,57.8,67.1,38.5,77.2,53,90,25.2,PASS
S0107,Male,23,Computer Science,BUS101,78.0,74.2,64.0,70.9,44.9,77.9,53,82,13.7,PASS
S0108,Female,23,Computer Science,MATH101,41.4,41.0,44.3,47.6,20.5,68.9,26,87,8.4,FAIL
S0109,Male,29,Business,BUS101,75.2,66.8,55.9,63.1,40.1,67.2,48,102,13.9,PASS
S0110,Male,23,Computer Science,ENG101,89.8,80.3,73.7,78.1,66.5,94.3,44,103,21.5,PASS
S0111,Male,29,Mathematics,CS101,71.8,79.1,51.7,70.2,31.6,78.5,38,91,18.1,PASS
S0112,Male,27,Physics,CS201,73.0,74.3,85.5,77.8,36.2,82.3,59,97,16.5,PASS
S0113,Female,24,Computer Science,CS101,100.0,97.7,90.5,62.9,71.0,99.4,34,114,27.4,PASS
S0114,Female,27,Engineering,CS201,66.9,66.7,63.3,94.4,33.0,76.6,44,85,16.0,PASS
S0115,Female,23,Computer Science,CS101,64.5,64.0,71.5,76.6,33.3,88.2,43,90,15.8,PASS
S0116,Female,18,Business,CS201,33.4,33.8,34.3,42.9,12.8,73.7,37,90,11.9,FAIL
S0117,Female,20,Engineering,BUS101,100.0,100.0,77.0,77.0,72.6,98.8,57,97,18.5,PASS
S0118,Male,19,Computer Science,BUS101,68.3,71.0,55.4,42.7,51.7,90.2,45,88,10.3,PASS
S0119,Female,23,Computer Science,BUS101,57.9,55.8,41.5,59.9,20.5,82.5,41,73,12.8,FAIL
S0120,Female,25,Business,BUS101,75.5,66.7,48.5,71.4,62.2,81.7,36,108,11.1,PASS
S0121,Female,20,Engineering,CS101,77.1,72.1,64.4,46.2,20.3,88.1,44,85,19.4,PASS
S0122,Female,27,Computer Science,CS201,83.7,87.5,75.9,81.0,30.1,74.7,52,100,18.5,PASS
S0123,Male,25,Business,BUS101,68.4,76.2,74.9,77.6,22.0,84.3,35,116,12.6,PASS
S0124,Male,25,Business,CS101,76.5,72.1,56.5,84.1,32.7,90.9,46,103,15.3,PASS
S0125,Male,22,Mathematics,CS201,63.5,58.4,71.0,63.7,32.9,69.5,46,78,16.0,PASS
S0126,Male,25,Computer Science,CS101,91.0,88.9,54.8,64.0,41.8,100.0,45,108,20.5,PASS
S0127,Female,23,Mathematics,PHY101,74.1,83.0,68.4,73.4,29.9,81.6,55,94,16.8,PASS
S0128,Female,22,Business,BUS101,72.1,72.9,53.4,68.0,48.8,85.5,46,63,11.1,PASS
S0129,Male,26,Computer Science,ENG101,76.4,72.6,48.6,61.3,41.5,70.9,30,71,11.2,PASS
S0130,Male,24,Business,CS101,84.7,82.9,73.0,57.7,59.6,63.2,46,88,16.5,PASS
S0131,Male,25,Engineering,BUS101,62.6,60.0,58.1,32.4,47.9,90.9,33,87,16.4,PASS
S0132,Male,18,Physics,MATH101,68.0,71.6,74.8,72.2,42.0,79.0,32,75,14.1,PASS
S0133,Male,28,Computer Science,CS201,82.3,92.1,48.1,49.8,57.0,94.6,37,92,20.3,PASS
S0134,Male,19,Business,PHY101,42.6,43.2,63.0,38.3,22.5,71.0,48,63,16.4,FAIL
S0135,Female,25,Engineering,BUS101,45.2,50.6,72.2,39.6,11.4,64.8,27,59,9.9,FAIL
S0136,Male,29,Physics,MATH101,69.9,63.2,64.8,55.7,24.3,98.3,40,78,10.9,PASS
S0137,Male,26,Engineering,CS101,59.2,70.9,40.8,40.0,11.4,77.0,40,84,16.9,FAIL
S0138,Female,21,Physics,CS101,56.1,49.4,50.5,76.9,42.0,78.0,31,86,21.6,PASS
S0139,Male,29,Physics,MATH101,70.1,76.1,67.5,67.3,43.0,79.3,34,80,15.5,PASS
S0140,Female,27,Computer Science,PHY101,85.8,87.5,71.5,83.6,15.1,71.5,41,115,15.9,PASS
S0141,Female,28,Mathematics,MATH101,67.4,61.1,54.0,46.8,47.3,85.6,36,73,19.0,PASS
S0142,Male,27,Physics,CS201,75.1,79.3,65.5,45.1,44.9,86.7,47,91,17.8,PASS
S0143,Male,26,Computer Science,CS101,94.2,94.1,83.8,99.7,44.7,97.2,41,91,19.6,PASS
S0144,Male,21,Engineering,MATH101,62.3,57.7,58.1,46.0,25.4,70.6,51,69,13.8,PASS
S0145,Male,27,Engineering,ENG101,76.2,76.2,52.8,58.3,41.4,67.1,41,75,16.4,PASS
S0146,Male,27,Computer Science,ENG101,95.7,87.5,99.2,62.9,70.8,94.4,60,96,16.6,PASS
S0147,Female,27,Computer Science,MATH101,54.0,51.6,42.6,40.6,32.0,89.3,36,54,19.8,FAIL
S0148,Male,26,Computer Science,CS201,94.1,89.3,78.1,80.3,47.0,72.2,36,103,17.1,PASS
S0149,Male,28,Computer Science,CS101,73.4,72.5,41.7,56.1,69.8,68.1,37,93,6.4,PASS
S0150,Male,24,Engineering,ENG101,50.0,41.3,43.4,67.4,41.0,69.5,39,85,12.2,FAIL
S0151,Female,19,Computer Science,MATH101,86.2,77.3,62.8,47.6,62.5,70.9,38,118,19.4,PASS
S0152,Male,26,Mathematics,MATH101,67.5,63.2,56.6,57.3,52.1,76.3,40,89,20.1,PASS
S0153,Male,21,Business,BUS101,100.0,99.8,84.4,72.1,74.2,93.8,53,84,18.7,PASS
S0154,Male,25,Computer Science,MATH101,63.7,58.8,61.8,57.9,43.2,86.4,42,76,10.6,PASS
S0155,Female,24,Business,CS201,70.8,73.1,60.4,58.6,42.7,86.7,46,86,19.3,PASS
S0156,Male,24,Business,ENG101,55.2,58.7,60.1,61.9,34.4,75.1,38,74,11.0,PASS
S0157,Female,25,Physics,BUS101,70.5,66.2,66.1,56.3,25.7,93.9,33,71,17.3,PASS
S0158,Female,18,Computer Science,ENG101,59.3,66.3,37.9,55.2,8.7,58.7,36,69,10.7,FAIL
S0159,Male,22,Computer Science,ENG101,85.6,84.1,91.6,94.2,59.9,75.1,46,99,15.0,PASS
S0160,Female,19,Physics,CS201,75.3,84.5,71.1,48.3,67.0,82.9,46,98,15.0,PASS
S0161,Male,19,Physics,MATH101,73.1,71.8,53.9,54.0,39.3,74.2,36,80,12.2,PASS
S0162,Female,18,Business,CS201,58.6,52.9,75.2,83.3,51.8,76.2,37,83,8.9,PASS
S0163,Female,22,Mathematics,MATH101,72.1,78.3,70.3,76.4,61.7,86.5,57,65,14.0,PASS
S0164,Female,19,Computer Science,BUS101,70.4,65.2,49.6,42.2,36.1,75.6,49,69,15.7,PASS
S0165,Male,21,Engineering,CS201,82.7,88.4,81.0,100.0,64.1,79.3,52,90,24.8,PASS
S0166,Female,20,Computer Science,CS201,45.4,46.0,55.1,56.5,34.8,71.0,33,52,12.6,PASS
S0167,Male,20,Computer Science,PHY101,75.5,72.7,80.7,55.7,41.4,91.4,44,90,16.6,PASS
S0168,Male,19,Mathematics,CS101,100.0,96.2,87.9,75.0,66.4,96.3,50,79,20.5,PASS
S0169,Male,23,Computer Science,CS201,56.7,56.2,49.6,46.7,37.4,85.0,41,97,14.8,PASS
S0170,Female,19,Engineering,PHY101,88.5,91.9,65.2,69.2,29.5,88.1,37,114,18.2,PASS
S0171,Female,25,Physics,CS101,80.8,80.6,61.3,64.3,78.3,86.0,38,112,20.4,PASS
S0172,Male,25,Computer Science,MATH101,52.1,59.5,40.2,32.9,18.4,87.3,24,62,13.8,PASS
S0173,Male,29,Physics,MATH101,85.0,79.1,83.7,55.2,53.4,76.9,51,105,17.3,PASS
S0174,Male,22,Physics,MATH101,65.6,65.2,67.1,56.6,61.4,91.6,46,74,12.1,PASS
S0175,Female,27,Business,PHY101,66.3,71.8,65.5,54.0,36.5,81.6,35,55,16.3,PASS
S0176,Male,24,Computer Science,PHY101,86.0,79.9,88.3,53.2,42.7,86.3,40,82,21.4,PASS
S0177,Female,21,Engineering,CS101,89.2,94.4,83.5,78.4,55.1,81.7,53,108,20.7,PASS
S0178,Male,18,Engineering,MATH101,50.1,50.2,71.9,50.9,25.9,87.1,41,80,11.0,PASS
S0179,Female,28,Engineering,ENG101,86.1,86.6,68.1,84.1,66.3,94.3,59,84,17.9,PASS
S0180,Male,19,Computer Science,CS201,87.5,85.8,79.8,75.1,42.4,72.7,40,91,23.3,PASS
S0181,Male,27,Physics,PHY101,90.6,84.5,79.7,60.0,47.5,90.4,46,86,21.7,PASS
S0182,Male,27,Computer Science,PHY101,77.2,76.8,87.8,78.1,45.3,75.9,44,86,18.2,PASS
S0183,Female,21,Business,PHY101,77.3,74.6,45.2,66.2,30.9,80.5,48,109,14.7,PASS
S0184,Female,18,Computer Science,CS101,49.5,57.1,42.3,75.9,23.1,59.8,43,69,13.8,PASS
S0185,Male,25,Business,MATH101,29.7,32.3,46.1,58.9,11.3,70.5,28,92,14.8,FAIL
S0186,Female,26,Physics,ENG101,75.9,76.1,60.5,70.3,30.4,84.8,45,73,16.8,PASS
S0187,Female,21,Computer Science,CS201,64.5,71.1,75.1,91.7,31.2,82.0,37,90,6.8,PASS
S0188,Female,27,Computer Science,CS201,74.3,74.1,47.6,60.0,53.5,78.2,31,101,22.0,PASS
S0189,Female,20,Business,MATH101,63.1,66.6,71.4,56.4,13.8,76.2,32,61,17.3,PASS
S0190,Male,19,Business,ENG101,74.2,80.1,82.6,60.1,56.7,63.5,39,92,13.8,PASS
S0191,Male,22,Business,CS101,64.9,63.5,74.5,47.5,32.6,89.1,44,62,14.3,PASS
S0192,Female,20,Engineering,PHY101,78.6,80.8,66.8,86.9,51.1,65.9,27,117,16.1,PASS
S0193,Female,27,Computer Science,PHY101,38.8,36.6,58.4,43.1,35.3,75.6,36,89,9.6,FAIL
S0194,Female,24,Physics,MATH101,62.8,68.6,72.2,46.2,26.4,76.6,44,91,14.2,PASS
S0195,Male,28,Physics,CS201,82.6,82.5,88.5,66.8,55.0,90.5,41,92,19.7,PASS
S0196,Male,23,Engineering,PHY101,75.2,82.0,83.7,69.5,29.4,84.1,58,80,21.2,PASS
S0197,Female,18,Mathematics,CS201,70.4,71.4,71.2,52.7,25.5,71.3,43,75,13.6,PASS
S0198,Female,29,Engineering,CS201,85.8,98.6,79.3,65.6,48.6,91.4,48,115,20.5,PASS
S0199,Female,25,Engineering,MATH101,71.7,68.2,72.3,37.1,41.1,81.1,40,88,13.3,PASS
S0200,Female,19,Computer Science,BUS101,71.9,76.2,76.4,54.6,54.7,79.3,27,105,19.3,PASS
S0201,Female,22,Engineering,BUS101,54.1,53.9,44.0,37.8,14.8,78.5,31,97,14.2,FAIL
S0202,Male,26,Engineering,BUS101,59.8,58.7,53.0,65.0,43.0,89.5,32,78,13.8,PASS
S0203,Male,25,Computer Science,ENG101,54.0,44.5,55.3,33.3,27.4,72.6,41,74,12.3,FAIL
S0204,Female,19,Engineering,MATH101,59.0,59.4,50.7,47.5,33.7,81.4,33,76,17.3,PASS
S0205,Female,26,Mathematics,CS201,86.8,81.9,67.4,67.5,26.3,88.1,48,81,13.9,PASS
S0206,Male,22,Business,PHY101,47.8,46.2,60.7,38.3,25.9,70.1,21,72,15.6,FAIL
S0207,Male,27,Business,ENG101,31.6,26.9,44.2,40.3,27.8,63.6,40,65,8.1,FAIL
S0208,Female,23,Physics,BUS101,67.8,63.8,63.0,61.3,36.8,70.3,46,94,17.6,PASS
S0209,Male,20,Computer Science,CS101,54.0,48.7,45.9,65.8,27.8,81.2,36,75,13.6,FAIL
S0210,Male,20,Business,ENG101,59.4,54.1,55.6,55.0,57.6,71.9,34,91,10.5,PASS
S0211,Female,27,Mathematics,ENG101,98.8,90.8,97.3,55.7,58.4,77.0,56,108,18.8,PASS
S0212,Female,25,Engineering,MATH101,52.9,54.7,45.3,44.2,10.1,75.3,32,87,10.2,FAIL
S0213,Female,28,Engineering,PHY101,76.8,76.9,58.1,62.9,26.9,92.8,39,91,12.4,PASS
S0214,Male,27,Computer Science,ENG101,64.8,68.3,69.1,74.7,56.3,91.1,38,90,15.8,PASS
S0215,Female,27,Mathematics,PHY101,72.7,70.7,68.3,61.0,37.3,53.3,54,90,10.8,PASS
S0216,Male,29,Engineering,MATH101,64.7,61.4,72.0,59.8,48.3,80.7,34,60,12.4,PASS
S0217,Male,19,Mathematics,CS101,89.6,89.2,68.3,68.0,49.0,92.1,52,89,19.6,PASS
S0218,Female,28,Business,CS201,65.9,69.4,80.9,70.8,44.1,84.5,34,69,11.8,PASS
S0219,Female,29,Business,CS201,91.2,92.7,64.6,57.0,49.0,86.5,30,118,22.4,PASS
S0220,Female,29,Mathematics,BUS101,67.1,67.2,74.0,40.9,38.3,96.2,43,98,21.3,PASS
S0221,Female,19,Business,BUS101,92.6,95.9,67.2,41.0,60.8,100.0,41,100,23.7,PASS
S0222,Female,22,Engineering,CS101,69.8,69.9,55.7,71.7,26.6,80.1,39,91,16.9,PASS
S0223,Male,23,Engineering,CS201,87.3,84.3,73.0,67.6,55.6,82.0,53,115,17.6,PASS
S0224,Male,29,Mathematics,BUS101,84.1,88.6,70.1,71.4,52.5,88.6,38,84,18.0,PASS
S0225,Male,19,Engineering,PHY101,46.7,40.4,45.5,43.8,9.3,78.8,31,92,17.0,FAIL
S0226,Male,22,Engineering,ENG101,71.4,64.3,57.5,38.3,74.8,81.9,47,113,11.9,PASS
S0227,Female,24,Computer Science,MATH101,54.3,54.2,67.5,51.6,28.1,77.7,33,78,7.8,PASS
S0228,Male,27,Physics,BUS101,100.0,100.0,91.8,70.5,47.2,100.0,51,88,19.3,PASS
S0229,Female,27,Computer Science,CS101,66.3,67.5,67.6,44.2,57.4,95.5,39,80,15.7,PASS
S0230,Female,25,Business,CS201,70.4,68.8,60.7,68.8,27.1,88.9,40,101,18.7,PASS
S0231,Female,29,Engineering,CS101,100.0,100.0,75.5,77.4,52.5,99.2,48,108,22.8,PASS
S0232,Male,24,Engineering,MATH101,59.1,51.6,64.7,67.6,37.2,86.3,41,84,18.5,PASS
S0233,Female,25,Business,MATH101,34.8,35.5,57.5,60.6,13.7,68.4,15,54,10.3,FAIL
S0234,Male,29,Computer Science,CS101,100.0,100.0,74.2,87.1,66.3,94.5,48,101,19.8,PASS
S0235,Male,26,Business,BUS101,52.9,59.8,62.5,54.9,38.2,78.5,30,81,13.4,PASS
S0236,Female,22,Mathematics,BUS101,50.5,57.2,72.6,33.8,20.9,87.5,41,69,9.2,PASS
S0237,Male,22,Mathematics,CS201,54.6,49.1,59.4,50.7,50.3,79.3,46,71,17.4,PASS
S0238,Male,28,Computer Science,PHY101,71.4,73.2,58.2,48.0,39.1,90.0,41,97,14.8,PASS
S0239,Female,27,Mathematics,CS201,88.8,87.8,69.2,58.5,55.7,85.4,45,104,17.4,PASS
S0240,Male,21,Business,ENG101,87.6,87.5,79.2,81.1,47.9,93.2,50,95,18.9,PASS
S0241,Female,26,Mathematics,PHY101,78.3,84.0,63.7,45.0,41.6,86.2,45,86,14.4,PASS
S0242,Female,22,Engineering,ENG101,54.4,63.9,56.6,77.4,31.8,68.8,35,76,12.5,PASS
S0243,Female,19,Engineering,CS201,65.7,67.0,65.4,65.3,61.6,86.9,42,99,16.4,PASS
S0244,Male,27,Physics,PHY101,56.3,46.4,62.4,60.9,38.8,87.3,34,87,17.7,PASS
S0245,Male,25,Mathematics,PHY101,74.4,66.1,67.3,26.3,32.0,65.8,48,90,17.0,PASS
S0246,Female,24,Engineering,ENG101,100.0,99.8,69.9,50.3,60.9,72.6,60,125,25.4,PASS
S0247,Male,25,Computer Science,CS101,51.2,56.2,42.1,74.2,24.0,77.7,34,66,12.0,PASS
S0248,Female,29,Engineering,BUS101,57.4,53.5,60.5,42.3,46.1,81.2,41,62,8.4,PASS
S0249,Female,20,Engineering,PHY101,63.4,62.5,65.8,71.1,36.7,70.0,23,46,10.1,PASS
S0250,Female,21,Computer Science,PHY101,78.5,86.6,75.2,57.4,30.1,86.4,30,98,18.2,PASS
S0251,Male,22,Computer Science,ENG101,76.2,74.2,49.3,43.6,50.6,81.9,45,111,15.6,PASS
S0252,Male,23,Mathematics,PHY101,80.1,88.9,58.3,42.0,38.1,63.7,41,112,20.3,PASS
S0253,Female,18,Computer Science,ENG101,90.1,88.0,79.9,53.3,58.9,88.8,41,86,19.1,PASS
S0254,Male,21,Business,CS101,68.9,73.4,73.9,71.5,52.8,71.0,44,73,15.6,PASS
S0255,Male,28,Computer Science,PHY101,60.2,60.6,63.4,54.7,32.7,83.8,36,46,10.8,PASS
S0256,Female,29,Engineering,MATH101,52.5,56.3,59.3,48.4,29.5,70.7,39,66,5.8,FAIL
S0257,Female,27,Computer Science,CS201,72.8,82.8,87.1,40.3,45.7,85.4,43,70,14.6,PASS
S0258,Female,22,Computer Science,CS101,47.0,49.1,30.2,44.4,20.3,85.8,40,92,8.6,FAIL
S0259,Female,24,Mathematics,MATH101,94.0,100.0,68.0,71.8,57.5,84.0,47,100,14.4,PASS
S0260,Male,22,Mathematics,CS101,76.3,71.8,71.2,83.1,48.3,81.6,43,89,16.9,PASS
S0261,Female,18,Computer Science,BUS101,85.2,80.6,61.9,75.9,40.5,98.1,43,82,20.3,PASS
S0262,Female,28,Engineering,CS101,78.4,70.2,74.8,63.5,61.4,89.2,40,69,18.0,PASS
S0263,Male,24,Engineering,CS101,46.0,40.7,52.6,38.7,6.9,73.0,37,54,13.0,FAIL
S0264,Male,25,Mathematics,BUS101,62.3,69.9,76.3,68.6,47.1,93.4,31,66,11.9,PASS
S0265,Female,24,Mathematics,PHY101,100.0,100.0,80.9,75.8,76.6,87.9,58,112,16.2,PASS
S0266,Female,28,Engineering,CS201,100.0,98.7,92.1,85.6,69.5,87.7,42,79,16.9,PASS
S0267,Female,21,Business,MATH101,52.0,53.1,62.0,56.7,18.5,66.6,33,84,15.9,PASS
S0268,Female,25,Mathematics,ENG101,72.8,76.2,73.9,67.5,54.0,87.4,39,131,15.3,PASS
S0269,Male,22,Computer Science,CS201,80.2,84.1,79.1,73.7,73.4,73.7,49,84,22.6,PASS
S0270,Male,27,Engineering,CS101,92.8,93.9,93.1,66.4,53.5,100.0,58,102,22.1,PASS
S0271,Female,26,Physics,ENG101,59.9,66.8,69.2,45.8,35.9,72.3,40,81,19.4,PASS
S0272,Female,29,Business,BUS101,94.9,90.0,72.3,74.6,66.2,93.0,60,78,19.3,PASS
S0273,Female,29,Engineering,CS201,68.2,66.5,60.3,56.3,30.5,80.9,35,68,15.9,PASS
S0274,Female,27,Engineering,PHY101,95.7,100.0,76.7,69.7,39.0,93.9,47,91,15.2,PASS
S0275,Male,22,Engineering,MATH101,100.0,100.0,73.0,68.8,65.1,94.0,39,99,20.1,PASS
S0276,Male,18,Engineering,CS201,57.8,59.6,64.9,73.7,35.1,78.3,28,108,16.2,PASS
S0277,Female,29,Business,CS201,45.4,42.7,83.4,28.8,14.8,70.0,41,63,19.5,PASS
S0278,Female,26,Engineering,PHY101,96.7,100.0,74.6,84.7,62.6,91.6,47,86,17.7,PASS
S0279,Female,29,Business,ENG101,81.2,76.6,73.2,66.3,44.5,96.8,41,77,13.9,PASS
S0280,Female,22,Mathematics,BUS101,89.0,94.9,81.4,64.6,57.9,83.7,40,112,21.6,PASS
S0281,Female,23,Computer Science,PHY101,94.8,100.0,89.2,75.2,59.1,77.2,54,89,16.4,PASS
S0282,Male,21,Engineering,BUS101,45.8,42.9,50.6,38.2,29.1,80.2,30,98,10.5,FAIL
S0283,Male,23,Engineering,PHY101,59.1,72.0,47.5,52.4,35.3,80.3,28,85,19.7,PASS
S0284,Male,29,Business,CS201,86.9,81.9,86.6,70.3,31.1,99.6,46,117,16.8,PASS
S0285,Female,25,Computer Science,BUS101,44.9,43.9,67.2,57.6,8.9,78.9,38,74,14.3,PASS
S0286,Male,20,Business,ENG101,68.0,67.0,75.4,55.6,62.4,92.9,39,81,19.5,PASS
S0287,Male,22,Mathematics,ENG101,79.0,78.5,93.5,71.4,64.0,100.0,39,93,15.1,PASS
S0288,Female,19,Engineering,MATH101,77.8,84.9,55.9,62.9,43.4,80.5,44,109,16.0,PASS
S0289,Male,19,Physics,BUS101,58.1,60.3,47.3,45.1,40.0,76.4,27,83,13.3,PASS
S0290,Female,24,Physics,MATH101,80.5,76.4,73.0,42.9,28.3,95.2,49,98,17.7,PASS
S0291,Male,27,Computer Science,PHY101,99.3,99.9,70.4,66.1,41.7,90.6,53,101,16.9,PASS
S0292,Male,27,Computer Science,CS101,74.6,77.9,60.8,49.2,9.4,78.3,50,84,15.0,PASS
S0293,Female,28,Physics,ENG101,87.2,89.8,81.9,66.8,39.4,83.5,39,102,9.5,PASS
S0294,Male,27,Physics,CS201,66.6,72.7,64.8,43.8,32.2,73.8,27,87,11.8,PASS
S0295,Male,23,Computer Science,ENG101,66.1,66.6,85.7,66.7,48.2,59.7,28,87,16.4,PASS
S0296,Female,21,Computer Science,CS101,45.3,49.3,38.9,58.5,24.4,80.1,26,54,14.4,FAIL
S0297,Female,22,Computer Science,CS201,59.8,59.1,63.3,62.5,39.1,70.7,28,72,16.2,PASS
S0298,Male,18,Physics,BUS101,78.4,75.2,90.3,66.9,42.6,69.0,48,90,21.7,PASS
S0299,Female,24,Computer Science,BUS101,28.6,22.9,47.1,41.4,15.6,77.4,25,45,12.4,FAIL
S0300,Male,25,Engineering,ENG101,99.6,100.0,64.2,74.0,55.4,75.5,48,111,18.6,PASS
S0301,Male,26,Mathematics,CS201,91.8,84.2,75.9,82.0,58.2,98.8,43,78,21.1,PASS
S0302,Female,25,Computer Science,PHY101,63.6,64.9,45.9,34.5,5.3,85.8,38,70,11.0,PASS
S0303,Female,22,Business,CS201,85.1,87.1,69.0,58.5,51.0,90.0,51,98,15.0,PASS
S0304,Female,20,Computer Science,MATH101,64.9,60.0,39.0,51.4,37.1,67.7,52,62,15.5,PASS
S0305,Female,27,Mathematics,CS101,53.8,58.3,66.0,49.5,52.3,57.9,43,87,10.2,FAIL
S0306,Female,28,Computer Science,BUS101,45.1,38.4,57.3,45.7,29.8,66.3,34,54,6.6,PASS
S0307,Male,26,Business,ENG101,54.2,51.3,40.0,35.8,51.6,50.9,34,83,14.2,FAIL
S0308,Male,23,Business,CS201,70.5,75.3,72.2,69.6,32.8,57.8,51,78,18.5,PASS
S0309,Female,22,Computer Science,BUS101,72.0,65.5,72.8,59.7,34.2,90.2,34,88,19.1,PASS
S0310,Male,20,Computer Science,ENG101,83.3,87.3,71.9,75.2,70.1,100.0,45,88,21.8,PASS
S0311,Male,23,Engineering,BUS101,23.9,29.5,47.7,44.3,11.5,68.4,18,51,11.4,FAIL
S0312,Male,20,Computer Science,ENG101,58.4,63.8,70.7,55.6,25.4,77.9,47,44,12.2,PASS
S0313,Male,27,Mathematics,BUS101,47.1,49.0,55.7,72.1,28.5,68.1,45,55,11.8,PASS
S0314,Female,29,Mathematics,PHY101,69.4,65.2,63.4,73.1,44.0,89.8,30,59,14.4,PASS
S0315,Female,23,Engineering,MATH101,66.9,62.0,53.0,55.0,55.0,64.6,29,74,14.7,PASS
S0316,Female,21,Business,CS101,70.5,68.0,50.8,79.9,32.7,83.1,37,95,17.0,PASS
S0317,Male,19,Business,BUS101,77.2,61.9,57.4,68.8,55.2,100.0,48,113,15.3,PASS
S0318,Male,25,Mathematics,CS101,78.8,79.0,52.5,70.7,68.3,85.3,37,106,14.5,PASS
S0319,Male,21,Engineering,BUS101,61.2,60.6,73.5,34.1,50.1,75.4,32,93,14.3,PASS
S0320,Male,26,Computer Science,CS201,72.3,72.7,50.6,67.5,65.1,97.0,47,110,21.6,PASS
S0321,Female,24,Computer Science,MATH101,79.6,78.4,72.0,68.8,47.9,100.0,46,107,20.0,PASS
S0322,Female,29,Engineering,PHY101,80.4,81.2,68.2,51.0,55.5,99.1,43,118,13.8,PASS
S0323,Female,19,Engineering,MATH101,50.9,51.3,48.5,34.2,21.3,74.4,36,79,10.5,PASS
S0324,Male,21,Engineering,CS101,49.9,42.6,65.1,49.8,59.5,83.4,37,83,15.3,PASS
S0325,Female,22,Computer Science,CS201,71.1,72.4,68.0,65.7,53.4,96.5,48,66,16.1,PASS
S0326,Female,20,Business,ENG101,63.2,63.1,68.2,60.5,40.7,74.0,46,61,12.0,PASS
S0327,Female,26,Computer Science,MATH101,85.7,77.1,94.3,61.7,50.8,76.9,41,104,20.7,PASS
S0328,Female,22,Computer Science,PHY101,54.2,58.7,50.7,48.5,6.9,80.5,35,60,12.3,FAIL
S0329,Male,19,Engineering,CS201,43.8,42.4,50.3,33.1,0.3,63.0,28,73,12.0,FAIL
S0330,Male,28,Computer Science,CS201,56.6,59.8,63.9,75.0,20.8,65.0,40,105,12.2,PASS
S0331,Male,20,Business,CS101,58.8,58.6,44.3,43.2,28.8,72.1,30,79,10.0,PASS
S0332,Female,26,Engineering,PHY101,66.4,57.5,60.5,39.2,47.6,71.5,31,91,13.1,PASS
S0333,Male,24,Engineering,CS201,67.9,69.1,90.3,70.9,50.4,70.6,37,80,16.5,PASS
S0334,Male,19,Engineering,CS201,86.3,88.8,57.2,76.5,51.8,87.4,29,108,16.4,PASS
S0335,Male,26,Computer Science,ENG101,77.0,82.8,68.7,67.5,50.1,85.9,14,99,14.6,PASS
S0336,Male,21,Computer Science,CS101,90.0,94.6,91.3,58.2,51.8,73.2,50,106,14.7,PASS
S0337,Female,26,Mathematics,CS101,84.7,90.7,71.4,49.9,64.0,89.3,49,104,17.9,PASS
S0338,Female,19,Engineering,PHY101,84.8,88.5,60.2,61.5,42.1,87.3,37,85,18.0,PASS
S0339,Male,29,Engineering,CS201,43.6,41.1,46.1,49.3,22.4,62.9,32,111,8.8,PASS
S0340,Male,27,Computer Science,ENG101,66.3,63.9,55.4,44.2,42.1,80.2,51,80,15.1,PASS
S0341,Male,29,Engineering,BUS101,96.0,100.0,87.0,83.7,48.3,91.5,47,94,19.7,PASS
S0342,Male,21,Business,MATH101,81.4,79.5,64.2,44.3,30.9,88.1,54,78,17.9,PASS
S0343,Male,22,Business,CS101,100.0,100.0,91.2,82.6,64.3,98.9,44,100,20.5,PASS
S0344,Male,19,Business,ENG101,53.8,62.3,59.1,31.8,59.3,84.3,37,80,11.0,PASS
S0345,Male,27,Computer Science,PHY101,100.0,96.9,84.6,71.7,61.4,90.4,53,97,20.7,PASS
S0346,Female,18,Computer Science,ENG101,72.2,75.8,46.5,39.0,52.3,72.7,37,106,15.7,PASS
S0347,Female,24,Mathematics,CS201,39.4,35.4,79.2,62.6,19.6,67.1,29,74,11.4,FAIL
S0348,Male,27,Physics,MATH101,45.9,48.9,48.2,57.0,32.4,75.9,32,87,14.1,PASS
S0349,Male,18,Computer Science,CS101,85.5,93.6,65.2,96.0,34.4,98.6,39,64,20.5,PASS
S0350,Female,28,Engineering,BUS101,60.2,66.9,50.0,48.2,23.1,55.1,39,76,15.7,FAIL
S0351,Male,28,Computer Science,CS201,61.1,59.2,48.1,49.3,44.0,79.4,47,89,15.3,PASS
S0352,Female,25,Computer Science,CS101,75.7,83.6,73.5,47.1,42.6,81.2,52,73,20.0,PASS
S0353,Female,20,Engineering,PHY101,37.0,35.9,40.5,49.3,2.2,73.9,46,55,8.1,FAIL
S0354,Male,27,Computer Science,CS101,68.8,80.3,61.1,90.7,36.3,66.9,37,84,12.0,PASS
S0355,Male,23,Business,ENG101,94.7,94.8,80.6,89.3,67.9,97.5,44,97,22.9,PASS
S0356,Female,24,Engineering,MATH101,77.1,80.4,58.2,66.9,38.8,82.9,48,80,19.9,PASS
S0357,Male,27,Computer Science,BUS101,63.2,66.4,60.2,54.3,10.7,76.3,50,78,17.0,PASS
S0358,Female,18,Computer Science,MATH101,59.6,54.1,60.6,35.6,56.9,81.9,46,94,13.1,PASS
S0359,Female,23,Mathematics,ENG101,85.0,91.9,62.6,73.9,52.4,88.8,50,87,22.6,PASS
S0360,Female,24,Computer Science,BUS101,54.3,55.4,64.1,46.3,52.1,76.6,30,58,10.7,PASS
S0361,Male,23,Business,BUS101,90.6,87.9,86.4,50.3,58.6,81.7,41,95,16.8,PASS
S0362,Female,21,Engineering,CS201,60.2,56.4,58.7,52.4,28.3,75.9,42,73,10.5,PASS
S0363,Male,18,Business,BUS101,54.2,51.2,50.2,40.4,36.8,76.5,39,92,11.5,FAIL
S0364,Female,28,Engineering,CS101,82.7,82.3,69.6,60.7,53.4,100.0,43,115,17.6,PASS
S0365,Female,26,Computer Science,MATH101,83.9,78.6,71.9,61.2,72.4,86.3,49,76,16.1,PASS
S0366,Male,21,Computer Science,PHY101,38.7,34.6,38.1,18.4,38.6,78.3,32,76,12.5,FAIL
S0367,Female,24,Computer Science,PHY101,61.1,52.5,50.5,53.5,44.9,87.0,44,47,15.2,PASS
S0368,Female,24,Engineering,MATH101,90.5,86.5,82.0,73.3,58.9,87.4,43,106,20.4,PASS
S0369,Male,19,Business,CS201,76.8,83.6,65.7,46.5,47.0,96.7,32,94,19.8,PASS
S0370,Male,18,Computer Science,BUS101,53.0,59.0,58.8,70.4,24.8,59.1,26,78,16.5,PASS
S0371,Male,25,Computer Science,ENG101,72.8,74.2,58.3,50.6,56.6,85.0,36,86,16.1,PASS
S0372,Male,25,Engineering,CS101,81.6,92.2,75.5,48.2,43.9,95.6,40,76,17.8,PASS
S0373,Male,24,Business,CS201,53.2,59.3,45.3,68.0,29.0,81.1,36,64,11.1,PASS
S0374,Female,25,Physics,BUS101,62.0,64.2,47.0,59.9,38.0,60.7,32,67,20.5,FAIL
S0375,Male,20,Business,PHY101,77.5,80.3,65.5,74.6,39.0,86.2,34,93,12.8,PASS
S0376,Male,28,Engineering,ENG101,58.4,58.8,66.0,69.6,29.7,77.1,25,57,10.9,PASS
S0377,Female,19,Business,BUS101,68.3,62.0,53.9,33.2,41.0,81.2,42,60,13.8,PASS
S0378,Male,24,Physics,CS201,52.2,50.9,53.2,75.8,30.4,72.5,35,98,5.5,FAIL
S0379,Female,25,Mathematics,ENG101,67.2,54.2,55.6,32.7,57.8,88.6,42,86,14.4,PASS
S0380,Male,18,Engineering,ENG101,89.6,84.2,50.5,50.6,35.4,85.5,43,72,18.6,PASS
S0381,Male,29,Computer Science,ENG101,49.2,56.1,44.0,34.5,36.3,87.6,49,89,10.2,PASS
S0382,Female,27,Computer Science,ENG101,45.5,45.9,53.4,61.2,21.5,75.2,24,60,12.1,PASS
S0383,Female,26,Engineering,BUS101,61.4,56.1,38.8,57.5,32.7,72.5,39,71,10.0,FAIL
S0384,Female,28,Business,ENG101,96.3,98.9,73.3,77.3,29.3,100.0,31,98,16.5,PASS
S0385,Female,21,Engineering,BUS101,58.9,61.9,45.6,28.0,26.4,69.8,41,59,15.5,PASS
S0386,Female,29,Computer Science,ENG101,68.9,76.6,53.4,57.6,47.6,77.3,34,93,16.8,PASS
S0387,Male,21,Business,ENG101,55.7,64.6,66.8,81.3,25.1,80.0,26,69,13.9,PASS
S0388,Male,20,Mathematics,CS201,65.1,69.0,65.8,71.9,33.4,64.7,43,45,16.9,PASS
S0389,Female,23,Computer Science,BUS101,64.5,56.9,72.7,54.8,35.0,81.3,30,88,14.5,PASS
S0390,Female,18,Business,PHY101,46.0,57.4,50.5,65.7,30.0,67.9,27,93,13.6,PASS
S0391,Female,23,Engineering,BUS101,49.3,56.0,67.0,51.4,49.5,97.4,43,93,10.9,PASS
S0392,Male,19,Mathematics,MATH101,66.1,70.3,73.0,57.8,38.8,77.4,41,64,11.4,PASS
S0393,Male,26,Mathematics,PHY101,80.2,80.1,63.6,54.5,82.8,74.0,41,97,17.2,PASS
S0394,Female,19,Engineering,CS201,53.8,46.1,48.5,54.1,63.3,79.6,37,70,16.0,PASS
S0395,Male,24,Business,BUS101,100.0,97.2,65.3,68.9,79.7,91.1,47,104,19.5,PASS
S0396,Female,29,Mathematics,CS201,53.0,52.7,52.2,55.6,44.0,84.0,41,56,10.9,PASS
S0397,Female,18,Engineering,PHY101,37.6,35.6,52.5,9.9,26.7,62.7,30,59,12.0,FAIL
S0398,Male,29,Engineering,CS201,84.1,89.6,86.9,74.0,68.7,100.0,38,76,13.1,PASS
S0399,Female,24,Mathematics,CS201,63.4,63.0,42.9,46.3,63.4,82.7,27,54,16.2,PASS
S0400,Female,22,Computer Science,CS101,73.3,69.4,68.5,76.8,45.3,74.7,51,70,12.3,PASS
S0401,Male,25,Engineering,BUS101,100.0,100.0,86.7,64.0,63.2,91.2,39,101,21.0,PASS
S0402,Female,21,Mathematics,CS201,57.9,53.7,60.5,40.8,44.0,83.8,43,59,17.2,PASS
S0403,Male,29,Business,CS101,76.2,68.0,67.0,48.6,44.5,87.8,36,88,13.4,PASS
S0404,Female,27,Engineering,CS101,96.3,98.8,77.9,81.7,75.5,76.8,44,108,24.7,PASS
S0405,Male,24,Computer Science,ENG101,61.4,61.0,64.1,56.9,22.0,59.1,48,98,17.1,PASS
S0406,Female,23,Engineering,ENG101,91.5,92.2,80.1,61.4,59.0,73.8,42,122,20.7,PASS
S0407,Male,22,Computer Science,PHY101,54.3,61.1,40.8,34.8,18.3,78.5,34,88,11.9,FAIL
S0408,Male,21,Computer Science,BUS101,66.1,67.4,72.2,68.6,39.2,83.6,49,65,18.0,PASS
S0409,Female,24,Business,ENG101,77.8,80.6,60.6,73.8,37.8,56.7,48,97,16.9,PASS
S0410,Male,29,Computer Science,PHY101,90.2,90.3,51.7,72.3,53.4,89.9,52,109,19.4,PASS
S0411,Male,22,Engineering,BUS101,52.3,56.3,56.0,64.1,11.2,68.3,29,62,17.8,PASS
S0412,Female,22,Engineering,PHY101,66.8,56.2,47.5,50.7,47.3,67.9,33,100,15.9,PASS
S0413,Female,18,Physics,CS101,61.2,57.3,58.5,38.5,32.1,72.1,43,72,14.7,PASS
S0414,Female,19,Engineering,CS101,54.2,52.3,60.1,46.0,45.3,76.8,36,78,13.2,PASS
S0415,Female,22,Computer Science,BUS101,62.6,60.2,62.0,65.4,36.9,77.9,38,98,12.3,PASS
S0416,Male,20,Computer Science,PHY101,62.8,58.9,71.6,52.8,47.8,56.5,29,74,15.8,PASS
S0417,Male,19,Business,PHY101,65.0,64.6,57.2,54.8,33.4,94.0,34,78,14.2,PASS
S0418,Male,21,Business,ENG101,80.0,79.3,57.8,84.5,57.6,90.5,30,104,21.1,PASS
S0419,Female,21,Engineering,ENG101,61.6,61.2,62.9,74.5,62.3,80.0,39,88,18.0,PASS
S0420,Female,21,Engineering,BUS101,59.1,60.1,61.4,58.2,26.3,60.6,41,47,12.8,FAIL
S0421,Female,21,Computer Science,MATH101,45.1,47.6,30.5,58.3,36.8,65.3,41,50,11.4,PASS
S0422,Female,20,Engineering,ENG101,55.2,51.4,65.5,38.7,18.2,75.9,25,74,9.8,FAIL
S0423,Male,29,Engineering,CS201,73.9,71.2,47.7,65.8,42.7,89.9,48,82,9.3,PASS
S0424,Male,24,Computer Science,ENG101,69.9,74.5,71.8,64.2,19.8,91.8,40,73,16.9,PASS
S0425,Male,26,Computer Science,MATH101,72.9,68.2,69.1,66.8,51.7,100.0,50,118,14.4,PASS
S0426,Female,29,Computer Science,PHY101,46.3,42.2,62.1,31.6,20.7,75.4,19,89,13.9,FAIL
S0427,Male,22,Computer Science,CS101,94.1,90.2,67.8,45.7,65.4,81.7,60,59,16.5,PASS
S0428,Female,21,Business,CS101,76.9,75.9,46.2,54.5,49.8,90.6,41,105,15.8,PASS
S0429,Male,28,Computer Science,PHY101,96.3,100.0,83.7,58.0,54.9,79.0,50,83,19.1,PASS
S0430,Male,19,Computer Science,CS101,53.2,55.8,50.4,33.7,41.2,79.5,29,75,12.6,PASS
S0431,Male,19,Computer Science,ENG101,64.8,60.4,74.1,89.7,51.6,100.0,32,59,9.1,PASS
S0432,Female,22,Physics,CS101,97.6,100.0,72.1,85.1,53.6,86.2,53,117,22.1,PASS
S0433,Female,24,Mathematics,MATH101,65.0,61.5,68.5,61.2,52.2,73.2,37,86,14.4,PASS
S0434,Male,27,Computer Science,MATH101,70.5,62.4,63.0,56.3,39.6,67.3,54,106,11.8,PASS
S0435,Male,27,Engineering,ENG101,55.2,64.3,47.9,56.8,0.2,78.0,34,82,16.9,FAIL
S0436,Female,26,Computer Science,PHY101,87.5,83.3,77.6,65.6,55.1,71.3,53,87,21.9,PASS
S0437,Male,24,Engineering,CS201,48.1,47.6,31.7,48.4,21.1,63.4,33,62,12.7,FAIL
S0438,Female,22,Computer Science,ENG101,67.1,66.5,66.6,68.0,35.7,66.7,17,59,14.8,PASS
S0439,Female,27,Business,CS101,43.5,46.4,56.7,48.5,1.9,83.6,30,67,10.7,FAIL
S0440,Male,27,Engineering,ENG101,50.1,40.9,43.0,69.3,33.7,73.4,41,78,9.4,FAIL
S0441,Male,27,Mathematics,MATH101,88.7,87.2,66.3,61.5,44.9,100.0,48,62,18.0,PASS
S0442,Female,23,Computer Science,ENG101,53.8,51.9,71.1,44.1,26.0,78.3,32,89,7.1,PASS
S0443,Male,28,Mathematics,ENG101,80.6,87.7,69.8,65.5,61.1,79.7,46,92,20.3,PASS
S0444,Male,29,Mathematics,CS201,72.2,69.5,43.3,45.3,18.0,87.8,52,81,13.6,PASS
S0445,Female,20,Computer Science,MATH101,86.9,85.3,67.3,65.2,56.6,92.5,55,77,13.4,PASS
S0446,Female,22,Engineering,BUS101,90.2,94.0,77.6,72.7,58.8,99.0,35,77,14.9,PASS
S0447,Female,25,Computer Science,BUS101,94.1,96.7,74.9,68.0,59.3,79.4,48,95,18.9,PASS
S0448,Female,18,Computer Science,MATH101,66.0,62.4,62.3,44.7,52.9,80.0,41,81,16.1,PASS
S0449,Male,29,Computer Science,BUS101,79.7,81.9,66.3,59.8,58.5,72.3,35,58,15.8,PASS
S0450,Male,18,Business,CS101,80.3,76.6,52.3,59.0,49.8,86.5,38,124,15.2,PASS
S0451,Female,24,Engineering,BUS101,74.8,78.8,63.6,55.3,35.8,55.5,35,72,13.4,PASS
S0452,Female,22,Physics,CS101,91.3,90.5,96.8,88.7,49.4,77.5,40,113,21.4,PASS
S0453,Male,22,Computer Science,MATH101,48.4,42.2,66.5,31.1,28.8,66.9,22,67,14.0,FAIL
S0454,Female,18,Physics,BUS101,90.2,79.5,59.4,63.2,26.1,86.9,46,103,19.3,PASS
S0455,Male,26,Computer Science,BUS101,75.3,73.4,63.5,52.0,39.2,92.9,48,83,12.7,PASS
S0456,Male,18,Mathematics,PHY101,64.5,60.6,82.6,53.9,53.0,61.9,34,76,13.2,PASS
S0457,Male,22,Engineering,CS101,97.3,96.1,94.9,50.5,53.7,97.7,60,100,18.1,PASS
S0458,Male,27,Computer Science,CS101,60.0,59.8,45.4,61.5,45.7,81.4,48,72,19.1,PASS
S0459,Male,26,Mathematics,ENG101,94.2,84.6,72.6,65.2,67.0,92.4,46,114,19.4,PASS
S0460,Male,21,Engineering,CS201,41.1,37.5,54.9,61.1,39.2,69.6,30,49,9.5,FAIL
S0461,Male,25,Business,BUS101,100.0,99.4,90.0,75.0,56.2,97.2,60,97,25.3,PASS
S0462,Female,23,Business,PHY101,65.3,65.8,52.7,60.4,36.1,77.7,34,71,17.1,PASS
S0463,Female,28,Engineering,CS201,62.7,66.7,69.3,57.3,41.3,69.9,41,91,16.8,PASS
S0464,Female,20,Engineering,PHY101,37.2,42.0,53.6,71.5,12.8,69.2,39,35,14.5,FAIL
S0465,Female,21,Business,CS201,67.0,65.8,58.6,47.6,31.8,81.2,36,101,18.0,PASS
S0466,Male,19,Computer Science,BUS101,54.3,53.5,78.2,56.6,44.6,65.9,36,61,11.7,PASS
S0467,Male,18,Business,PHY101,100.0,97.6,76.9,80.3,51.7,65.7,40,108,19.5,PASS
S0468,Female,25,Mathematics,CS101,76.2,79.5,69.3,41.2,51.8,89.5,34,55,17.6,PASS
S0469,Male,18,Computer Science,ENG101,55.5,53.6,59.8,53.3,38.1,69.1,49,69,13.7,FAIL
S0470,Female,28,Computer Science,PHY101,53.4,48.6,61.1,34.9,31.9,50.5,39,69,7.6,PASS
S0471,Male,18,Business,MATH101,44.5,36.2,60.2,45.6,29.9,74.5,39,73,7.5,FAIL
S0472,Female,21,Engineering,BUS101,85.3,80.5,69.8,55.8,59.3,84.0,49,100,17.7,PASS
S0473,Male,27,Engineering,BUS101,86.6,85.3,81.7,77.1,69.2,72.4,47,125,12.7,PASS
S0474,Female,29,Computer Science,MATH101,62.3,67.2,83.9,44.2,26.1,72.1,34,72,10.4,PASS
S0475,Female,27,Engineering,CS201,100.0,100.0,99.1,81.7,48.3,99.7,60,109,18.5,PASS
S0476,Female,23,Computer Science,ENG101,65.8,66.4,58.2,40.4,38.3,64.0,29,75,15.1,PASS
S0477,Male,26,Engineering,CS201,91.1,91.1,70.2,76.7,58.9,81.8,38,100,20.5,PASS
S0478,Female,18,Mathematics,MATH101,83.2,89.6,77.0,64.7,53.3,89.3,40,67,20.2,PASS
S0479,Female,24,Computer Science,MATH101,46.6,49.1,53.2,52.0,48.6,58.7,37,76,12.9,PASS
S0480,Female,27,Engineering,ENG101,78.4,78.4,65.8,63.5,35.6,100.0,45,74,19.7,PASS
S0481,Female,28,Physics,MATH101,61.9,58.9,62.0,70.0,17.3,87.2,32,54,12.0,PASS
S0482,Female,22,Business,MATH101,43.8,37.5,70.1,36.6,32.4,90.2,30,70,8.6,PASS
S0483,Male,29,Mathematics,PHY101,79.7,87.9,71.9,62.7,50.5,83.7,40,91,16.4,PASS
S0484,Female,25,Engineering,ENG101,88.1,92.1,79.2,65.8,51.2,100.0,48,89,20.2,PASS
S0485,Female,24,Mathematics,BUS101,56.9,55.9,40.4,68.7,43.8,78.4,33,84,16.0,PASS
S0486,Female,21,Computer Science,CS201,52.6,61.5,54.2,53.0,11.9,72.9,49,103,16.6,PASS
S0487,Male,21,Computer Science,BUS101,61.1,61.0,51.1,39.3,15.9,67.0,36,66,15.8,FAIL
S0488,Male,23,Computer Science,BUS101,66.2,62.1,58.6,37.1,15.7,82.5,38,95,20.8,PASS
S0489,Female,23,Engineering,PHY101,57.1,63.2,76.7,52.7,25.7,70.4,43,67,15.9,PASS
S0490,Female,26,Mathematics,CS201,86.0,79.6,85.2,67.5,66.2,78.7,50,98,17.7,PASS
S0491,Male,29,Engineering,BUS101,73.5,71.5,71.6,61.2,26.3,83.4,51,85,19.0,PASS
S0492,Female,22,Business,ENG101,64.4,58.4,60.4,57.4,39.1,96.8,47,105,19.3,PASS
S0493,Male,25,Business,CS201,57.7,53.7,72.5,65.4,38.3,90.5,35,78,9.4,PASS
S0494,Male,22,Business,CS101,38.5,39.5,27.8,27.8,41.7,79.7,41,69,9.5,FAIL
S0495,Male,19,Engineering,PHY101,50.3,52.0,24.1,3.6,19.8,74.6,32,91,9.5,FAIL
S0496,Male,23,Business,BUS101,57.3,51.8,57.7,46.2,23.5,78.0,28,86,13.2,PASS
S0497,Female,26,Engineering,MATH101,74.9,83.9,83.9,73.1,57.3,97.1,42,97,14.6,PASS
S0498,Male,20,Computer Science,CS201,70.1,59.7,47.9,55.2,29.2,86.1,44,104,17.1,PASS
S0499,Female,18,Physics,CS101,65.6,66.3,75.6,90.1,53.9,53.0,41,86,18.7,PASS
S0500,Female,18,Computer Science,MATH101,57.6,58.4,31.8,43.3,38.9,100.0,41,101,17.4,PASS
S0501,Female,20,Computer Science,CS101,63.3,64.6,55.9,49.1,16.8,78.7,33,59,17.1,PASS
S0502,Female,27,Mathematics,BUS101,39.7,44.0,26.9,49.1,31.6,72.4,37,67,11.9,FAIL
S0503,Male,22,Engineering,MATH101,80.0,64.8,67.0,79.2,53.4,86.0,55,89,14.3,PASS
S0504,Female,20,Business,BUS101,44.3,40.4,46.6,45.7,23.7,73.9,27,60,15.2,FAIL
S0505,Female,26,Engineering,MATH101,51.8,52.5,60.1,66.6,23.5,73.5,43,86,16.7,PASS
S0506,Male,25,Engineering,CS201,76.4,84.9,64.6,57.0,65.2,67.9,46,92,6.7,PASS
S0507,Female,20,Computer Science,ENG101,52.0,49.1,66.7,51.3,1.8,63.0,41,44,19.2,FAIL
S0508,Female,26,Engineering,ENG101,35.6,34.6,55.0,50.8,3.2,87.8,24,86,5.8,FAIL
S0509,Female,23,Engineering,CS101,97.5,100.0,72.9,55.4,52.1,82.0,50,114,17.1,PASS
S0510,Female,24,Business,PHY101,60.3,54.3,50.6,42.4,42.0,89.1,38,83,15.9,PASS
S0511,Female,21,Engineering,MATH101,43.7,43.8,47.0,50.9,26.2,76.0,33,77,8.3,PASS
S0512,Male,21,Physics,BUS101,93.8,93.3,71.5,63.5,47.8,65.0,50,79,19.0,PASS
S0513,Female,29,Computer Science,PHY101,94.5,91.5,71.4,71.6,63.1,75.7,53,83,15.8,PASS
S0514,Female,19,Engineering,CS201,58.1,60.6,48.2,63.4,14.0,69.4,49,37,15.8,PASS
S0515,Male,22,Business,CS201,88.3,99.1,78.9,59.5,57.3,93.6,55,83,17.6,PASS
S0516,Male,25,Physics,CS201,54.6,55.4,51.7,36.7,29.1,73.8,44,76,11.9,PASS
S0517,Male,24,Computer Science,ENG101,72.4,61.2,69.3,75.6,51.5,89.0,52,94,18.0,PASS
S0518,Female,24,Business,BUS101,77.0,72.7,62.1,60.5,52.1,80.2,45,70,15.3,PASS
S0519,Female,23,Mathematics,CS201,100.0,100.0,92.1,67.0,69.1,96.2,43,114,23.1,PASS
S0520,Male,20,Computer Science,CS201,39.4,38.2,29.0,45.0,16.3,61.1,33,71,8.8,FAIL
S0521,Female,22,Mathematics,CS101,96.1,90.3,100.0,94.7,48.8,83.9,52,113,16.8,PASS
S0522,Male,18,Computer Science,MATH101,82.9,86.7,70.9,81.1,52.1,88.0,51,104,17.9,PASS
S0523,Female,24,Business,MATH101,79.7,76.5,84.8,70.0,30.3,80.9,48,92,18.1,PASS
S0524,Female,26,Physics,MATH101,55.9,56.1,47.9,65.9,60.2,77.1,35,84,13.1,PASS
S0525,Female,18,Business,PHY101,59.3,53.6,62.7,57.3,54.8,78.2,47,70,12.3,PASS
S0526,Male,19,Engineering,CS101,72.4,70.3,64.8,56.2,24.7,89.5,44,85,12.7,PASS
S0527,Male,20,Computer Science,ENG101,83.2,83.1,71.7,68.1,52.7,85.4,43,94,18.0,PASS
S0528,Male,20,Physics,PHY101,74.8,74.3,75.4,73.0,59.0,81.3,29,100,16.7,PASS
S0529,Male,25,Engineering,CS101,62.7,64.5,63.6,51.9,32.9,82.1,42,82,13.7,PASS
S0530,Female,24,Computer Science,CS201,73.7,74.7,51.2,57.5,35.2,87.5,33,117,21.2,PASS
S0531,Female,23,Business,BUS101,54.9,49.8,32.4,40.5,47.1,77.7,28,79,11.2,PASS
S0532,Female,27,Engineering,PHY101,75.9,84.3,56.8,65.6,61.8,71.8,46,51,22.5,PASS
S0533,Female,27,Computer Science,PHY101,40.0,39.2,65.7,45.9,4.6,80.3,36,63,10.1,FAIL
S0534,Female,28,Computer Science,CS201,83.6,76.9,64.0,62.7,51.6,91.5,36,78,20.9,PASS
S0535,Female,21,Computer Science,CS201,90.7,79.6,82.4,43.2,53.0,83.9,44,90,19.6,PASS
S0536,Female,26,Business,BUS101,52.5,52.8,52.9,70.1,10.4,81.0,35,59,16.6,FAIL
S0537,Female,18,Business,MATH101,57.1,52.5,58.7,62.2,15.0,96.2,44,53,19.9,FAIL
S0538,Male,28,Engineering,PHY101,57.7,60.6,42.4,60.2,23.6,74.7,33,67,14.5,FAIL
S0539,Male,19,Mathematics,CS101,67.9,68.2,49.5,60.5,40.9,80.0,47,90,12.8,PASS
S0540,Male,21,Mathematics,ENG101,79.8,99.5,78.3,74.3,63.4,86.6,37,98,12.3,PASS
S0541,Female,20,Business,CS201,84.5,78.2,72.2,84.6,17.3,100.0,35,80,16.3,PASS
S0542,Female,18,Computer Science,CS201,100.0,100.0,81.6,88.1,61.4,91.8,59,111,23.7,PASS
S0543,Male,22,Business,ENG101,51.7,46.3,52.7,55.1,19.6,69.1,47,67,16.7,PASS
S0544,Female,24,Engineering,CS101,82.7,86.8,80.1,76.5,56.0,71.8,54,80,21.1,PASS
S0545,Female,19,Business,CS201,86.3,93.4,68.8,71.8,64.0,82.4,52,86,17.5,PASS
S0546,Male,22,Business,ENG101,95.9,94.2,85.8,67.4,70.1,88.3,50,62,22.6,PASS
S0547,Male,23,Engineering,CS201,60.0,56.4,32.3,44.6,34.8,84.1,43,76,15.6,FAIL
S0548,Female,28,Physics,MATH101,34.4,33.6,24.8,34.9,16.6,70.5,35,43,7.7,FAIL
S0549,Female,24,Computer Science,MATH101,73.7,70.0,59.2,55.2,60.2,82.7,56,78,14.8,PASS
S0550,Female,18,Business,CS201,100.0,100.0,87.7,85.2,56.0,91.9,44,88,25.6,PASS
S0551,Female,24,Computer Science,CS201,57.2,56.2,61.7,35.2,35.0,78.7,33,92,9.3,PASS
S0552,Female,21,Physics,MATH101,79.0,81.2,60.2,67.4,41.8,95.9,37,75,20.0,PASS
S0553,Female,25,Computer Science,CS201,31.3,33.6,37.1,46.7,22.8,60.0,40,99,6.6,FAIL
S0554,Female,21,Computer Science,CS101,100.0,100.0,94.8,72.6,43.6,100.0,50,88,20.4,PASS
S0555,Female,23,Engineering,CS101,55.6,53.3,47.4,37.3,29.8,90.3,31,70,18.2,PASS
S0556,Male,26,Engineering,BUS101,26.8,30.6,30.9,45.1,17.2,78.2,13,66,10.5,FAIL
S0557,Male,22,Computer Science,CS101,77.9,84.4,62.3,63.3,59.1,74.9,37,79,16.6,PASS
S0558,Male,29,Business,PHY101,70.8,70.0,71.2,71.8,40.4,79.8,43,99,15.0,PASS
S0559,Female,21,Engineering,PHY101,85.9,79.2,90.1,83.0,22.1,78.4,32,61,22.0,PASS
S0560,Female,25,Computer Science,PHY101,85.7,92.5,90.2,59.0,44.3,77.2,38,95,20.1,PASS
S0561,Female,26,Engineering,CS201,46.7,47.5,49.0,42.7,45.5,71.2,34,63,15.5,PASS
S0562,Male,21,Mathematics,CS201,69.0,69.0,70.0,65.7,43.3,79.3,39,95,18.5,PASS
S0563,Male,20,Business,ENG101,56.6,60.0,60.1,44.7,25.3,73.4,28,77,16.2,PASS
S0564,Male,25,Business,PHY101,60.6,67.8,50.2,32.6,24.3,78.5,32,87,15.0,FAIL
S0565,Male,22,Business,PHY101,87.4,86.3,66.5,64.1,56.9,94.5,44,107,16.1,PASS
S0566,Female,19,Engineering,CS101,80.2,86.5,82.5,45.2,39.9,91.7,47,111,18.5,PASS
S0567,Male,27,Computer Science,MATH101,58.6,59.0,53.0,12.1,35.5,81.4,42,85,13.1,FAIL
S0568,Male,26,Computer Science,MATH101,52.4,55.5,68.0,63.9,22.2,74.9,35,101,7.9,PASS
S0569,Female,20,Mathematics,BUS101,72.7,69.7,69.0,48.2,32.9,77.9,52,69,20.8,PASS
S0570,Male,29,Physics,ENG101,70.7,69.4,61.8,49.8,37.8,84.2,37,79,12.4,PASS
S0571,Male,19,Engineering,MATH101,66.7,72.1,53.6,58.6,38.5,89.9,32,73,13.9,PASS
S0572,Female,18,Computer Science,BUS101,51.8,42.0,56.2,52.9,30.4,88.6,21,76,10.0,PASS
S0573,Male,25,Computer Science,CS101,84.8,88.3,77.3,52.0,47.5,72.8,51,95,15.3,PASS
S0574,Female,28,Engineering,ENG101,77.4,79.3,40.9,77.7,59.6,82.4,43,80,13.6,PASS
S0575,Female,20,Business,ENG101,73.0,81.3,72.0,63.3,38.9,73.0,30,102,14.6,PASS
S0576,Female,24,Computer Science,PHY101,64.7,69.7,65.5,87.2,56.1,64.8,41,31,15.4,PASS
S0577,Male,18,Physics,CS201,86.2,87.1,77.1,55.2,49.8,97.4,53,109,18.8,PASS
S0578,Female,18,Engineering,PHY101,67.1,60.8,78.4,49.4,32.3,92.6,42,74,17.5,PASS
S0579,Male,29,Physics,CS101,79.5,76.6,56.2,66.4,51.2,81.9,39,95,15.7,PASS
S0580,Male,26,Mathematics,PHY101,71.7,70.5,43.0,52.4,52.0,76.9,32,66,8.0,PASS
S0581,Male,29,Mathematics,ENG101,70.8,78.2,77.4,80.7,32.6,77.5,43,88,18.8,PASS
S0582,Female,25,Business,PHY101,30.9,34.9,53.0,14.3,1.3,51.6,30,68,12.4,FAIL
S0583,Male,29,Business,BUS101,69.8,65.8,65.5,78.3,53.8,91.9,60,100,13.6,PASS
S0584,Male,20,Business,PHY101,75.4,77.5,71.4,31.8,61.3,77.8,35,101,18.7,PASS
S0585,Female,23,Business,MATH101,78.6,76.3,58.7,50.2,53.6,81.3,47,68,17.4,PASS
S0586,Male,28,Business,CS101,40.3,37.0,48.0,48.8,15.2,75.1,28,69,11.7,FAIL
S0587,Male,20,Physics,CS101,89.8,93.0,70.3,63.0,52.1,66.5,42,108,19.5,PASS
S0588,Male,29,Business,ENG101,57.8,57.1,48.2,46.5,20.3,77.5,29,69,10.7,PASS
S0589,Male,21,Mathematics,PHY101,57.2,51.4,71.5,51.9,46.7,78.5,45,51,11.7,PASS
S0590,Male,18,Mathematics,ENG101,64.3,68.4,68.0,56.8,41.2,73.7,47,82,15.9,PASS
S0591,Male,22,Computer Science,ENG101,82.7,83.4,64.8,58.5,55.0,100.0,52,70,17.2,PASS
S0592,Female,18,Computer Science,BUS101,81.0,79.2,68.8,73.7,50.2,72.2,41,81,17.1,PASS
S0593,Male,18,Engineering,CS201,97.6,100.0,82.8,87.1,58.6,94.1,53,84,22.8,PASS
S0594,Male,27,Engineering,ENG101,66.5,71.8,50.0,60.3,42.4,69.6,50,79,7.1,PASS
S0595,Female,28,Mathematics,CS201,67.0,67.6,59.5,70.9,40.2,82.8,22,100,18.6,PASS
S0596,Male,28,Engineering,CS201,100.0,91.4,100.0,96.0,74.0,79.0,54,108,20.3,PASS
S0597,Female,24,Business,CS101,72.4,78.0,63.4,54.9,26.6,91.1,49,103,15.7,PASS
S0598,Male,29,Engineering,MATH101,95.8,93.4,75.4,50.2,47.1,92.2,54,105,20.4,PASS
S0599,Male,23,Computer Science,MATH101,69.5,68.8,54.4,88.1,37.4,64.5,34,87,14.2,PASS
S0600,Male,19,Business,PHY101,100.0,98.5,100.0,96.8,57.8,91.4,43,119,16.7,PASS
S0601,Male,28,Mathematics,BUS101,43.7,37.2,30.8,31.2,38.3,67.9,36,50,13.5,FAIL
S0602,Male,29,Computer Science,BUS101,38.8,41.0,48.4,53.3,6.9,70.1,32,90,15.8,FAIL
S0603,Male,19,Business,MATH101,44.8,40.5,44.2,54.4,33.4,56.7,40,80,15.0,FAIL
S0604,Male,28,Business,PHY101,72.8,74.8,68.5,50.4,42.0,95.8,49,100,19.1,PASS
S0605,Male,24,Computer Science,MATH101,46.4,41.7,50.7,66.6,38.1,64.3,30,64,7.3,PASS
S0606,Male,18,Computer Science,PHY101,29.1,26.9,42.9,40.6,22.2,66.4,16,52,11.8,FAIL
S0607,Male,19,Physics,PHY101,54.7,56.5,59.1,37.0,31.3,67.6,26,78,11.8,PASS
S0608,Male,29,Engineering,PHY101,67.7,68.3,79.8,49.1,28.7,77.8,32,66,13.4,PASS
S0609,Male,25,Computer Science,PHY101,60.5,63.6,61.9,56.0,40.4,77.0,34,73,13.9,PASS
S0610,Female,23,Computer Science,CS101,83.3,86.8,79.1,60.0,45.2,84.1,47,85,21.7,PASS
S0611,Male,19,Business,CS101,43.6,50.2,60.9,39.9,24.9,87.1,31,64,8.8,PASS
S0612,Female,24,Business,MATH101,88.8,88.8,60.1,65.2,62.7,85.6,37,84,17.2,PASS
S0613,Female,21,Business,PHY101,47.1,53.1,77.1,48.2,46.0,90.1,39,49,7.9,PASS
S0614,Male,19,Computer Science,ENG101,79.7,78.1,61.3,56.2,28.2,69.7,42,97,11.5,PASS
S0615,Female,29,Mathematics,PHY101,77.1,81.0,63.8,53.4,55.7,95.0,38,91,15.5,PASS
S0616,Female,23,Engineering,ENG101,89.9,95.5,65.9,83.9,69.5,96.8,41,77,21.8,PASS
S0617,Male,28,Engineering,CS101,73.1,78.7,66.6,81.8,41.9,92.9,44,92,19.5,PASS
S0618,Male,26,Engineering,PHY101,77.5,70.2,57.3,35.3,32.7,100.0,41,84,17.2,PASS
S0619,Female,28,Engineering,CS201,96.2,80.5,69.6,54.3,62.0,63.5,44,84,19.6,PASS
S0620,Female,26,Mathematics,MATH101,78.9,81.7,90.8,40.5,45.2,62.9,35,98,14.9,PASS
S0621,Male,25,Physics,PHY101,97.2,97.2,95.4,82.0,100.0,89.7,45,98,14.7,PASS
S0622,Male,20,Engineering,BUS101,76.7,78.1,72.5,60.9,50.0,62.1,45,108,12.3,PASS
S0623,Male,20,Mathematics,ENG101,66.8,67.2,64.0,47.8,34.3,60.1,45,72,18.9,PASS
S0624,Male,19,Mathematics,PHY101,94.4,92.7,73.7,67.9,39.0,86.0,55,104,15.0,PASS
S0625,Female,22,Physics,CS201,44.5,47.3,62.8,45.5,15.0,68.4,28,95,6.4,FAIL
S0626,Male,29,Computer Science,ENG101,67.2,68.9,61.5,76.6,51.0,62.0,28,85,12.6,PASS
S0627,Male,21,Business,CS201,81.7,81.2,79.8,58.1,28.2,78.3,49,75,11.3,PASS
S0628,Female,24,Computer Science,MATH101,88.7,88.8,68.1,71.8,32.8,94.1,48,86,21.4,PASS
S0629,Male,21,Mathematics,MATH101,28.2,31.2,26.8,44.5,28.8,73.2,18,85,9.0,FAIL
S0630,Male,26,Computer Science,MATH101,44.5,41.5,63.9,68.2,22.2,80.7,39,92,10.3,FAIL
S0631,Female,29,Business,CS101,34.4,28.9,39.4,39.9,17.5,65.6,8,59,11.3,FAIL
S0632,Female,29,Engineering,CS201,79.5,73.8,73.3,91.6,54.6,95.9,36,78,19.2,PASS
S0633,Male,19,Engineering,PHY101,95.3,92.7,65.6,44.7,54.3,100.0,60,109,19.4,PASS
S0634,Female,28,Business,BUS101,92.3,99.8,71.7,79.1,36.3,89.6,60,83,18.8,PASS
S0635,Male,23,Mathematics,BUS101,56.5,57.2,59.7,57.1,26.0,72.3,44,79,9.5,PASS
S0636,Male,24,Business,MATH101,81.1,77.7,96.1,82.1,54.3,84.0,42,51,15.1,PASS
S0637,Female,21,Mathematics,BUS101,62.4,63.4,54.1,36.0,38.3,66.2,42,104,16.4,FAIL
S0638,Male,23,Computer Science,ENG101,65.6,60.4,68.1,71.0,57.4,76.2,23,86,14.7,PASS
S0639,Male,24,Engineering,CS201,87.7,86.8,42.5,71.1,57.6,92.4,43,87,21.8,PASS
S0640,Male,21,Engineering,CS201,54.2,52.1,58.2,55.4,22.2,79.8,23,83,15.7,FAIL
S0641,Male,25,Computer Science,CS201,75.3,68.7,77.8,43.6,62.1,87.5,51,97,10.3,PASS
S0642,Male,26,Business,ENG101,70.6,76.0,41.6,69.9,60.0,65.0,47,59,16.9,PASS
S0643,Male,18,Business,PHY101,66.2,64.3,52.6,50.3,31.3,86.8,45,71,14.9,PASS
S0644,Male,24,Business,CS101,66.2,66.0,49.0,49.3,46.5,74.4,46,77,9.2,PASS
S0645,Male,26,Business,ENG101,86.4,89.9,86.4,49.0,59.8,83.7,42,73,11.7,PASS
S0646,Female,29,Business,CS201,58.2,59.9,61.6,52.6,39.0,70.2,37,72,11.5,PASS
S0647,Female,27,Computer Science,CS201,57.5,57.9,53.0,42.2,18.0,92.4,32,72,12.4,PASS
S0648,Female,22,Computer Science,CS201,85.6,84.4,77.2,76.8,87.2,72.4,46,81,20.1,PASS
S0649,Female,29,Business,PHY101,73.7,77.4,56.3,41.6,39.1,81.1,41,78,12.7,PASS
S0650,Male,19,Computer Science,BUS101,40.6,40.5,46.5,41.4,28.7,59.0,35,66,16.1,FAIL
S0651,Male,27,Computer Science,CS101,40.1,40.8,45.9,35.6,35.1,81.7,23,44,13.0,FAIL
S0652,Female,23,Engineering,ENG101,86.3,91.9,80.5,59.5,46.8,87.2,46,105,17.4,PASS
S0653,Female,29,Business,CS201,90.2,96.0,61.6,50.7,69.0,76.1,47,101,19.6,PASS
S0654,Female,29,Engineering,MATH101,92.8,94.1,97.6,81.9,55.7,88.6,49,90,24.5,PASS
S0655,Male,24,Business,CS101,80.3,80.8,46.1,58.0,40.5,75.8,37,90,16.3,PASS
S0656,Male,19,Business,MATH101,80.8,84.1,81.2,64.3,31.4,92.6,39,89,16.5,PASS
S0657,Male,19,Engineering,CS101,58.5,57.2,70.4,42.7,30.6,97.8,31,107,15.2,PASS
S0658,Male,27,Mathematics,CS201,44.2,43.0,43.3,42.4,30.9,60.0,49,61,8.1,FAIL
S0659,Female,29,Business,CS101,69.2,68.9,35.4,44.8,37.8,94.8,50,89,15.2,PASS
S0660,Female,27,Business,CS101,74.2,69.1,77.4,57.1,52.4,94.5,42,51,14.1,PASS
S0661,Male,18,Business,CS201,80.9,92.7,64.5,69.3,68.4,81.0,48,95,19.6,PASS
S0662,Female,21,Computer Science,PHY101,96.0,94.0,88.2,76.9,54.0,95.9,60,91,19.2,PASS
S0663,Female,24,Business,MATH101,65.2,67.5,73.1,80.5,52.8,82.0,52,87,17.2,PASS
S0664,Male,26,Engineering,PHY101,100.0,99.9,91.9,94.3,62.1,89.6,53,103,19.2,PASS
S0665,Male,20,Physics,MATH101,63.8,67.2,45.8,65.2,41.9,74.3,32,81,10.1,PASS
S0666,Male,29,Mathematics,BUS101,66.3,64.4,70.3,65.6,39.9,86.9,50,85,19.6,PASS
S0667,Male,28,Business,MATH101,73.7,74.8,76.4,86.9,48.9,76.8,44,99,13.3,PASS
S0668,Male,24,Computer Science,MATH101,57.6,53.4,53.5,54.2,24.8,87.3,35,75,13.8,FAIL
S0669,Male,24,Computer Science,CS101,74.4,80.4,86.1,69.6,35.9,73.7,48,82,17.0,PASS
S0670,Male,24,Engineering,BUS101,45.3,48.6,46.4,37.3,19.9,94.5,28,87,14.3,FAIL
S0671,Male,19,Engineering,CS201,74.3,67.3,93.4,78.5,23.6,70.9,30,89,20.6,PASS
S0672,Female,23,Computer Science,CS201,100.0,100.0,100.0,92.7,45.5,100.0,60,89,19.0,PASS
S0673,Male,19,Engineering,ENG101,53.6,46.7,54.6,48.2,31.1,72.6,40,83,10.2,FAIL
S0674,Female,23,Computer Science,BUS101,72.1,68.1,65.6,75.2,36.4,89.4,48,82,8.8,PASS
S0675,Male,27,Physics,CS101,44.2,48.8,58.4,47.0,26.0,83.1,18,52,11.1,PASS
S0676,Female,20,Computer Science,ENG101,79.9,67.4,89.3,71.5,55.4,85.8,47,97,9.9,PASS
S0677,Male,19,Physics,ENG101,100.0,100.0,64.3,48.1,63.0,100.0,52,94,16.8,PASS
S0678,Male,29,Physics,CS201,52.4,54.3,41.0,72.0,30.1,69.7,33,48,12.5,PASS
S0679,Female,23,Engineering,MATH101,43.5,43.1,65.8,34.5,4.0,60.8,30,52,15.8,FAIL
S0680,Female,19,Business,CS101,48.7,53.1,31.2,24.3,29.8,75.1,31,84,11.6,PASS
S0681,Female,22,Engineering,BUS101,100.0,100.0,84.1,83.2,51.9,97.7,60,104,22.2,PASS
S0682,Male,19,Business,ENG101,62.2,55.6,48.1,53.7,45.6,72.8,45,78,14.3,PASS
S0683,Male,20,Engineering,CS101,61.7,70.2,70.8,40.3,27.5,81.4,36,88,14.1,PASS
S0684,Female,20,Engineering,CS201,72.8,77.6,36.0,46.0,29.9,68.7,37,95,18.8,PASS
S0685,Female,23,Business,ENG101,80.2,76.7,84.2,65.0,65.2,86.6,44,102,17.7,PASS
S0686,Female,23,Engineering,ENG101,90.7,93.3,84.5,57.7,32.8,82.9,47,107,17.1,PASS
S0687,Female,27,Business,PHY101,77.2,71.6,78.9,68.4,66.6,85.0,35,80,20.2,PASS
S0688,Male,20,Computer Science,CS201,55.6,53.1,46.9,63.1,34.6,77.8,46,43,11.5,FAIL
S0689,Female,20,Engineering,PHY101,84.4,73.9,37.7,93.2,46.6,75.9,43,84,14.4,PASS
S0690,Male,29,Computer Science,CS201,95.2,88.5,69.4,50.9,51.9,90.0,49,134,15.6,PASS
S0691,Male,18,Computer Science,CS201,98.7,100.0,79.3,65.7,69.8,84.4,56,111,18.5,PASS
S0692,Male,24,Computer Science,PHY101,50.9,53.2,49.3,48.1,33.1,84.5,48,69,12.7,PASS
S0693,Male,25,Computer Science,CS101,49.8,52.1,60.2,49.6,32.0,84.3,36,68,13.3,FAIL
S0694,Male,19,Computer Science,CS101,89.5,92.7,83.6,79.8,52.9,88.9,35,113,17.6,PASS
S0695,Male,21,Mathematics,CS101,87.3,87.9,85.6,80.4,46.9,87.2,51,76,17.0,PASS
S0696,Female,27,Computer Science,MATH101,60.9,64.3,80.2,73.2,51.5,85.7,40,90,14.9,PASS
S0697,Male,24,Business,ENG101,70.8,76.2,57.2,63.9,36.8,90.7,37,64,18.6,PASS
S0698,Female,25,Computer Science,CS101,80.8,82.0,73.4,43.4,33.1,99.8,47,107,7.4,PASS
S0699,Male,18,Mathematics,MATH101,71.5,69.3,79.8,50.0,46.5,79.0,36,85,9.8,PASS
S0700,Male,21,Engineering,ENG101,54.7,53.9,71.4,56.5,15.6,63.8,24,92,15.9,PASS
S0701,Female,23,Engineering,CS101,66.6,62.4,84.3,68.2,57.6,89.6,41,77,13.7,PASS
S0702,Male,20,Engineering,CS201,48.6,52.9,58.1,46.4,34.1,90.4,27,104,14.7,PASS
S0703,Male,22,Engineering,BUS101,61.1,53.1,71.9,65.5,11.3,79.1,36,84,10.0,PASS
S0704,Male,27,Business,CS101,67.4,66.6,67.0,58.5,45.0,79.7,45,92,14.9,PASS
S0705,Male,26,Computer Science,BUS101,73.1,76.0,50.8,65.6,39.4,97.9,25,104,12.0,PASS
S0706,Female,28,Physics,CS101,66.9,61.8,84.8,59.0,55.4,69.3,37,110,16.0,PASS
S0707,Male,20,Engineering,CS201,54.3,47.3,57.3,63.4,30.9,73.3,29,73,12.0,PASS
S0708,Female,22,Engineering,BUS101,58.5,47.1,58.6,47.5,33.7,71.2,26,82,9.1,FAIL
S0709,Male,25,Business,MATH101,100.0,98.6,86.1,56.9,55.2,90.3,50,106,21.6,PASS
S0710,Female,23,Engineering,CS201,66.6,60.9,44.4,53.8,36.4,90.4,36,102,16.5,PASS
S0711,Female,21,Mathematics,BUS101,32.3,36.6,33.5,52.1,0.0,57.2,35,80,8.8,FAIL
S0712,Female,25,Engineering,BUS101,77.1,69.3,63.9,75.0,39.4,93.4,46,62,14.8,PASS
S0713,Male,28,Business,PHY101,55.8,58.4,63.7,71.5,21.4,68.4,41,57,16.1,PASS
S0714,Male,20,Computer Science,PHY101,66.4,59.9,49.3,61.8,34.8,84.3,24,94,15.9,PASS
S0715,Male,20,Mathematics,CS201,73.1,65.6,57.0,51.4,57.0,59.1,43,112,15.8,PASS
S0716,Female,21,Business,CS201,78.3,72.2,75.8,75.0,66.4,63.0,45,82,13.0,PASS
S0717,Female,26,Computer Science,CS201,93.6,99.0,85.8,74.1,58.7,86.6,38,106,24.9,PASS
S0718,Female,22,Computer Science,ENG101,75.6,69.6,82.6,66.5,38.1,95.4,42,81,16.1,PASS
S0719,Male,25,Engineering,MATH101,40.2,45.9,60.8,48.9,7.1,82.6,34,72,16.0,FAIL
S0720,Female,23,Physics,CS101,75.9,77.0,65.6,73.8,39.7,66.9,43,77,14.6,PASS
S0721,Female,20,Computer Science,PHY101,87.0,84.4,90.2,49.3,37.2,97.2,51,85,16.8,PASS
S0722,Male,25,Engineering,BUS101,89.6,84.4,80.4,42.0,51.1,92.1,50,93,16.8,PASS
S0723,Male,29,Computer Science,PHY101,68.1,77.6,73.4,62.3,40.1,84.8,45,88,15.7,PASS
S0724,Female,26,Engineering,CS101,71.0,68.0,39.4,50.1,44.8,100.0,31,108,15.5,PASS
S0725,Female,25,Business,CS201,67.5,64.6,44.7,44.7,41.7,74.0,34,71,17.1,PASS
S0726,Female,21,Physics,PHY101,70.8,78.0,74.1,50.4,19.4,91.0,38,107,14.9,PASS
S0727,Male,28,Engineering,MATH101,48.7,56.8,53.5,44.6,17.7,75.0,33,85,13.4,FAIL
S0728,Female,23,Mathematics,MATH101,71.0,70.3,87.7,68.9,31.3,97.6,28,76,17.2,PASS
S0729,Male,18,Engineering,ENG101,69.4,75.3,84.3,68.4,36.3,84.3,39,74,11.0,PASS
S0730,Male,21,Computer Science,PHY101,81.2,78.1,61.8,27.5,49.9,79.2,50,72,13.8,PASS
S0731,Male,25,Engineering,CS201,95.6,100.0,85.1,65.9,48.1,82.1,38,86,15.6,PASS
S0732,Female,18,Business,BUS101,88.4,81.9,72.6,53.1,91.0,88.9,34,72,20.2,PASS
S0733,Female,20,Physics,ENG101,67.6,63.0,48.3,70.0,55.3,72.4,50,84,18.5,PASS
S0734,Female,18,Mathematics,CS201,66.0,72.5,69.1,68.2,27.1,50.7,43,76,13.4,PASS
S0735,Male,26,Computer Science,ENG101,61.0,59.6,68.2,43.5,52.5,91.5,54,70,15.8,PASS
S0736,Female,19,Computer Science,PHY101,68.2,75.1,75.0,66.6,60.9,91.8,41,102,13.8,PASS
S0737,Male,26,Computer Science,CS101,73.3,71.0,74.5,35.9,29.0,82.0,41,89,17.9,PASS
S0738,Female,21,Physics,PHY101,77.2,80.5,73.0,76.8,32.1,90.3,37,93,25.3,PASS
S0739,Male,19,Mathematics,CS201,82.6,79.2,88.8,76.8,51.1,92.4,60,107,22.1,PASS
S0740,Male,21,Mathematics,BUS101,74.3,73.9,63.6,72.3,57.3,82.8,52,70,20.2,PASS
S0741,Male,29,Engineering,BUS101,58.3,51.9,87.9,66.7,38.9,60.0,41,76,19.1,FAIL
S0742,Male,28,Engineering,CS201,59.7,59.5,70.3,50.8,15.2,81.4,40,96,15.5,PASS
S0743,Female,28,Engineering,ENG101,68.2,63.8,86.5,52.5,31.4,77.9,31,62,18.6,PASS
S0744,Male,27,Computer Science,MATH101,86.0,96.4,58.4,56.5,44.6,100.0,46,98,16.4,PASS
S0745,Male,23,Engineering,CS201,77.3,75.7,57.5,55.8,56.5,89.8,34,111,18.8,PASS
S0746,Female,28,Computer Science,PHY101,68.0,62.0,67.6,47.7,23.8,87.0,38,57,12.4,PASS
S0747,Male,24,Computer Science,BUS101,80.5,84.0,44.1,48.1,33.2,99.0,45,112,21.7,PASS
S0748,Female,20,Mathematics,CS101,69.3,63.3,86.6,60.4,42.3,81.9,42,96,12.7,PASS
S0749,Female,20,Mathematics,BUS101,56.3,60.6,57.3,66.5,33.7,96.8,29,81,13.2,PASS
S0750,Female,29,Engineering,MATH101,85.5,82.7,59.2,73.4,62.1,75.4,50,110,16.7,PASS
S0751,Male,27,Engineering,BUS101,69.9,69.8,56.2,48.2,34.5,79.9,40,91,15.7,PASS
S0752,Female,29,Engineering,MATH101,92.6,91.6,73.9,80.2,68.5,100.0,54,82,20.4,PASS
S0753,Female,25,Business,CS201,79.3,78.1,72.9,65.4,58.6,71.5,48,83,11.9,PASS
S0754,Male,22,Mathematics,BUS101,83.2,83.5,73.9,41.6,48.7,81.4,55,90,17.5,PASS
S0755,Male,21,Mathematics,ENG101,49.0,45.6,54.7,70.9,22.9,79.5,28,84,16.3,PASS
S0756,Female,24,Business,PHY101,89.9,84.4,91.7,71.9,74.2,92.3,60,84,18.4,PASS
S0757,Female,24,Computer Science,ENG101,64.5,64.7,86.5,48.8,44.3,73.0,30,85,17.0,PASS
S0758,Female,26,Engineering,PHY101,87.8,85.8,100.0,77.6,49.2,100.0,44,95,12.4,PASS
S0759,Female,26,Engineering,BUS101,64.3,57.9,61.1,49.5,26.9,69.3,41,85,11.8,FAIL
S0760,Female,22,Engineering,BUS101,71.1,74.2,83.7,36.7,58.3,83.6,46,97,20.7,PASS
S0761,Male,29,Mathematics,PHY101,62.3,62.3,56.9,61.6,29.6,72.1,36,74,12.0,PASS
S0762,Male,25,Engineering,CS101,77.7,72.2,73.8,66.9,40.2,64.9,43,75,15.2,PASS
S0763,Male,27,Computer Science,BUS101,73.2,72.1,72.0,68.3,34.9,75.0,58,84,15.3,PASS
S0764,Female,18,Engineering,CS101,45.6,44.9,55.6,26.4,22.8,70.5,28,49,10.7,FAIL
S0765,Male,26,Physics,CS101,61.1,56.0,39.5,59.8,41.5,65.4,30,88,5.1,PASS
S0766,Female,25,Computer Science,PHY101,79.8,95.7,73.9,64.5,41.7,96.4,34,97,19.2,PASS
S0767,Female,23,Business,CS101,60.3,60.3,60.2,38.5,35.0,79.8,33,83,15.3,PASS
S0768,Female,20,Engineering,CS101,54.2,53.1,38.3,40.9,24.0,79.2,10,58,15.7,FAIL
S0769,Male,20,Computer Science,CS201,67.6,79.8,50.3,80.8,46.4,79.4,40,69,16.0,PASS
S0770,Female,25,Engineering,ENG101,71.4,73.7,57.8,55.6,41.6,80.3,55,110,13.8,PASS
S0771,Male,22,Business,CS101,68.2,74.3,52.0,73.7,26.2,86.2,40,80,16.4,PASS
S0772,Female,27,Engineering,ENG101,92.4,92.9,86.6,66.2,54.0,82.8,57,107,17.0,PASS
S0773,Male,28,Mathematics,CS101,48.7,49.0,61.9,51.6,32.0,52.0,32,114,13.6,PASS
S0774,Male,24,Computer Science,ENG101,40.1,35.8,61.6,42.4,19.1,53.5,46,66,14.4,FAIL
S0775,Female,22,Computer Science,BUS101,54.3,57.7,41.8,53.1,7.6,79.4,40,85,16.1,FAIL
S0776,Male,25,Physics,BUS101,93.3,100.0,73.7,73.2,71.0,85.1,48,95,18.2,PASS
S0777,Male,27,Engineering,ENG101,58.7,66.6,61.9,51.0,23.2,100.0,30,89,9.9,PASS
S0778,Female,27,Business,CS101,74.6,68.5,46.3,72.8,52.1,91.4,44,95,17.1,PASS
S0779,Female,21,Mathematics,CS201,65.0,74.3,72.2,58.5,34.5,83.5,54,90,15.0,PASS
S0780,Female,19,Engineering,ENG101,65.7,61.6,48.5,42.7,38.3,63.5,24,105,12.9,FAIL
S0781,Female,20,Business,MATH101,76.3,71.6,79.4,74.9,43.4,76.3,42,77,19.7,PASS
S0782,Female,25,Computer Science,CS201,43.3,38.9,57.1,33.5,38.0,82.9,30,75,12.1,FAIL
S0783,Male,28,Computer Science,MATH101,61.8,59.8,75.2,67.3,39.9,80.6,27,80,16.5,PASS
S0784,Male,24,Computer Science,ENG101,75.1,65.4,49.8,58.5,46.8,73.1,37,72,8.9,PASS
S0785,Male,19,Mathematics,CS101,48.9,49.2,53.8,57.2,14.7,62.8,41,77,5.5,FAIL
S0786,Female,23,Computer Science,MATH101,55.0,53.7,49.0,51.0,51.0,81.9,32,95,15.2,PASS
S0787,Female,26,Business,ENG101,59.1,59.3,56.9,40.8,17.2,71.4,47,58,15.9,PASS
S0788,Male,21,Physics,CS201,79.9,77.4,74.5,66.9,63.5,79.4,41,105,14.2,PASS
S0789,Male,26,Engineering,CS101,61.4,53.4,71.9,56.4,14.9,76.4,38,87,17.6,FAIL
S0790,Female,19,Engineering,MATH101,83.1,81.8,75.8,71.4,71.6,98.8,52,105,21.0,PASS
S0791,Male,19,Engineering,ENG101,73.2,79.3,69.7,58.0,48.9,79.6,41,87,15.7,PASS
S0792,Female,26,Engineering,CS101,64.3,59.3,46.5,36.9,32.4,93.3,42,127,17.3,PASS
S0793,Male,29,Engineering,CS101,72.3,67.9,54.3,51.1,26.8,77.8,38,93,18.1,PASS
S0794,Female,24,Business,BUS101,62.2,64.5,61.3,68.5,37.2,64.2,36,84,17.8,PASS
S0795,Male,24,Physics,CS101,73.3,67.2,69.0,41.0,49.5,79.3,48,88,16.6,PASS
S0796,Female,18,Physics,ENG101,70.7,71.8,81.6,54.3,43.1,81.1,35,74,17.0,PASS
S0797,Female,28,Mathematics,CS201,79.0,81.2,81.5,62.1,42.5,67.6,35,85,18.5,PASS
S0798,Female,23,Mathematics,PHY101,55.1,52.2,55.9,67.0,24.3,66.2,34,71,11.0,PASS
S0799,Female,24,Engineering,BUS101,92.1,88.4,96.4,77.3,69.4,93.4,47,105,14.9,PASS
S0800,Female,28,Business,ENG101,52.3,45.2,68.2,34.5,27.5,70.7,28,91,10.6,PASS
S0801,Female,23,Mathematics,ENG101,83.7,79.8,80.2,68.4,54.7,93.5,57,109,20.0,PASS
S0802,Male,23,Engineering,ENG101,100.0,100.0,86.1,90.0,66.6,76.1,52,94,18.3,PASS
S0803,Female,19,Physics,MATH101,71.4,75.6,79.3,53.5,27.9,73.0,35,66,10.8,PASS
S0804,Female,23,Engineering,MATH101,100.0,100.0,81.3,82.6,58.8,97.3,54,111,12.6,PASS
S0805,Male,21,Business,CS201,66.1,63.1,47.9,45.2,55.4,81.0,47,71,14.9,PASS
S0806,Female,26,Business,ENG101,85.0,85.3,80.6,76.4,54.5,68.7,37,111,20.8,PASS
S0807,Female,29,Physics,MATH101,72.9,68.8,64.6,84.2,49.1,84.5,46,95,13.7,PASS
S0808,Female,18,Computer Science,MATH101,56.8,57.7,70.9,53.4,29.0,91.2,33,88,13.1,PASS
S0809,Male,25,Business,MATH101,66.9,70.7,68.0,56.1,53.2,78.1,44,74,12.9,PASS
S0810,Male,22,Engineering,CS201,58.0,55.6,37.9,58.4,58.2,71.8,54,74,12.5,FAIL
S0811,Female,18,Computer Science,CS201,54.6,50.6,65.8,31.3,23.5,86.8,30,70,11.8,PASS
S0812,Female,21,Mathematics,ENG101,79.6,77.2,77.7,71.5,57.2,78.2,46,106,14.0,PASS
S0813,Male,18,Business,BUS101,59.2,64.6,50.7,73.9,19.0,83.3,22,65,17.5,PASS
S0814,Female,23,Business,ENG101,60.9,74.8,54.3,11.5,43.8,75.3,54,95,15.6,PASS
S0815,Female,19,Engineering,MATH101,79.7,82.9,78.9,73.9,53.1,73.3,27,103,13.4,PASS
S0816,Male,22,Engineering,PHY101,74.6,74.2,76.2,72.2,31.0,76.6,44,85,14.2,PASS
S0817,Female,24,Business,MATH101,49.0,44.2,45.7,45.9,40.5,52.2,43,101,11.4,FAIL
S0818,Male,19,Engineering,CS101,64.9,59.7,80.0,65.3,27.0,87.4,39,91,14.9,PASS
S0819,Male,23,Computer Science,PHY101,65.2,67.3,76.0,65.8,62.3,86.2,37,51,15.4,PASS
S0820,Male,23,Physics,PHY101,84.8,80.9,79.2,66.7,52.6,87.8,44,98,16.6,PASS
S0821,Female,22,Engineering,ENG101,54.0,59.1,53.1,70.1,30.5,70.2,34,62,12.5,PASS
S0822,Male,22,Business,MATH101,100.0,97.0,96.2,80.8,52.0,97.8,37,94,20.8,PASS
S0823,Male,20,Engineering,MATH101,70.5,77.6,76.5,65.3,49.6,87.4,21,101,14.1,PASS
S0824,Male,27,Engineering,BUS101,49.8,47.7,61.9,36.5,34.0,82.8,44,63,16.3,FAIL
S0825,Female,27,Engineering,CS101,65.9,71.6,67.2,28.7,41.3,83.7,33,98,17.8,PASS
S0826,Female,28,Engineering,ENG101,49.6,53.0,48.2,34.7,20.8,72.5,35,75,11.8,FAIL
S0827,Male,29,Engineering,CS201,74.2,78.5,68.7,80.3,41.3,80.0,32,84,19.7,PASS
S0828,Male,19,Engineering,ENG101,78.9,78.5,62.0,72.4,38.5,63.5,41,71,18.2,PASS
S0829,Female,24,Engineering,PHY101,70.2,66.8,71.1,57.5,21.5,68.8,47,69,16.7,PASS
S0830,Male,18,Computer Science,ENG101,43.7,48.8,69.4,55.6,24.6,77.5,29,86,15.9,PASS
S0831,Male,23,Engineering,BUS101,50.5,59.5,39.9,52.5,17.0,90.5,45,68,15.1,PASS
S0832,Male,23,Computer Science,ENG101,85.4,80.4,64.5,42.6,75.5,93.9,47,88,20.8,PASS
S0833,Male,20,Computer Science,BUS101,84.4,86.8,82.2,76.6,73.2,82.8,46,91,14.1,PASS
S0834,Male,19,Physics,PHY101,68.7,71.1,50.4,32.2,45.5,72.4,43,91,15.1,PASS
S0835,Male,29,Business,BUS101,37.7,38.6,49.9,27.1,0.7,78.2,33,96,8.4,FAIL
S0836,Male,19,Business,MATH101,62.3,69.5,60.9,36.7,42.9,80.5,43,91,10.1,PASS
S0837,Female,26,Engineering,CS201,91.7,87.8,87.0,72.3,52.4,79.3,46,137,13.8,PASS
S0838,Male,28,Physics,PHY101,60.1,65.6,67.5,55.1,49.4,80.3,31,90,16.2,PASS
S0839,Female,22,Business,BUS101,61.5,60.1,47.9,20.5,49.1,86.0,49,63,14.8,PASS
S0840,Female,24,Mathematics,CS101,85.3,73.6,60.8,80.3,42.1,69.6,54,95,13.4,PASS
S0841,Male,29,Engineering,PHY101,46.1,38.8,74.5,57.7,23.2,72.8,37,109,11.8,FAIL
S0842,Female,22,Physics,CS101,100.0,100.0,78.7,85.5,54.7,100.0,58,127,18.4,PASS
S0843,Male,24,Mathematics,CS201,69.9,76.0,59.8,56.7,36.9,91.4,31,103,12.3,PASS
S0844,Female,21,Mathematics,BUS101,70.2,75.6,61.8,53.5,23.1,80.8,33,61,17.7,PASS
S0845,Male,25,Computer Science,PHY101,78.8,79.3,80.7,54.6,51.9,73.6,48,112,16.0,PASS
S0846,Male,28,Computer Science,PHY101,80.0,74.3,76.4,51.1,49.0,69.8,34,82,19.8,PASS
S0847,Male,27,Computer Science,CS201,59.1,53.1,57.8,46.6,31.6,86.6,52,84,12.2,PASS
S0848,Female,28,Computer Science,MATH101,72.2,74.3,68.7,73.1,46.6,76.3,36,86,8.9,PASS
S0849,Male,27,Mathematics,CS101,64.5,64.3,60.5,51.6,42.6,85.7,28,78,14.9,PASS
S0850,Female,24,Computer Science,PHY101,51.2,56.0,53.8,39.9,44.7,86.9,29,75,13.6,FAIL
S0851,Male,27,Computer Science,ENG101,68.5,66.8,70.0,50.1,51.9,72.9,33,79,14.8,PASS
S0852,Female,22,Computer Science,CS101,56.8,53.0,71.2,62.7,46.5,73.6,38,49,14.2,PASS
S0853,Male,28,Computer Science,BUS101,54.1,52.7,46.4,42.0,21.7,87.7,39,59,11.6,FAIL
S0854,Female,23,Computer Science,CS201,46.5,46.5,51.4,38.8,14.5,72.0,27,83,11.3,FAIL
S0855,Male,22,Mathematics,CS101,89.6,79.4,85.6,76.3,65.2,92.6,47,115,18.6,PASS
S0856,Male,24,Business,ENG101,80.8,83.2,61.7,51.8,69.0,81.0,38,93,19.7,PASS
S0857,Male,29,Computer Science,ENG101,79.0,79.7,97.2,61.7,57.6,72.1,52,101,16.2,PASS
S0858,Male,19,Engineering,CS201,72.2,76.9,60.0,43.9,47.3,86.8,33,82,13.4,PASS
S0859,Female,22,Engineering,CS201,80.6,84.5,67.2,56.1,48.4,99.3,56,86,15.5,PASS
S0860,Male,27,Computer Science,CS101,91.4,96.8,80.6,64.9,89.2,91.5,47,87,18.3,PASS
S0861,Female,20,Business,BUS101,65.0,73.4,58.5,26.2,49.0,85.6,45,61,10.8,PASS
S0862,Male,26,Business,MATH101,72.5,73.2,92.9,56.0,41.1,88.1,32,94,13.0,PASS
S0863,Female,23,Business,ENG101,47.7,36.7,52.7,58.2,52.4,91.0,32,71,12.0,FAIL
S0864,Male,27,Business,CS201,90.1,94.4,75.9,81.1,74.7,83.9,60,112,23.6,PASS
S0865,Male,20,Computer Science,MATH101,76.7,82.7,59.4,66.6,28.8,60.8,39,97,18.8,PASS
S0866,Female,24,Physics,MATH101,67.4,66.3,66.2,70.0,25.7,92.8,43,92,14.8,PASS
S0867,Male,21,Mathematics,MATH101,59.8,49.8,42.4,55.9,33.4,63.2,35,80,11.1,FAIL
S0868,Male,20,Physics,BUS101,80.1,85.3,55.7,55.4,63.4,79.2,40,70,12.7,PASS
S0869,Female,25,Computer Science,CS201,74.9,74.8,57.7,66.7,38.0,74.5,52,71,19.4,PASS
S0870,Female,21,Physics,ENG101,53.9,47.2,42.7,46.7,20.1,68.2,47,72,15.4,FAIL
S0871,Male,28,Mathematics,CS201,58.9,57.5,38.6,36.4,45.1,86.8,23,94,15.5,FAIL
S0872,Male,18,Mathematics,CS101,45.1,45.1,44.0,39.8,3.9,80.5,29,83,11.1,FAIL
S0873,Female,23,Computer Science,ENG101,82.2,80.9,59.3,67.3,45.1,76.2,36,130,15.0,PASS
S0874,Male,27,Business,CS201,93.7,91.1,81.6,82.2,43.3,100.0,51,80,15.3,PASS
S0875,Male,28,Physics,ENG101,67.9,72.7,61.8,58.7,40.6,77.9,44,97,15.7,PASS
S0876,Male,28,Business,CS101,69.3,76.0,85.4,26.7,30.2,99.5,35,70,11.2,PASS
S0877,Female,18,Business,PHY101,98.1,100.0,81.7,79.7,57.0,85.6,45,114,20.8,PASS
S0878,Female,22,Physics,ENG101,71.4,66.4,58.6,50.1,47.9,77.0,43,89,15.6,PASS
S0879,Male,24,Engineering,PHY101,67.8,74.3,49.6,71.7,42.2,76.7,38,61,15.1,PASS
S0880,Male,23,Business,MATH101,63.2,64.2,52.6,64.8,31.5,69.9,46,80,14.3,PASS
S0881,Male,19,Engineering,BUS101,71.0,72.9,58.8,73.9,38.5,86.9,35,106,15.9,PASS
S0882,Female,28,Physics,CS101,67.8,73.9,37.9,56.0,67.7,73.5,45,84,18.9,PASS
S0883,Male,21,Computer Science,ENG101,88.3,88.0,81.7,86.5,63.6,83.8,45,100,18.2,PASS
S0884,Male,28,Engineering,CS101,48.8,47.9,46.6,50.7,26.5,79.4,43,86,11.9,PASS
S0885,Female,19,Business,MATH101,89.3,85.8,61.4,73.7,55.7,100.0,50,88,18.6,PASS
S0886,Male,28,Mathematics,PHY101,46.7,40.9,41.0,2.2,33.4,67.3,23,97,10.9,FAIL
S0887,Female,18,Business,BUS101,58.9,55.7,53.0,45.8,26.2,72.2,30,85,10.3,FAIL
S0888,Male,20,Physics,CS101,81.7,82.5,66.4,64.8,49.0,78.4,36,110,18.8,PASS
S0889,Male,20,Physics,PHY101,44.5,44.2,58.0,42.5,13.8,77.9,31,78,5.9,FAIL
S0890,Male,29,Computer Science,MATH101,80.4,78.5,69.7,54.5,36.3,79.3,42,91,16.0,PASS
S0891,Female,24,Engineering,MATH101,100.0,98.3,63.3,84.0,70.5,81.1,51,90,18.0,PASS
S0892,Female,18,Computer Science,MATH101,71.7,77.0,53.0,74.2,55.1,82.5,53,98,11.3,PASS
S0893,Female,26,Engineering,PHY101,96.9,97.8,86.2,64.3,72.0,94.9,54,92,22.9,PASS
S0894,Male,28,Engineering,ENG101,88.3,83.3,72.5,50.8,52.1,81.6,45,88,17.6,PASS
S0895,Female,23,Physics,CS201,83.7,84.0,68.3,71.9,44.3,86.1,40,59,18.8,PASS
S0896,Male,21,Mathematics,CS101,68.4,71.5,56.3,66.4,41.2,83.2,48,71,16.8,PASS
S0897,Male,20,Computer Science,CS201,63.9,68.6,66.0,57.7,16.8,79.1,45,71,14.5,PASS
S0898,Female,20,Computer Science,MATH101,56.5,59.3,41.9,36.6,50.6,80.2,52,77,18.2,PASS
S0899,Male,19,Business,CS201,94.9,99.1,82.9,100.0,24.4,80.0,55,106,20.6,PASS
S0900,Male,19,Engineering,PHY101,71.0,73.6,60.2,30.0,54.3,70.8,40,77,16.7,PASS
S0901,Male,29,Computer Science,MATH101,66.9,56.9,68.3,69.0,28.3,72.0,48,75,17.9,PASS
S0902,Male,27,Mathematics,MATH101,59.5,58.7,58.0,49.8,35.6,54.5,52,101,13.9,PASS
S0903,Male,22,Physics,BUS101,59.7,59.3,83.3,99.3,25.6,66.0,34,94,13.7,PASS
S0904,Female,26,Engineering,BUS101,45.7,55.9,32.3,53.4,17.4,80.7,28,69,14.4,FAIL
S0905,Male,19,Mathematics,PHY101,72.5,76.3,68.6,71.0,14.2,88.4,33,79,14.6,PASS
S0906,Female,19,Engineering,PHY101,84.1,82.7,65.3,69.1,35.2,72.1,44,76,16.0,PASS
S0907,Female,29,Business,CS201,48.3,44.5,42.6,17.9,39.9,57.4,30,81,9.1,FAIL
S0908,Male,23,Engineering,CS101,65.6,63.9,80.1,63.4,24.7,79.9,39,105,12.3,PASS
S0909,Male,27,Computer Science,CS201,58.1,54.0,44.1,55.4,19.6,82.7,36,72,14.1,PASS
S0910,Male,19,Physics,PHY101,80.2,91.1,71.1,68.8,46.8,76.2,48,92,23.0,PASS
S0911,Female,29,Engineering,CS101,100.0,99.9,92.1,95.8,32.1,84.1,57,106,17.8,PASS
S0912,Male,21,Business,CS201,69.7,73.9,51.2,61.5,37.6,88.7,44,75,15.9,PASS
S0913,Female,23,Engineering,ENG101,70.4,73.0,60.3,58.9,45.3,97.9,43,69,16.8,PASS
S0914,Male,22,Computer Science,ENG101,83.7,87.0,88.1,53.2,54.7,79.2,47,73,15.6,PASS
S0915,Female,18,Computer Science,CS101,67.3,62.9,86.9,43.6,27.9,85.8,33,102,16.8,PASS
S0916,Male,23,Engineering,BUS101,44.2,50.9,57.7,39.5,41.0,72.9,38,68,8.2,FAIL
S0917,Male,18,Business,CS101,35.2,34.7,42.1,33.9,33.4,81.5,32,84,7.4,FAIL
S0918,Female,20,Engineering,CS201,65.3,72.8,62.0,39.6,18.5,68.3,21,85,14.3,PASS
S0919,Female,27,Business,MATH101,55.6,57.7,74.1,44.8,41.9,76.9,39,107,9.8,PASS
S0920,Male,22,Business,ENG101,66.8,75.6,60.4,44.0,41.9,73.6,39,64,10.7,PASS
S0921,Female,27,Business,MATH101,84.8,87.8,54.0,65.5,57.0,84.8,50,107,12.3,PASS
S0922,Male,22,Engineering,ENG101,67.8,66.9,55.6,52.9,33.3,89.1,45,79,14.0,PASS
S0923,Female,27,Physics,CS201,73.5,80.5,70.8,91.8,28.6,81.9,52,64,22.5,PASS
S0924,Female,23,Engineering,ENG101,42.4,43.1,47.3,25.8,23.7,65.1,27,63,14.6,FAIL
S0925,Male,29,Engineering,CS101,85.9,88.6,67.9,71.6,56.1,94.9,33,52,12.5,PASS
S0926,Male,27,Computer Science,MATH101,86.7,87.1,91.5,73.3,56.8,91.1,57,67,14.3,PASS
S0927,Male,25,Engineering,PHY101,75.8,73.1,60.7,75.1,49.6,85.1,51,98,15.0,PASS
S0928,Female,22,Computer Science,MATH101,53.1,52.3,55.3,50.5,19.0,63.9,31,75,13.4,PASS
S0929,Female,28,Business,CS201,73.2,76.8,60.0,68.8,60.4,86.9,38,95,16.3,PASS
S0930,Male,18,Computer Science,PHY101,75.0,79.8,50.9,59.8,59.3,76.0,43,93,15.5,PASS
S0931,Male,22,Engineering,MATH101,100.0,89.9,82.5,74.9,63.0,80.1,50,100,18.7,PASS
S0932,Female,20,Mathematics,CS201,56.2,57.8,41.3,26.5,22.3,67.6,30,93,8.7,FAIL
S0933,Female,21,Engineering,BUS101,64.8,64.4,68.2,38.8,42.0,85.3,45,61,12.1,PASS
S0934,Female,25,Computer Science,CS101,81.2,74.4,67.8,40.9,43.6,89.0,46,105,15.1,PASS
S0935,Male,24,Computer Science,ENG101,53.9,58.1,56.7,76.9,28.1,76.3,25,74,7.0,PASS
S0936,Male,28,Mathematics,ENG101,82.1,91.2,64.3,79.1,57.3,63.1,45,92,14.5,PASS
S0937,Male,22,Computer Science,ENG101,73.7,81.1,54.2,65.0,39.2,92.9,47,108,20.0,PASS
S0938,Female,19,Engineering,BUS101,42.7,31.1,43.5,58.6,42.6,81.3,28,50,10.5,PASS
S0939,Male,23,Engineering,CS101,58.8,60.5,64.8,41.3,42.9,72.1,36,88,14.8,PASS
S0940,Female,28,Business,MATH101,63.1,59.8,54.1,71.6,49.9,92.5,40,66,19.4,PASS
S0941,Male,23,Business,MATH101,30.8,28.6,36.7,39.0,7.7,59.4,14,87,14.1,FAIL
S0942,Female,27,Mathematics,CS101,84.4,83.1,65.1,66.4,43.2,86.2,44,120,14.1,PASS
S0943,Female,27,Computer Science,PHY101,63.8,52.7,61.5,73.5,23.4,80.2,42,92,15.5,PASS
S0944,Female,28,Computer Science,CS101,60.3,50.0,56.3,66.1,52.0,80.4,39,95,16.6,PASS
S0945,Male,23,Computer Science,ENG101,91.0,91.4,77.1,52.0,89.1,73.4,58,64,16.3,PASS
S0946,Male,26,Computer Science,MATH101,82.3,83.6,66.9,73.4,55.6,69.0,50,81,18.7,PASS
S0947,Male,28,Computer Science,CS101,60.1,59.1,54.1,45.1,39.2,77.1,35,80,13.7,PASS
S0948,Female,25,Engineering,MATH101,78.3,72.1,78.9,69.4,41.3,74.7,43,94,18.3,PASS
S0949,Female,25,Engineering,CS101,88.0,86.0,96.8,68.8,72.2,89.7,49,87,18.9,PASS
S0950,Female,18,Business,CS201,73.8,81.0,65.5,45.4,43.7,83.4,21,80,18.9,PASS
S0951,Female,22,Engineering,ENG101,78.3,76.5,68.4,43.1,39.2,96.8,31,78,14.2,PASS
S0952,Female,24,Business,CS101,72.3,69.8,61.1,53.6,25.7,94.7,41,87,16.6,PASS
S0953,Male,23,Engineering,BUS101,63.8,70.0,65.8,53.1,25.8,79.7,54,68,19.6,PASS
S0954,Female,22,Computer Science,CS101,77.8,76.7,62.0,64.5,47.5,98.3,42,60,18.3,PASS
S0955,Male,25,Engineering,CS201,52.1,55.5,60.3,53.5,9.2,77.7,44,34,15.1,PASS
S0956,Male,20,Computer Science,BUS101,66.3,68.6,60.0,69.5,25.1,79.5,28,91,11.7,PASS
S0957,Male,23,Computer Science,BUS101,72.2,67.7,65.5,61.0,63.3,98.7,38,88,9.9,PASS
S0958,Male,22,Engineering,CS101,65.4,60.4,71.6,88.0,49.2,70.1,34,83,14.5,PASS
S0959,Male,25,Physics,CS201,74.1,67.3,52.3,70.2,40.5,66.7,45,102,19.4,PASS
S0960,Female,21,Business,BUS101,65.2,60.2,55.9,38.9,50.4,77.2,47,59,13.7,PASS
S0961,Male,25,Computer Science,ENG101,83.6,87.7,66.4,45.8,41.0,86.9,43,90,16.5,PASS
S0962,Female,27,Mathematics,PHY101,86.6,82.5,69.7,73.6,61.3,92.3,43,115,15.5,PASS
S0963,Male,19,Business,ENG101,56.3,55.6,41.1,45.9,29.4,65.5,48,72,11.7,FAIL
S0964,Male,26,Business,MATH101,93.7,92.3,79.5,63.6,79.8,86.5,60,94,18.2,PASS
S0965,Male,26,Mathematics,MATH101,50.3,52.2,42.7,48.4,16.5,62.9,32,90,15.7,FAIL
S0966,Male,27,Engineering,CS201,99.0,92.2,79.5,69.7,77.7,86.8,49,96,24.0,PASS
S0967,Female,27,Computer Science,BUS101,52.2,57.6,46.8,45.1,29.8,89.0,38,49,10.7,PASS
S0968,Male,23,Engineering,ENG101,82.7,89.9,60.8,75.7,27.1,86.3,48,89,13.5,PASS
S0969,Female,21,Engineering,ENG101,70.4,70.2,70.3,66.7,45.9,71.6,43,75,13.7,PASS
S0970,Male,21,Engineering,PHY101,53.1,41.9,39.5,58.9,40.2,56.3,20,58,12.9,FAIL
S0971,Female,23,Business,CS201,72.0,67.7,67.5,87.6,61.2,77.9,45,106,17.1,PASS
S0972,Female,22,Physics,BUS101,62.7,64.3,75.2,69.0,46.8,78.6,54,84,11.4,PASS
S0973,Female,23,Physics,CS201,82.9,84.7,62.6,69.2,38.6,84.9,32,106,24.9,PASS
S0974,Male,24,Mathematics,CS101,62.3,61.0,69.6,61.4,49.8,65.5,26,58,13.3,PASS
S0975,Male,24,Mathematics,ENG101,67.3,72.8,46.9,66.3,41.1,82.1,30,79,15.4,PASS
S0976,Male,26,Physics,CS201,79.2,76.3,79.5,83.6,28.5,65.8,49,103,18.2,PASS
S0977,Female,25,Computer Science,CS201,69.0,73.9,78.2,55.1,40.4,81.9,26,92,12.1,PASS
S0978,Male,23,Computer Science,PHY101,67.6,67.6,46.1,38.7,26.4,78.7,49,102,18.4,PASS
S0979,Male,29,Engineering,CS101,76.7,73.9,59.6,49.2,44.4,89.6,35,82,21.7,PASS
S0980,Female,23,Mathematics,MATH101,36.9,40.5,40.4,43.9,30.9,82.1,38,70,8.0,FAIL
S0981,Male,22,Engineering,ENG101,71.9,71.7,66.5,46.3,29.6,58.2,37,89,18.2,PASS
S0982,Female,18,Business,PHY101,95.1,99.5,71.6,70.9,60.6,95.2,43,102,18.2,PASS
S0983,Male,26,Computer Science,CS201,68.5,83.0,62.7,32.7,54.1,91.1,44,86,13.8,PASS
S0984,Male,26,Computer Science,ENG101,79.5,74.8,78.6,89.6,40.2,90.7,48,83,16.6,PASS
S0985,Female,26,Business,MATH101,89.4,93.8,72.9,51.7,50.2,81.4,41,107,18.4,PASS
S0986,Male,28,Computer Science,CS201,76.9,80.1,53.6,54.9,59.0,94.0,45,98,17.6,PASS
S0987,Female,25,Engineering,CS101,100.0,100.0,99.0,70.7,73.4,84.4,55,104,22.2,PASS
S0988,Male,27,Computer Science,ENG101,96.4,100.0,85.6,91.1,43.9,78.1,34,88,18.6,PASS
S0989,Male,20,Engineering,PHY101,86.7,94.5,59.8,66.2,39.5,85.8,45,89,17.9,PASS
S0990,Female,18,Business,CS101,87.3,82.3,67.4,50.8,61.8,85.0,45,71,22.3,PASS
S0991,Female,28,Engineering,MATH101,63.8,57.4,69.8,56.6,35.5,87.9,24,75,11.9,PASS
S0992,Female,29,Business,MATH101,55.5,50.8,48.1,54.1,31.4,69.8,37,78,14.6,FAIL
S0993,Male,29,Computer Science,ENG101,71.2,70.4,83.8,72.6,21.6,82.7,41,100,12.2,PASS
S0994,Female,25,Mathematics,MATH101,65.3,72.2,52.9,44.9,33.7,68.1,46,73,16.9,PASS
S0995,Male,24,Engineering,BUS101,44.3,52.3,57.1,60.5,24.6,86.7,37,65,11.2,PASS
S0996,Male,22,Business,PHY101,60.9,59.1,29.8,53.5,45.2,84.1,50,94,12.9,PASS
S0997,Female,27,Business,ENG101,55.0,54.5,66.4,70.9,28.6,53.8,39,96,8.9,PASS
S0998,Male,24,Computer Science,BUS101,100.0,94.1,67.2,75.5,68.7,100.0,42,97,20.4,PASS
S0999,Female,27,Mathematics,MATH101,88.9,89.3,87.1,67.6,51.3,88.3,43,104,18.2,PASS
S1000,Male,21,Business,ENG101,67.4,66.4,53.8,58.4,55.5,81.1,48,71,16.8,PASS
S1001,Male,26,Engineering,BUS101,84.0,83.0,88.8,79.2,50.2,100.0,52,95,14.6,PASS
S1002,Female,28,Computer Science,MATH101,79.1,85.0,72.4,73.5,41.3,67.4,50,89,21.1,PASS
S1003,Female,27,Physics,CS201,42.8,44.8,64.7,42.5,16.9,77.2,40,55,9.6,FAIL
S1004,Female,19,Mathematics,CS201,44.6,38.0,49.1,80.4,14.3,69.8,36,77,8.8,FAIL
S1005,Female,26,Computer Science,CS101,80.0,67.2,62.4,62.8,51.8,74.8,45,83,19.2,PASS
S1006,Female,26,Engineering,CS201,49.8,52.6,39.5,40.2,53.4,88.4,34,101,11.1,PASS
S1007,Female,22,Mathematics,BUS101,66.3,67.5,69.5,71.4,49.2,71.1,48,74,19.7,PASS
S1008,Female,28,Business,PHY101,54.9,56.8,85.3,50.9,37.9,70.6,39,52,8.9,PASS
S1009,Male,18,Mathematics,CS201,78.0,79.1,82.1,49.3,32.0,86.4,27,90,16.2,PASS
S1010,Male,24,Engineering,ENG101,72.5,66.8,62.8,72.3,29.3,93.7,45,97,20.0,PASS
S1011,Male,27,Business,ENG101,73.1,72.1,80.9,89.4,55.2,78.7,49,82,16.2,PASS
S1012,Female,27,Engineering,ENG101,28.5,27.0,39.4,24.6,22.7,76.7,22,71,6.6,FAIL
S1013,Female,21,Computer Science,CS201,96.9,96.5,76.1,85.9,50.5,100.0,45,110,19.7,PASS
S1014,Male,26,Business,CS201,100.0,100.0,74.4,61.4,39.4,100.0,50,95,19.8,PASS
S1015,Female,23,Physics,CS101,77.6,74.8,71.5,45.1,44.2,95.7,55,128,19.9,PASS
S1016,Female,20,Engineering,PHY101,90.6,84.8,76.5,76.8,43.6,99.6,45,92,23.8,PASS
S1017,Male,23,Engineering,PHY101,73.6,80.3,72.4,40.7,37.8,91.9,40,115,15.4,PASS
S1018,Female,27,Business,MATH101,65.8,62.1,56.6,44.8,24.1,66.5,44,97,14.1,PASS
S1019,Female,23,Engineering,CS101,69.0,74.7,65.5,61.1,51.0,84.8,42,110,14.1,PASS
S1020,Male,22,Mathematics,BUS101,64.3,75.1,63.1,62.5,31.3,83.6,34,94,15.4,PASS
S1021,Female,19,Mathematics,ENG101,74.2,81.7,72.7,81.9,50.6,88.0,43,94,17.7,PASS
S1022,Male,27,Computer Science,CS201,74.8,78.1,73.5,58.9,49.5,73.7,43,76,17.2,PASS
S1023,Female,27,Physics,MATH101,69.5,68.5,61.2,77.7,34.7,86.7,51,78,11.4,PASS
S1024,Female,19,Mathematics,MATH101,84.1,88.6,75.4,63.2,48.2,95.5,38,78,14.4,PASS
S1025,Female,24,Mathematics,CS201,71.2,71.0,54.9,52.2,63.8,84.2,42,91,19.6,PASS
S1026,Male,19,Business,CS101,81.2,88.3,80.1,78.0,36.4,73.7,49,108,13.3,PASS
S1027,Female,29,Mathematics,MATH101,100.0,100.0,95.5,99.0,49.9,84.1,59,103,18.6,PASS
S1028,Female,23,Computer Science,PHY101,79.4,81.3,89.8,60.4,22.4,87.9,39,99,22.6,PASS
S1029,Male,22,Engineering,CS101,80.2,80.4,70.5,52.7,46.3,85.5,59,109,17.4,PASS
S1030,Female,21,Mathematics,CS201,72.6,70.1,68.8,50.9,18.4,67.5,28,78,16.2,PASS
S1031,Male,24,Computer Science,CS101,60.7,60.6,62.9,35.7,30.5,81.5,26,91,12.8,PASS
S1032,Female,25,Computer Science,PHY101,59.0,60.4,66.4,56.4,13.7,66.7,39,99,15.1,PASS
S1033,Male,21,Mathematics,ENG101,19.4,18.1,24.1,9.4,20.4,55.7,13,74,10.8,FAIL
S1034,Male,18,Mathematics,CS201,56.7,58.2,59.8,59.3,32.0,65.8,32,101,14.7,PASS
S1035,Male,18,Computer Science,PHY101,74.2,79.1,41.2,55.1,4.5,67.4,46,107,15.5,PASS
S1036,Female,18,Mathematics,CS201,70.8,72.2,71.2,65.3,30.9,59.9,53,72,14.6,PASS
S1037,Male,28,Business,PHY101,58.6,55.9,71.7,61.4,29.4,64.0,40,74,13.7,PASS
S1038,Female,18,Engineering,PHY101,65.9,52.1,48.3,57.8,45.9,81.3,43,91,16.1,PASS
S1039,Male,22,Mathematics,MATH101,55.8,61.9,58.6,40.5,43.9,78.9,42,80,7.0,PASS
S1040,Male,21,Engineering,MATH101,41.5,40.9,53.7,42.2,29.6,69.1,20,38,12.5,FAIL
S1041,Female,26,Computer Science,MATH101,73.8,74.8,61.0,56.8,47.9,78.9,47,51,18.7,PASS
S1042,Female,20,Computer Science,ENG101,56.3,59.0,45.3,58.4,38.7,77.4,37,48,12.7,PASS
S1043,Male,24,Engineering,ENG101,69.8,72.5,40.0,51.1,49.6,74.4,35,99,13.4,PASS
S1044,Female,28,Engineering,PHY101,81.2,84.9,62.8,78.9,48.8,77.0,37,96,14.5,PASS
S1045,Female,25,Mathematics,BUS101,66.9,71.9,44.8,48.1,37.5,82.7,39,79,9.1,PASS
S1046,Female,23,Mathematics,CS201,75.3,79.1,67.5,54.8,47.4,93.8,49,79,16.3,PASS
S1047,Male,29,Business,MATH101,50.7,35.1,50.9,49.6,44.4,66.6,44,88,13.4,PASS
S1048,Male,27,Mathematics,CS201,69.8,71.7,50.6,87.9,13.7,81.8,40,95,17.9,PASS
S1049,Female,18,Computer Science,PHY101,50.7,52.0,60.8,66.8,2.9,65.6,44,52,20.1,FAIL
S1050,Male,25,Computer Science,CS101,44.5,43.2,64.3,47.7,33.4,77.7,25,58,11.9,PASS
S1051,Female,27,Mathematics,PHY101,86.4,88.8,85.4,75.1,41.1,100.0,42,88,21.1,PASS
S1052,Female,20,Computer Science,ENG101,53.6,53.7,36.5,35.6,33.0,82.0,50,69,8.2,FAIL
S1053,Female,25,Computer Science,BUS101,100.0,97.2,100.0,63.8,59.6,93.9,60,95,18.6,PASS
S1054,Female,29,Business,CS101,40.2,46.4,60.3,51.0,50.1,76.4,26,61,14.1,FAIL
S1055,Female,21,Engineering,CS201,93.3,95.1,62.0,65.6,64.1,89.5,54,85,19.4,PASS
S1056,Male,25,Mathematics,ENG101,81.3,82.1,61.8,58.2,60.8,81.5,40,96,20.6,PASS
S1057,Female,28,Computer Science,MATH101,65.0,54.6,62.1,56.4,35.3,66.4,37,87,18.0,PASS
S1058,Male,18,Computer Science,CS101,60.2,70.8,51.3,48.5,26.5,78.1,38,50,19.1,PASS
S1059,Male,20,Engineering,ENG101,70.0,60.7,82.7,55.8,31.9,80.2,30,75,17.7,PASS
S1060,Female,23,Business,CS201,100.0,100.0,88.9,85.4,74.7,88.7,52,72,19.6,PASS
S1061,Female,26,Engineering,PHY101,64.8,68.3,49.6,51.7,45.2,81.8,50,106,17.4,PASS
S1062,Female,19,Engineering,CS201,66.3,74.5,66.7,64.6,40.7,85.4,39,83,12.0,PASS
S1063,Female,28,Mathematics,CS101,59.2,54.4,57.9,49.8,56.1,81.9,33,74,20.3,PASS
S1064,Male,18,Physics,CS101,78.9,74.9,72.3,72.8,45.7,81.0,39,96,15.4,PASS
S1065,Male,27,Computer Science,PHY101,75.1,79.1,62.3,55.6,35.8,86.6,25,104,16.2,PASS
S1066,Female,20,Engineering,CS101,60.4,63.7,65.7,37.1,32.1,70.2,19,52,15.0,PASS
S1067,Male,21,Engineering,BUS101,70.9,79.4,71.7,53.9,55.4,65.1,56,73,17.7,PASS
S1068,Male,28,Physics,MATH101,51.2,56.6,58.4,55.7,14.3,70.1,32,76,16.4,PASS
S1069,Male,22,Physics,ENG101,97.9,96.3,95.0,76.6,58.2,89.4,42,81,17.3,PASS
S1070,Male,20,Computer Science,PHY101,57.3,56.8,42.3,56.7,53.7,60.0,30,69,10.1,PASS
S1071,Male,27,Business,CS201,100.0,100.0,100.0,99.5,64.9,91.0,50,73,17.5,PASS
S1072,Male,28,Engineering,CS201,78.7,71.0,78.7,82.5,44.8,85.4,42,76,17.4,PASS
S1073,Male,19,Computer Science,MATH101,74.3,77.1,62.4,79.8,67.7,90.5,45,75,18.2,PASS
S1074,Male,19,Computer Science,CS101,71.6,74.8,59.0,58.2,47.1,85.0,31,110,17.6,PASS
S1075,Female,24,Engineering,CS101,65.3,61.3,57.3,60.8,19.9,66.4,43,92,15.8,PASS
S1076,Male,26,Engineering,CS201,72.6,71.6,63.8,58.2,41.5,84.8,46,66,16.8,PASS
S1077,Male,27,Computer Science,MATH101,70.6,60.7,50.9,33.7,57.0,81.5,39,77,18.9,PASS
S1078,Female,19,Business,CS201,57.9,62.5,58.1,65.9,36.7,81.5,44,84,16.2,PASS
S1079,Male,24,Computer Science,CS101,100.0,100.0,90.2,93.6,78.6,100.0,60,88,15.8,PASS
S1080,Female,24,Business,PHY101,93.4,86.9,65.4,47.9,43.2,81.0,46,87,20.4,PASS
S1081,Female,28,Engineering,ENG101,98.7,93.4,75.1,70.4,58.2,86.6,49,124,21.6,PASS
S1082,Male,24,Computer Science,CS101,73.3,71.2,80.2,89.7,48.3,81.8,45,68,13.8,PASS
S1083,Male,20,Engineering,PHY101,61.9,66.1,72.4,56.6,22.2,73.9,44,112,16.7,PASS
S1084,Female,29,Computer Science,ENG101,48.9,51.4,56.5,32.6,29.3,55.3,41,56,12.2,PASS
S1085,Female,24,Engineering,BUS101,64.8,60.7,53.8,70.0,44.0,88.0,45,51,16.9,PASS
S1086,Male,18,Computer Science,MATH101,70.5,67.5,58.0,62.3,27.1,60.1,47,110,11.7,PASS
S1087,Female,27,Engineering,PHY101,92.3,92.6,74.9,87.0,37.6,90.6,49,101,15.6,PASS
S1088,Male,18,Computer Science,BUS101,75.4,71.4,79.7,60.5,59.5,69.8,49,85,19.3,PASS
S1089,Female,22,Business,CS101,100.0,97.4,100.0,63.8,61.4,79.9,56,106,22.4,PASS
S1090,Male,19,Mathematics,MATH101,74.3,77.8,61.6,77.4,16.5,88.5,41,66,9.9,PASS
S1091,Female,26,Computer Science,PHY101,67.1,60.9,63.8,52.6,32.1,92.6,51,75,14.5,PASS
S1092,Female,24,Engineering,CS101,57.8,57.1,58.0,48.8,35.6,80.5,26,93,6.4,PASS
S1093,Female,21,Computer Science,MATH101,69.0,67.9,54.7,78.5,14.1,78.0,42,74,21.3,PASS
S1094,Male,21,Business,MATH101,62.3,62.1,49.6,86.1,26.3,77.0,42,71,12.8,PASS
S1095,Male,19,Computer Science,CS101,75.0,76.3,62.8,56.7,41.1,95.1,42,105,15.4,PASS
S1096,Male,22,Engineering,CS101,61.7,64.8,59.9,58.1,33.2,90.3,53,80,12.1,PASS
S1097,Male,21,Engineering,PHY101,77.7,81.6,62.6,47.2,33.9,88.3,43,94,15.6,PASS
S1098,Male,29,Physics,MATH101,87.6,85.9,78.2,65.0,50.9,98.1,57,72,16.4,PASS
S1099,Female,18,Engineering,PHY101,40.1,39.3,40.4,63.4,19.2,67.3,28,70,14.6,FAIL
S1100,Male,29,Business,MATH101,64.8,66.6,60.9,63.2,36.6,86.4,38,103,14.2,PASS
S1101,Male,25,Engineering,PHY101,83.4,84.3,64.5,85.8,53.7,72.2,47,65,15.8,PASS
S1102,Female,20,Physics,CS101,85.5,88.4,72.3,50.1,29.0,80.6,45,78,19.1,PASS
S1103,Female,23,Mathematics,CS101,83.9,86.1,84.3,61.4,58.9,81.2,36,110,11.7,PASS
S1104,Female,21,Computer Science,CS201,86.9,82.8,94.6,57.6,58.5,97.6,49,99,16.2,PASS
S1105,Female,26,Mathematics,PHY101,68.9,78.3,50.7,48.4,47.2,78.6,41,72,14.7,PASS
S1106,Male,24,Engineering,CS201,53.8,53.8,58.1,65.8,30.1,85.7,31,76,9.6,PASS
S1107,Male,26,Mathematics,CS201,64.6,68.1,85.9,49.3,36.3,73.6,22,78,16.3,PASS
S1108,Female,27,Mathematics,BUS101,58.6,61.7,63.5,39.5,33.7,85.1,25,46,13.6,PASS
S1109,Female,20,Computer Science,MATH101,77.2,78.5,67.2,66.9,47.2,88.5,31,90,18.3,PASS
S1110,Male,18,Business,ENG101,61.9,63.2,78.2,55.0,46.6,56.5,38,58,15.9,PASS
S1111,Female,22,Computer Science,BUS101,79.5,84.2,81.2,55.1,56.8,93.9,53,94,21.2,PASS
S1112,Male,20,Computer Science,MATH101,89.4,88.4,61.9,79.4,50.3,81.4,41,71,15.5,PASS
S1113,Male,23,Computer Science,ENG101,93.0,96.9,64.5,88.0,62.9,75.6,53,109,21.8,PASS
S1114,Female,25,Business,CS201,66.3,68.8,57.9,65.1,45.6,71.1,32,82,13.4,PASS
S1115,Female,28,Computer Science,ENG101,92.7,98.6,79.8,66.4,63.9,82.2,46,78,19.2,PASS
S1116,Female,21,Computer Science,CS101,65.1,62.6,80.2,46.6,34.4,71.2,37,65,16.1,PASS
S1117,Male,22,Business,CS101,73.9,74.3,80.4,70.0,59.8,73.3,43,76,19.3,PASS
S1118,Female,22,Computer Science,PHY101,59.7,55.4,73.9,67.0,45.5,75.4,36,78,14.2,PASS
S1119,Male,21,Computer Science,MATH101,67.6,73.2,41.0,57.0,27.5,84.6,41,79,18.0,PASS
S1120,Male,21,Computer Science,BUS101,91.7,88.0,67.2,81.2,45.4,99.1,54,100,23.1,PASS
S1121,Female,21,Engineering,CS201,57.5,59.1,47.6,21.1,52.7,93.3,41,81,12.5,PASS
S1122,Female,21,Engineering,MATH101,49.6,47.3,47.7,44.8,7.5,97.0,37,89,11.6,PASS
S1123,Female,21,Computer Science,CS201,77.9,83.6,67.7,94.1,46.4,86.5,45,121,14.2,PASS
S1124,Female,22,Physics,CS101,62.6,62.3,62.4,59.8,62.7,77.3,32,78,12.8,PASS
S1125,Female,19,Business,BUS101,67.6,70.8,63.2,51.7,53.4,87.5,37,81,15.8,PASS
S1126,Female,19,Engineering,BUS101,61.2,55.7,78.6,54.5,49.0,66.9,39,86,13.7,PASS
S1127,Male,26,Engineering,CS101,82.5,79.4,55.3,46.0,35.2,82.5,46,79,16.8,PASS
S1128,Male,19,Engineering,ENG101,68.8,71.8,81.6,38.8,50.8,84.6,31,64,16.3,PASS
S1129,Male,23,Business,BUS101,68.4,74.9,72.9,90.4,59.5,71.2,23,72,14.6,PASS
S1130,Male,19,Computer Science,ENG101,90.4,93.0,71.4,63.3,50.5,97.0,47,95,14.3,PASS
S1131,Female,22,Computer Science,CS201,83.2,95.1,98.0,73.4,50.0,89.7,37,95,14.9,PASS
S1132,Male,21,Mathematics,BUS101,57.3,61.2,63.2,58.6,46.5,73.5,48,109,14.8,PASS
S1133,Male,29,Computer Science,PHY101,75.3,75.4,32.9,60.0,42.6,86.7,48,63,17.2,PASS
S1134,Male,24,Engineering,CS101,15.5,13.9,44.0,22.8,0.0,62.5,29,62,4.8,FAIL
S1135,Female,24,Mathematics,ENG101,49.9,59.0,35.9,18.3,0.0,57.5,24,70,10.6,FAIL
S1136,Male,23,Business,PHY101,55.9,59.9,65.9,40.8,37.3,87.7,44,95,11.3,PASS
S1137,Female,27,Engineering,CS201,52.2,49.6,57.6,46.1,25.3,75.0,31,58,11.9,FAIL
S1138,Male,22,Business,CS201,79.4,76.1,54.2,60.9,14.7,86.7,50,101,19.6,PASS
S1139,Male,18,Computer Science,BUS101,67.6,64.3,64.8,81.9,31.0,86.8,47,75,19.9,PASS
S1140,Female,29,Business,BUS101,100.0,100.0,93.6,74.7,55.3,71.8,37,114,20.7,PASS
S1141,Female,20,Engineering,PHY101,70.5,62.9,60.2,63.2,36.5,79.8,33,84,20.1,PASS
S1142,Male,26,Mathematics,MATH101,39.8,37.3,58.0,30.2,37.5,64.8,44,82,9.9,FAIL
S1143,Female,18,Physics,MATH101,55.1,56.6,65.2,45.3,41.0,90.5,25,82,14.3,PASS
S1144,Female,22,Physics,BUS101,80.5,80.6,57.4,90.1,46.5,83.6,48,75,16.4,PASS
S1145,Male,19,Physics,MATH101,67.6,65.4,62.3,50.6,25.3,78.8,32,53,17.2,PASS
S1146,Female,21,Engineering,CS101,80.0,83.5,80.5,64.0,56.5,79.9,53,112,19.6,PASS
S1147,Female,28,Engineering,PHY101,58.1,61.5,51.0,67.9,52.5,93.1,36,74,12.0,PASS
S1148,Female,18,Engineering,CS101,90.3,89.2,89.7,94.4,74.9,79.9,47,114,21.8,PASS
S1149,Female,20,Business,MATH101,63.0,60.4,74.1,72.2,34.5,68.7,48,80,12.9,PASS
S1150,Female,27,Mathematics,BUS101,72.5,76.9,75.4,72.5,50.6,73.5,55,101,12.5,PASS
S1151,Female,24,Computer Science,CS101,66.1,65.3,63.6,46.5,31.9,73.5,39,68,18.2,FAIL
S1152,Female,27,Physics,CS201,57.5,57.6,45.6,58.5,24.6,76.9,41,81,14.6,PASS
S1153,Female,20,Mathematics,BUS101,68.3,72.2,76.5,55.7,49.6,87.3,40,131,15.7,PASS
S1154,Female,21,Physics,PHY101,81.3,75.8,86.1,68.6,33.8,76.2,59,76,18.2,PASS
S1155,Female,19,Mathematics,ENG101,54.3,51.7,58.5,42.6,26.7,91.0,48,86,12.2,PASS
S1156,Female,20,Computer Science,ENG101,73.5,72.2,74.9,53.9,57.9,85.2,43,86,17.9,PASS
S1157,Male,26,Computer Science,BUS101,89.6,99.1,80.2,54.6,47.8,72.5,52,101,14.7,PASS
S1158,Female,20,Computer Science,MATH101,75.0,68.7,63.1,63.3,32.6,63.3,51,88,22.0,PASS
S1159,Female,28,Computer Science,CS101,88.8,89.0,88.8,75.7,77.2,86.8,41,67,15.7,PASS
S1160,Male,22,Business,CS101,62.1,57.7,63.6,39.0,44.1,71.9,37,88,11.0,PASS
S1161,Female,19,Mathematics,BUS101,62.4,74.0,64.2,43.7,17.8,69.9,47,87,16.3,PASS
S1162,Male,21,Mathematics,CS201,84.0,85.3,77.2,64.7,54.4,79.1,35,116,14.8,PASS
S1163,Male,29,Business,PHY101,62.5,57.7,36.5,55.5,36.0,72.7,44,63,17.1,PASS
S1164,Female,24,Computer Science,MATH101,62.4,54.2,63.1,50.8,47.2,81.2,43,85,16.5,PASS
S1165,Male,24,Computer Science,CS201,75.9,79.0,49.3,64.8,51.6,87.4,37,70,13.0,PASS
S1166,Female,29,Computer Science,BUS101,58.3,59.3,43.0,56.6,34.4,76.5,46,94,13.4,PASS
S1167,Female,20,Engineering,BUS101,100.0,100.0,71.4,94.2,63.2,92.2,53,111,24.6,PASS
S1168,Male,22,Engineering,CS201,81.3,76.2,50.6,52.9,52.6,74.4,39,87,15.7,PASS
S1169,Male,18,Computer Science,ENG101,100.0,100.0,74.8,74.7,64.8,86.6,39,80,17.8,PASS
S1170,Male,27,Engineering,BUS101,88.5,88.9,81.8,70.3,48.6,88.4,43,94,17.9,PASS
S1171,Female,27,Computer Science,PHY101,59.1,61.2,60.9,39.5,18.1,78.0,30,87,15.4,PASS
S1172,Female,27,Business,MATH101,70.3,73.4,80.1,55.1,39.5,88.6,37,101,14.1,PASS
S1173,Female,28,Engineering,CS201,77.7,78.2,62.6,71.5,41.1,84.0,40,69,14.4,PASS
S1174,Male,18,Engineering,ENG101,62.6,69.1,47.9,48.6,36.8,58.4,48,66,16.5,PASS
S1175,Female,22,Engineering,CS201,68.7,66.0,61.6,61.2,54.4,74.8,30,68,21.1,PASS
S1176,Female,27,Physics,ENG101,79.8,85.0,67.6,65.7,65.4,99.9,35,86,17.0,PASS
S1177,Female,26,Computer Science,ENG101,82.1,88.8,73.6,81.3,57.9,78.4,41,82,15.5,PASS
S1178,Male,18,Engineering,PHY101,71.8,77.0,59.0,67.9,52.8,79.4,60,99,15.0,PASS
S1179,Female,18,Business,MATH101,97.7,100.0,83.8,81.7,57.5,67.8,37,107,15.1,PASS
S1180,Female,21,Business,BUS101,70.3,66.6,72.8,53.3,37.5,70.5,25,97,15.4,PASS
S1181,Female,21,Physics,ENG101,81.2,83.7,92.0,64.9,57.6,77.2,55,109,18.8,PASS
S1182,Male,19,Engineering,BUS101,83.9,85.9,93.6,76.7,62.0,100.0,41,69,15.7,PASS
S1183,Female,26,Engineering,MATH101,76.1,76.5,86.0,66.1,57.2,82.8,36,87,11.6,PASS
S1184,Female,26,Computer Science,BUS101,60.2,63.4,53.3,54.8,34.4,76.3,41,82,16.8,PASS
S1185,Male,19,Business,PHY101,91.1,97.1,86.2,92.1,55.7,84.0,53,83,14.1,PASS
S1186,Female,26,Computer Science,PHY101,71.8,68.2,61.6,54.5,66.3,68.4,48,85,15.1,PASS
S1187,Female,23,Computer Science,CS101,40.7,34.7,41.6,36.3,0.0,82.8,37,77,15.8,FAIL
S1188,Male,25,Engineering,PHY101,100.0,99.0,80.8,80.5,71.8,72.5,44,92,21.1,PASS
S1189,Male,27,Engineering,ENG101,82.3,69.9,73.7,49.8,45.3,83.3,50,92,11.5,PASS
S1190,Female,21,Computer Science,MATH101,95.1,94.8,88.7,56.5,53.0,67.1,52,92,15.7,PASS
S1191,Male,19,Business,PHY101,76.6,83.7,63.8,43.6,42.5,77.1,54,97,14.0,PASS
S1192,Female,19,Business,CS201,74.4,67.3,72.0,52.9,22.4,59.1,54,101,12.7,PASS
S1193,Male,26,Computer Science,MATH101,70.4,68.3,71.1,51.2,39.7,73.1,34,93,11.4,PASS
S1194,Female,18,Engineering,ENG101,66.1,60.4,60.7,38.3,55.0,88.8,53,105,11.8,PASS
S1195,Male,29,Business,MATH101,91.8,93.8,63.1,57.0,51.6,72.8,44,57,20.6,PASS
S1196,Female,24,Engineering,PHY101,72.2,75.4,74.2,58.8,41.5,75.6,30,80,18.5,PASS
S1197,Female,28,Engineering,CS201,39.8,39.9,41.8,53.7,13.2,80.7,45,53,6.0,FAIL
S1198,Female,20,Engineering,CS101,72.8,69.4,77.4,61.8,43.9,100.0,48,110,22.3,PASS
S1199,Female,20,Business,ENG101,38.1,39.0,56.2,59.1,0.0,73.7,16,50,13.4,FAIL
S1200,Male,19,Physics,ENG101,100.0,100.0,87.6,86.3,50.5,85.2,46,121,25.3,PASS
S1201,Female,27,Business,MATH101,77.7,82.1,57.1,87.1,51.2,80.1,38,84,13.3,PASS
S1202,Male,23,Computer Science,BUS101,58.0,55.9,73.5,35.5,18.9,70.4,33,68,10.0,FAIL
S1203,Male,27,Engineering,BUS101,73.0,71.3,64.1,77.1,28.9,79.6,57,91,18.5,PASS
S1204,Male,19,Mathematics,CS201,57.2,55.4,53.1,33.7,28.7,100.0,35,108,15.0,PASS
S1205,Male,27,Computer Science,CS101,61.0,63.5,44.6,72.4,42.6,87.8,34,67,15.3,PASS
S1206,Female,21,Physics,CS101,87.0,80.1,84.2,69.2,64.4,92.0,54,97,17.1,PASS
S1207,Female,27,Physics,MATH101,61.3,64.0,38.4,47.1,36.8,82.0,35,86,13.5,FAIL
S1208,Male,26,Computer Science,MATH101,90.5,87.8,93.3,82.0,50.6,88.3,60,80,21.2,PASS
S1209,Male,26,Physics,BUS101,100.0,98.7,92.6,74.6,64.9,91.3,52,90,18.1,PASS
S1210,Female,23,Engineering,PHY101,60.4,56.7,57.9,47.7,33.6,94.4,46,72,9.5,PASS
S1211,Male,21,Mathematics,CS101,55.5,59.2,46.1,54.0,42.1,78.1,52,79,14.3,PASS
S1212,Male,24,Engineering,PHY101,59.3,56.4,63.0,35.3,53.4,75.6,31,58,18.0,FAIL
S1213,Male,18,Engineering,CS101,66.2,61.4,76.7,59.2,37.8,69.4,46,84,10.4,PASS
S1214,Female,29,Business,PHY101,87.4,84.5,75.8,69.6,38.8,87.6,42,76,18.0,PASS
S1215,Female,21,Mathematics,PHY101,51.1,45.7,42.3,51.0,30.0,69.3,37,72,6.2,FAIL
S1216,Male,22,Computer Science,CS101,62.0,66.3,32.9,42.5,61.4,76.9,23,64,17.8,PASS
S1217,Male,25,Business,CS201,64.9,59.4,64.3,63.9,42.7,69.9,35,102,12.1,PASS
S1218,Female,29,Computer Science,CS201,55.0,54.8,42.5,57.5,21.2,77.1,47,81,13.3,PASS
S1219,Female,19,Engineering,MATH101,84.2,80.9,76.1,97.4,50.9,78.7,52,80,17.8,PASS
S1220,Male,29,Engineering,PHY101,79.5,87.3,75.1,79.4,46.8,71.1,41,115,17.2,PASS
S1221,Female,22,Engineering,PHY101,64.9,67.0,53.0,64.0,28.9,92.1,40,59,16.3,PASS
S1222,Male,23,Engineering,PHY101,63.7,60.6,86.7,45.6,53.4,64.6,45,81,19.2,PASS
S1223,Male,22,Computer Science,PHY101,79.7,80.5,71.8,55.3,55.2,76.1,50,96,16.0,PASS
S1224,Female,26,Computer Science,PHY101,47.8,43.2,60.8,48.9,42.6,78.1,38,69,11.5,PASS
S1225,Male,27,Computer Science,BUS101,66.5,69.8,54.0,57.4,2.8,89.9,48,81,11.6,PASS
S1226,Female,18,Engineering,ENG101,58.4,59.2,60.8,52.3,38.4,77.2,36,69,8.4,PASS
S1227,Male,20,Physics,PHY101,42.9,45.0,43.2,61.0,26.7,71.6,21,58,9.7,FAIL
S1228,Male,19,Computer Science,BUS101,67.8,63.0,60.3,47.4,28.9,67.2,33,97,16.5,PASS
S1229,Female,29,Physics,CS201,62.3,55.4,36.9,34.2,42.6,71.8,35,83,13.6,FAIL
S1230,Male,20,Business,PHY101,93.7,85.3,66.0,86.7,44.6,71.2,33,101,23.0,PASS
S1231,Female,27,Business,CS201,75.9,67.9,54.0,58.8,26.3,81.0,34,98,16.3,PASS
S1232,Male,26,Business,MATH101,49.1,49.2,44.2,47.1,38.2,79.5,27,65,16.7,FAIL
S1233,Male,26,Mathematics,ENG101,70.8,80.4,66.9,50.3,40.6,85.1,31,75,16.0,PASS
S1234,Male,27,Computer Science,CS101,67.3,65.3,54.1,65.5,20.7,62.5,27,73,13.4,PASS
S1235,Female,19,Engineering,ENG101,54.4,51.5,48.9,77.5,49.9,82.5,50,78,9.2,PASS
S1236,Male,20,Business,PHY101,89.8,89.5,83.8,74.8,54.6,99.8,54,124,11.5,PASS
S1237,Female,21,Business,PHY101,56.9,53.0,68.9,49.1,24.5,73.3,35,79,11.5,PASS
S1238,Male,26,Mathematics,ENG101,79.1,72.7,74.8,71.3,27.9,99.5,45,44,18.9,PASS
S1239,Female,20,Computer Science,ENG101,83.7,80.4,84.7,66.6,37.0,80.6,42,96,16.3,PASS
S1240,Male,24,Business,MATH101,70.3,69.2,61.9,67.3,22.6,65.6,38,91,12.7,PASS
S1241,Female,29,Engineering,CS201,89.9,99.2,80.1,55.9,74.5,85.5,54,110,18.1,PASS
S1242,Female,20,Engineering,CS101,66.7,64.2,62.4,47.6,64.0,77.0,42,103,14.8,PASS
S1243,Female,24,Engineering,ENG101,55.6,56.5,53.1,42.9,48.1,87.2,28,121,11.9,FAIL
S1244,Female,24,Business,CS101,99.3,92.5,78.1,76.5,39.7,79.8,59,99,21.5,PASS
S1245,Female,26,Mathematics,ENG101,81.3,84.8,67.5,65.0,55.3,88.3,48,94,16.6,PASS
S1246,Female,19,Engineering,CS201,69.1,65.4,71.8,73.1,69.5,63.5,48,90,20.0,PASS
S1247,Male,23,Mathematics,CS101,81.3,75.6,87.0,70.9,39.1,78.9,46,85,15.7,PASS
S1248,Male,26,Engineering,BUS101,81.6,76.5,71.8,73.9,47.9,80.7,45,87,15.1,PASS
S1249,Female,29,Computer Science,CS201,75.1,71.9,57.6,66.2,66.6,77.5,41,77,15.4,PASS
S1250,Female,29,Computer Science,CS101,60.0,54.3,56.7,26.9,40.2,62.4,42,74,16.4,FAIL
S1251,Female,19,Computer Science,ENG101,72.6,74.0,62.4,75.5,51.6,76.3,32,84,17.4,PASS
S1252,Male,19,Engineering,ENG101,82.4,77.0,68.0,72.8,41.2,85.0,49,98,15.7,PASS
S1253,Male,22,Engineering,CS201,85.0,88.2,85.9,81.7,33.5,96.1,33,99,14.7,PASS
S1254,Male,27,Business,CS201,60.0,57.4,55.1,64.4,41.8,70.3,33,63,10.0,PASS
S1255,Female,27,Business,ENG101,74.4,69.8,55.9,64.7,38.7,72.1,54,67,12.6,PASS
S1256,Male,29,Computer Science,CS101,71.5,68.1,63.0,37.9,35.1,100.0,33,78,20.4,FAIL
S1257,Male,27,Computer Science,BUS101,52.5,47.5,64.2,43.3,22.0,54.5,31,100,10.5,PASS
S1258,Male,25,Computer Science,MATH101,71.1,71.2,63.0,51.3,52.6,73.7,37,92,13.3,PASS
S1259,Male,28,Engineering,CS201,37.1,34.4,46.3,38.8,28.0,60.6,25,71,12.7,FAIL
S1260,Female,26,Computer Science,ENG101,67.0,72.5,67.5,55.8,63.2,63.3,38,95,15.1,PASS
S1261,Male,19,Computer Science,CS101,56.8,45.3,54.9,50.3,48.0,76.1,38,60,16.6,PASS
S1262,Female,22,Physics,CS201,76.2,82.1,64.2,84.9,47.6,93.8,54,99,20.3,PASS
S1263,Male,24,Mathematics,CS101,72.5,69.2,63.2,63.2,44.8,92.2,50,77,19.3,PASS
S1264,Male,23,Computer Science,CS201,63.5,71.5,61.9,65.4,50.8,84.8,44,58,13.0,PASS
S1265,Male,23,Engineering,ENG101,93.7,94.3,62.2,69.9,58.0,100.0,47,94,11.4,PASS
S1266,Male,24,Engineering,CS101,65.1,71.1,71.1,78.6,54.0,77.2,34,98,9.9,PASS
S1267,Male,20,Mathematics,ENG101,100.0,99.6,88.0,80.4,62.2,90.0,55,103,20.2,PASS
S1268,Male,20,Engineering,CS101,69.7,69.0,75.8,64.3,49.9,83.3,44,83,18.8,PASS
S1269,Female,27,Computer Science,CS201,86.8,82.1,74.6,46.7,70.2,98.7,50,82,15.2,PASS
S1270,Male,26,Business,MATH101,66.4,65.9,51.1,59.8,21.2,75.9,37,81,16.2,PASS
S1271,Female,25,Engineering,MATH101,63.3,58.3,47.1,64.2,54.9,91.0,40,114,13.3,PASS
S1272,Female,22,Computer Science,BUS101,80.5,81.5,66.8,71.0,66.0,99.9,46,102,22.0,PASS
S1273,Female,23,Engineering,BUS101,84.6,85.4,81.1,55.3,48.0,88.5,41,93,16.0,PASS
S1274,Male,28,Engineering,PHY101,55.0,54.4,74.1,67.6,34.4,84.6,45,63,15.7,PASS
S1275,Male,29,Engineering,ENG101,47.2,53.4,43.0,42.0,24.7,62.4,21,44,11.7,FAIL
S1276,Male,27,Computer Science,CS101,71.1,73.5,80.5,48.9,36.0,87.0,36,67,16.6,PASS
S1277,Male,18,Engineering,BUS101,67.0,62.4,73.7,86.5,55.6,85.8,33,78,13.5,PASS
S1278,Female,27,Computer Science,CS201,44.0,46.8,50.7,72.6,9.6,75.8,30,57,12.6,FAIL
S1279,Male,29,Mathematics,MATH101,65.8,70.6,46.7,64.1,41.4,88.5,35,60,8.8,PASS
S1280,Male,18,Computer Science,CS101,57.1,45.1,64.7,57.6,19.0,78.8,33,76,9.7,PASS
S1281,Female,21,Computer Science,PHY101,90.6,85.2,80.7,88.0,48.3,83.9,54,74,15.7,PASS
S1282,Female,19,Business,MATH101,74.8,72.4,73.5,54.4,31.6,81.3,44,93,18.1,PASS
S1283,Female,28,Mathematics,CS101,72.2,68.1,69.4,92.2,44.7,80.8,35,99,14.8,PASS
S1284,Male,24,Mathematics,BUS101,68.4,71.5,47.6,54.5,47.6,80.4,45,109,8.5,PASS
S1285,Male,19,Engineering,BUS101,97.1,92.7,82.8,85.3,72.7,85.5,53,82,19.6,PASS
S1286,Male,27,Computer Science,ENG101,69.4,64.4,74.2,68.7,41.7,76.7,26,75,10.9,PASS
S1287,Male,19,Business,PHY101,39.5,40.6,17.0,26.5,47.4,78.2,28,54,13.5,FAIL
S1288,Male,22,Business,CS101,89.0,87.8,75.3,64.8,48.3,87.2,52,109,19.9,PASS
S1289,Male,21,Computer Science,PHY101,68.6,74.3,70.1,75.2,50.7,69.0,44,71,10.9,PASS
S1290,Male,25,Physics,CS201,61.0,62.8,72.4,49.1,53.4,83.9,43,73,15.4,PASS
S1291,Male,21,Computer Science,PHY101,75.9,92.9,81.5,86.3,41.7,73.7,36,88,21.2,PASS
S1292,Male,29,Physics,BUS101,59.6,54.1,61.9,68.9,42.9,96.7,41,64,9.9,PASS
S1293,Female,23,Mathematics,ENG101,79.3,71.7,84.9,61.4,17.8,73.7,30,109,17.2,PASS
S1294,Female,22,Business,BUS101,67.7,74.6,51.5,61.1,54.4,99.6,39,65,15.9,PASS
S1295,Female,28,Physics,MATH101,61.6,76.9,69.9,54.7,27.3,83.0,52,83,12.4,PASS
S1296,Male,19,Business,BUS101,35.0,33.9,51.2,29.6,39.8,66.3,38,53,11.2,FAIL
S1297,Male,28,Computer Science,CS101,53.8,52.2,53.0,56.4,32.0,68.3,38,69,11.4,PASS
S1298,Male,29,Engineering,ENG101,57.5,58.2,67.1,40.5,46.3,83.2,33,79,9.5,PASS
S1299,Female,25,Computer Science,CS101,79.4,75.1,88.8,85.2,40.6,80.2,54,75,18.6,PASS
S1300,Female,19,Engineering,CS201,61.7,52.0,48.5,44.7,75.2,71.2,38,28,12.6,PASS
S1301,Male,26,Business,CS201,100.0,100.0,100.0,72.7,62.4,83.7,47,117,16.2,PASS
S1302,Female,26,Engineering,BUS101,48.7,48.7,42.8,48.5,57.5,74.4,45,46,13.6,PASS
S1303,Male,20,Engineering,ENG101,67.5,60.6,34.5,70.5,40.7,81.0,41,76,15.8,PASS
S1304,Female,21,Business,PHY101,88.1,85.0,82.5,56.1,49.0,98.5,49,94,22.8,PASS
S1305,Female,25,Mathematics,ENG101,68.2,61.2,61.2,48.0,49.2,78.1,29,84,16.7,PASS
S1306,Female,26,Computer Science,ENG101,86.7,88.6,74.2,72.8,66.9,91.7,42,95,16.8,PASS
S1307,Female,20,Engineering,ENG101,63.0,62.8,57.2,51.0,49.0,74.6,45,78,16.4,PASS
S1308,Female,22,Computer Science,BUS101,47.8,48.6,48.4,54.1,35.6,65.2,34,76,9.1,PASS
S1309,Male,28,Business,CS101,86.4,89.0,55.6,64.0,52.5,78.8,45,99,22.3,PASS
S1310,Female,25,Computer Science,BUS101,57.9,63.3,65.0,55.2,45.2,45.8,29,99,11.9,PASS
S1311,Male,20,Business,PHY101,74.7,75.6,64.8,33.7,50.0,82.6,49,79,11.2,PASS
S1312,Female,24,Computer Science,CS101,73.9,77.0,66.0,80.9,42.8,77.9,39,106,14.3,PASS
S1313,Female,28,Computer Science,PHY101,80.1,89.2,79.4,56.6,46.3,81.8,46,86,15.4,PASS
S1314,Female,25,Physics,MATH101,65.8,70.7,55.3,86.7,57.0,74.2,51,92,17.6,PASS
S1315,Male,27,Computer Science,MATH101,44.6,45.7,56.4,43.9,11.1,73.8,47,76,8.6,FAIL
S1316,Female,28,Engineering,CS101,100.0,100.0,72.6,86.9,70.7,100.0,44,85,18.6,PASS
S1317,Female,20,Computer Science,BUS101,86.1,81.9,62.6,67.4,61.0,92.3,43,71,18.0,PASS
S1318,Female,19,Engineering,PHY101,66.0,62.8,75.1,63.8,66.6,71.1,44,89,14.9,PASS
S1319,Male,27,Engineering,PHY101,76.8,76.3,68.1,45.6,8.1,97.8,38,71,21.3,PASS
S1320,Male,24,Engineering,CS201,70.0,68.3,82.0,54.4,23.6,100.0,49,70,17.4,PASS
S1321,Male,29,Computer Science,PHY101,83.1,92.5,63.7,59.5,39.3,84.6,50,86,15.0,PASS
S1322,Male,26,Engineering,BUS101,81.4,83.3,60.6,76.3,41.3,83.4,49,107,19.2,PASS
S1323,Female,18,Business,CS201,68.6,70.0,52.4,74.4,52.6,88.9,39,104,14.2,PASS
S1324,Male,20,Mathematics,BUS101,83.9,89.8,83.4,76.2,34.5,91.8,46,71,22.9,PASS
S1325,Female,22,Engineering,ENG101,80.8,81.8,50.5,100.0,45.1,80.0,48,49,16.4,PASS
S1326,Male,20,Business,PHY101,76.8,75.5,78.5,79.1,37.9,78.0,45,86,18.8,PASS
S1327,Male,18,Computer Science,ENG101,45.5,46.8,41.2,32.8,23.9,69.2,22,62,15.1,FAIL
S1328,Female,24,Computer Science,MATH101,65.1,67.1,56.0,84.9,55.9,92.1,50,107,13.8,PASS
S1329,Female,24,Computer Science,MATH101,71.7,78.7,54.2,69.2,49.9,78.0,43,97,15.4,PASS
S1330,Male,27,Computer Science,CS101,65.7,58.9,70.5,38.6,32.1,79.7,40,70,13.6,PASS
S1331,Female,29,Computer Science,PHY101,96.1,92.4,72.1,78.9,41.1,98.7,59,78,21.3,PASS
S1332,Female,25,Engineering,CS201,66.1,65.8,69.6,65.5,46.1,92.5,39,90,22.4,PASS
S1333,Male,22,Business,ENG101,84.9,89.6,75.5,71.4,43.1,76.4,37,83,19.5,PASS
S1334,Female,27,Physics,BUS101,60.4,64.4,62.1,71.1,33.0,65.8,36,67,15.1,PASS
S1335,Female,29,Computer Science,PHY101,64.3,64.9,76.9,69.3,35.7,82.7,49,87,12.3,PASS
S1336,Female,22,Business,CS101,61.0,66.1,37.6,45.7,50.0,79.3,31,65,17.4,PASS
S1337,Male,22,Mathematics,BUS101,93.5,90.1,99.7,86.6,51.9,95.7,33,100,19.6,PASS
S1338,Female,18,Business,ENG101,74.1,83.5,51.3,60.3,39.5,67.9,38,93,23.1,PASS
S1339,Male,27,Computer Science,PHY101,87.9,83.8,70.9,65.7,41.8,83.1,50,74,23.4,PASS
S1340,Male,22,Computer Science,ENG101,77.8,69.3,68.0,69.9,37.6,85.5,53,95,17.0,PASS
S1341,Male,23,Computer Science,PHY101,80.4,83.4,70.0,57.8,59.2,74.3,46,90,18.0,PASS
S1342,Male,29,Engineering,PHY101,74.3,67.1,56.7,74.5,44.6,87.2,39,57,16.1,PASS
S1343,Female,18,Business,ENG101,72.4,69.8,74.4,66.8,41.1,93.8,30,89,12.9,PASS
S1344,Female,28,Computer Science,ENG101,70.5,69.7,55.0,51.4,26.4,71.5,37,75,17.9,PASS
S1345,Female,24,Computer Science,BUS101,53.8,55.9,47.3,54.3,19.9,84.1,21,72,12.4,FAIL
S1346,Male,18,Business,CS101,80.9,85.9,54.3,72.9,54.9,83.1,53,100,23.5,PASS
S1347,Male,28,Mathematics,ENG101,80.0,73.3,62.6,61.6,45.4,77.9,35,84,17.2,PASS
S1348,Male,19,Engineering,MATH101,66.9,61.2,44.4,48.2,37.5,75.5,34,108,11.3,PASS
S1349,Female,19,Business,CS101,67.2,84.2,41.5,52.5,44.6,89.3,30,46,16.4,PASS
S1350,Male,22,Engineering,MATH101,73.1,72.0,64.3,80.6,51.6,77.7,41,89,18.5,PASS
S1351,Female,27,Computer Science,BUS101,46.9,38.7,39.6,48.8,36.5,70.2,36,61,13.7,FAIL
S1352,Female,24,Engineering,ENG101,66.8,61.8,56.4,61.8,36.7,90.3,49,73,16.0,PASS
S1353,Male,18,Business,CS101,74.1,71.4,67.3,59.1,43.0,90.2,42,71,15.7,PASS
S1354,Female,27,Physics,ENG101,98.1,98.1,100.0,80.0,65.2,84.8,44,108,20.5,PASS
S1355,Male,18,Computer Science,PHY101,74.5,80.4,58.4,48.7,17.8,100.0,50,67,16.7,PASS
S1356,Female,18,Engineering,ENG101,65.2,73.4,52.5,54.8,41.1,88.4,42,106,11.4,PASS
S1357,Female,23,Engineering,CS101,62.9,58.8,59.1,69.2,46.3,94.3,39,93,20.4,PASS
S1358,Male,19,Engineering,ENG101,60.5,57.6,28.5,54.2,28.0,95.9,35,70,15.0,PASS
S1359,Male,18,Computer Science,ENG101,69.6,70.4,56.0,53.4,26.5,75.2,34,78,15.5,PASS
S1360,Female,23,Engineering,CS201,70.1,66.5,83.2,45.6,59.2,74.2,46,98,20.6,PASS
S1361,Female,19,Mathematics,CS201,82.9,88.9,73.3,64.8,40.3,66.7,44,94,13.3,PASS
S1362,Male,23,Business,CS101,58.9,71.3,52.9,44.4,34.8,92.4,25,99,20.6,PASS
S1363,Female,27,Engineering,CS101,67.7,67.9,70.2,59.6,44.4,63.9,38,81,12.8,PASS
S1364,Female,25,Computer Science,PHY101,54.3,55.9,39.2,45.5,21.6,79.0,44,92,17.5,FAIL
S1365,Female,19,Computer Science,PHY101,95.8,92.9,83.6,82.5,38.6,77.3,60,108,16.5,PASS
S1366,Male,28,Engineering,ENG101,73.6,75.3,61.0,68.9,47.5,80.9,40,97,13.3,PASS
S1367,Female,26,Mathematics,MATH101,93.7,88.4,100.0,81.7,39.5,87.9,54,95,20.9,PASS
S1368,Female,25,Physics,CS101,77.1,72.3,71.8,88.6,54.3,100.0,40,96,17.2,PASS
S1369,Male,29,Engineering,ENG101,58.2,49.1,59.9,56.2,33.1,83.9,38,72,10.9,PASS
S1370,Male,27,Engineering,MATH101,59.0,63.0,50.4,40.5,61.1,100.0,40,68,11.3,FAIL
S1371,Female,18,Mathematics,CS201,81.4,88.4,82.6,64.0,50.6,86.5,56,93,16.0,PASS
S1372,Male,24,Engineering,PHY101,100.0,100.0,100.0,100.0,51.4,93.0,59,110,23.3,PASS
S1373,Female,27,Business,CS101,100.0,100.0,88.2,66.3,69.5,79.1,55,100,20.9,PASS
S1374,Male,23,Computer Science,ENG101,37.1,35.5,48.6,44.3,35.1,64.4,25,48,12.2,FAIL
S1375,Male,23,Business,CS201,69.0,68.5,77.2,74.0,25.3,66.3,45,80,13.8,PASS
S1376,Female,23,Engineering,BUS101,94.6,89.5,73.8,60.7,61.9,87.9,60,101,20.6,PASS
S1377,Male,23,Mathematics,CS201,49.5,54.2,63.1,58.9,33.9,67.0,39,98,8.3,PASS
S1378,Male,27,Mathematics,ENG101,90.3,95.5,72.4,84.3,65.8,83.1,53,108,16.0,PASS
S1379,Male,24,Computer Science,PHY101,57.9,52.6,55.8,56.4,22.5,64.5,39,96,16.6,FAIL
S1380,Female,29,Business,MATH101,79.2,74.6,71.1,77.8,56.2,75.9,41,55,17.8,PASS
S1381,Male,20,Mathematics,BUS101,83.4,76.8,47.9,60.8,55.0,85.3,49,119,23.0,PASS
S1382,Male,23,Engineering,BUS101,88.4,87.1,81.0,82.0,50.1,66.7,45,101,20.2,PASS
S1383,Female,20,Computer Science,PHY101,100.0,99.9,85.0,47.0,92.1,100.0,37,83,16.2,PASS
S1384,Male,24,Computer Science,BUS101,67.6,68.0,56.5,64.8,26.3,93.9,51,65,17.6,PASS
S1385,Female,24,Engineering,CS101,63.3,56.7,56.0,71.4,35.1,100.0,44,72,10.5,FAIL
S1386,Male,25,Engineering,ENG101,73.6,69.9,50.0,64.2,33.4,72.2,26,74,18.1,PASS
S1387,Female,19,Business,BUS101,70.5,66.8,64.7,63.3,46.4,76.2,21,89,14.8,PASS
S1388,Male,26,Computer Science,CS201,86.3,89.9,72.8,52.0,72.2,100.0,44,83,15.9,PASS
S1389,Female,22,Mathematics,MATH101,86.2,81.3,65.8,82.8,68.9,100.0,51,97,18.0,PASS
S1390,Male,26,Computer Science,ENG101,72.3,72.5,73.3,52.8,11.8,77.0,37,84,12.3,PASS
S1391,Male,27,Computer Science,PHY101,69.6,66.0,62.2,55.3,60.7,69.2,34,100,14.5,PASS
S1392,Male,22,Engineering,CS201,66.0,65.0,70.2,54.6,33.6,98.4,39,82,8.7,PASS
S1393,Male,24,Engineering,CS101,55.9,60.6,53.9,66.7,25.1,69.6,36,53,16.6,PASS
S1394,Male,28,Computer Science,BUS101,95.2,89.0,62.4,83.1,58.9,95.1,47,81,20.2,PASS
S1395,Male,26,Computer Science,CS201,86.8,73.8,66.0,87.1,48.6,92.1,37,102,17.6,PASS
S1396,Female,21,Computer Science,ENG101,63.5,56.8,47.7,57.3,34.0,75.9,40,104,16.0,PASS
S1397,Male,19,Business,CS201,84.0,86.1,76.8,75.0,41.6,72.5,45,98,14.2,PASS
S1398,Male,26,Mathematics,CS101,49.1,43.1,49.8,59.8,33.3,85.6,23,106,11.6,PASS
S1399,Female,19,Engineering,MATH101,67.0,63.4,54.1,56.2,54.8,66.7,44,54,16.9,PASS
S1400,Female,20,Business,BUS101,63.3,65.5,37.6,56.5,39.7,64.0,36,84,12.0,PASS
S1401,Male,27,Business,ENG101,55.9,59.9,65.4,44.0,32.3,77.2,30,55,16.9,PASS
S1402,Male,19,Computer Science,BUS101,66.2,71.3,72.2,74.1,47.1,66.2,41,93,14.3,PASS
S1403,Male,20,Physics,BUS101,59.9,62.7,43.5,41.9,51.2,81.6,35,100,8.6,PASS
S1404,Female,23,Mathematics,PHY101,62.2,56.6,54.3,68.9,38.9,93.8,36,60,15.1,PASS
S1405,Female,20,Computer Science,BUS101,75.6,83.6,94.4,83.6,43.4,93.1,36,104,15.4,PASS
S1406,Male,27,Computer Science,CS201,65.7,61.0,63.2,40.8,47.0,96.8,42,111,20.8,PASS
S1407,Female,25,Computer Science,CS201,75.1,72.0,72.4,73.8,36.8,90.5,52,74,15.4,PASS
S1408,Female,28,Computer Science,MATH101,61.7,61.7,56.7,71.7,12.4,75.5,38,107,16.8,PASS
S1409,Female,23,Business,CS101,85.7,87.1,74.2,69.0,58.7,72.4,40,80,16.7,PASS
S1410,Female,24,Engineering,ENG101,49.3,56.5,52.9,51.7,24.6,63.2,42,78,7.6,PASS
S1411,Male,18,Mathematics,CS201,67.8,64.6,54.0,52.4,34.3,87.4,41,123,16.1,PASS
S1412,Male,20,Business,BUS101,78.7,80.6,52.2,72.9,24.4,91.0,33,82,17.8,PASS
S1413,Male,20,Business,CS101,64.3,61.2,65.0,56.8,29.6,72.2,41,78,17.4,PASS
S1414,Male,19,Business,ENG101,65.9,74.0,57.8,76.1,35.3,77.8,34,82,9.7,PASS
S1415,Female,24,Computer Science,ENG101,71.8,74.0,68.1,76.6,60.4,88.3,48,80,17.3,PASS
S1416,Female,26,Engineering,ENG101,59.2,65.6,54.7,61.2,56.5,73.3,22,107,15.2,PASS
S1417,Male,21,Business,ENG101,90.6,84.8,73.3,87.3,52.2,100.0,46,98,19.6,PASS
S1418,Male,29,Computer Science,MATH101,78.5,75.7,74.5,70.1,53.7,86.5,52,117,9.2,PASS
S1419,Male,22,Computer Science,ENG101,76.3,77.5,59.9,54.1,32.0,90.3,40,103,19.5,PASS
S1420,Female,20,Mathematics,CS101,63.9,70.4,71.5,40.7,39.8,78.4,38,65,11.3,PASS
S1421,Male,28,Business,CS201,64.8,69.8,48.1,56.3,34.0,83.6,34,96,17.4,PASS
S1422,Male,26,Computer Science,CS101,67.9,75.4,75.0,61.0,21.8,65.2,39,82,20.3,PASS
S1423,Male,21,Business,BUS101,66.3,73.1,72.5,66.3,53.4,79.6,29,84,17.4,PASS
S1424,Male,22,Mathematics,PHY101,77.3,81.2,69.0,42.2,48.8,75.5,33,117,17.4,PASS
S1425,Female,18,Engineering,MATH101,85.3,86.1,93.8,47.4,59.5,100.0,35,85,17.3,PASS
S1426,Female,28,Computer Science,MATH101,61.3,55.8,76.9,42.4,32.1,80.0,50,80,14.7,PASS
S1427,Male,29,Physics,BUS101,85.4,74.7,69.4,63.8,23.5,83.8,34,118,14.7,PASS
S1428,Female,19,Engineering,CS101,72.2,72.9,78.1,44.1,26.2,85.6,35,84,17.1,PASS
S1429,Female,29,Computer Science,CS101,63.8,67.8,55.2,57.4,49.2,82.4,27,87,14.1,PASS
S1430,Female,26,Engineering,BUS101,33.9,20.3,42.2,45.0,17.4,70.2,42,62,6.6,FAIL
S1431,Male,19,Mathematics,PHY101,66.0,60.2,64.6,35.1,46.9,86.5,36,79,12.0,PASS
S1432,Male,22,Computer Science,ENG101,55.8,50.7,75.1,69.1,28.4,82.5,25,68,13.3,PASS
S1433,Male,25,Computer Science,ENG101,91.5,90.5,69.7,77.4,56.0,88.3,41,76,14.8,PASS
S1434,Female,20,Computer Science,CS201,100.0,100.0,75.4,86.3,60.0,100.0,42,90,20.1,PASS
S1435,Male,23,Physics,CS101,66.4,71.8,52.8,55.5,28.7,64.0,47,88,18.7,PASS
S1436,Male,21,Computer Science,CS101,71.3,64.8,57.6,84.0,45.9,77.1,40,71,16.3,PASS
S1437,Male,28,Business,BUS101,75.4,77.1,61.4,67.9,63.7,78.6,33,84,15.7,PASS
S1438,Female,24,Physics,BUS101,76.4,69.5,60.0,46.9,39.9,82.6,54,104,14.1,PASS
S1439,Male,27,Computer Science,ENG101,58.5,62.7,62.6,49.1,15.2,74.7,42,80,15.0,PASS
S1440,Female,20,Physics,CS101,100.0,97.6,96.8,75.6,68.6,84.6,43,133,15.6,PASS
S1441,Female,23,Physics,CS101,94.9,88.9,88.8,52.5,40.5,100.0,52,107,18.9,PASS
S1442,Male,29,Mathematics,MATH101,68.7,65.3,63.6,68.8,29.4,70.7,28,56,15.7,PASS
S1443,Female,27,Computer Science,CS201,64.0,58.5,72.9,60.3,35.1,83.9,25,67,12.7,PASS
S1444,Male,26,Business,CS201,87.9,88.4,96.3,87.7,60.3,81.2,37,58,19.0,PASS
S1445,Female,28,Mathematics,ENG101,67.2,70.4,56.6,29.5,46.2,84.0,46,80,20.9,PASS
S1446,Male,27,Physics,PHY101,90.3,95.4,70.1,55.8,50.3,100.0,59,116,20.1,PASS
S1447,Female,18,Computer Science,CS101,79.9,77.3,69.3,50.5,32.1,52.2,35,93,20.5,PASS
S1448,Female,20,Mathematics,MATH101,44.3,51.2,48.1,64.6,58.8,65.0,34,61,14.2,FAIL
S1449,Female,19,Engineering,CS101,55.6,55.5,70.0,76.6,35.6,68.4,50,102,17.8,PASS
S1450,Female,25,Computer Science,BUS101,58.7,65.0,48.3,38.8,45.0,76.0,44,66,12.4,FAIL
S1451,Male,24,Engineering,ENG101,68.5,67.7,74.4,67.2,46.9,89.7,36,95,9.3,PASS
S1452,Female,19,Mathematics,PHY101,75.7,74.5,66.5,69.2,63.4,100.0,50,77,15.4,PASS
S1453,Female,23,Engineering,CS201,48.2,51.1,48.0,46.0,16.2,83.5,42,81,9.3,FAIL
S1454,Female,20,Engineering,CS101,75.6,77.1,60.5,81.6,49.7,81.3,36,81,14.8,PASS
S1455,Male,25,Physics,PHY101,64.7,61.9,85.4,37.1,35.0,74.3,20,65,12.4,PASS
S1456,Female,27,Engineering,ENG101,79.0,84.7,100.0,45.0,34.4,98.9,37,65,18.3,PASS
S1457,Female,20,Business,CS201,67.5,62.8,61.8,58.7,56.2,65.4,38,91,19.4,PASS
S1458,Female,27,Engineering,CS101,69.1,72.0,63.2,51.0,30.1,84.7,31,98,18.9,PASS
S1459,Male,26,Engineering,MATH101,81.2,83.9,68.1,74.4,54.5,96.4,41,99,16.9,PASS
S1460,Female,18,Business,ENG101,76.2,81.5,67.5,41.1,65.9,79.9,57,89,10.9,PASS
S1461,Male,22,Physics,CS101,73.5,78.9,72.2,73.1,64.1,85.2,45,62,13.7,PASS
S1462,Female,20,Engineering,CS201,77.3,76.4,55.6,51.4,35.3,69.8,34,90,12.3,PASS
S1463,Male,23,Mathematics,CS201,61.1,61.2,63.2,82.8,48.3,83.3,29,83,14.0,PASS
S1464,Female,27,Computer Science,MATH101,35.2,35.0,59.2,35.0,28.2,71.2,38,98,12.6,FAIL
S1465,Female,19,Computer Science,ENG101,65.4,74.1,61.7,79.6,25.1,85.1,38,76,21.1,PASS
S1466,Male,26,Engineering,ENG101,92.9,96.2,90.1,84.4,33.5,83.4,51,91,19.2,PASS
S1467,Female,23,Computer Science,PHY101,52.3,57.5,46.1,45.9,31.5,64.6,38,80,6.3,PASS
S1468,Male,24,Computer Science,CS101,94.8,93.6,75.2,62.8,71.4,99.5,48,96,14.5,PASS
S1469,Female,22,Engineering,PHY101,85.1,79.5,64.3,70.9,86.0,96.8,60,91,17.2,PASS
S1470,Female,26,Computer Science,CS201,42.6,37.9,51.7,51.5,18.3,78.4,29,54,17.1,FAIL
S1471,Female,18,Computer Science,CS201,81.6,86.6,85.2,65.6,51.1,88.4,34,97,20.4,PASS
S1472,Female,22,Engineering,MATH101,84.6,81.0,73.3,86.3,38.3,61.3,47,90,12.5,PASS
S1473,Female,28,Business,MATH101,100.0,100.0,100.0,93.3,79.0,100.0,50,80,15.4,PASS
S1474,Male,27,Physics,ENG101,72.6,70.5,58.1,40.6,47.4,86.5,45,78,8.6,PASS
S1475,Male,28,Business,PHY101,71.6,73.3,61.1,57.4,48.2,94.1,38,68,17.8,PASS
S1476,Female,23,Engineering,CS201,91.8,93.5,67.8,69.5,56.6,75.7,44,95,16.8,PASS
S1477,Female,24,Physics,CS101,85.4,86.3,76.4,73.8,41.2,92.2,56,114,15.8,PASS
S1478,Female,29,Mathematics,BUS101,73.9,67.8,84.1,74.4,55.3,88.1,50,76,19.0,PASS
S1479,Female,21,Computer Science,CS101,80.7,82.0,59.1,67.5,60.8,50.0,42,89,14.1,PASS
S1480,Male,29,Computer Science,MATH101,51.0,52.2,50.8,68.3,46.0,74.3,38,76,9.8,FAIL
S1481,Female,18,Business,CS101,83.8,82.3,65.2,58.9,63.0,85.1,49,112,18.1,PASS
S1482,Male,28,Business,CS201,71.7,80.9,70.7,92.7,31.6,71.8,41,86,15.2,PASS
S1483,Female,25,Mathematics,PHY101,69.3,61.0,79.1,77.7,39.2,85.5,30,67,18.1,PASS
S1484,Male,27,Business,ENG101,55.5,47.9,68.5,60.6,38.5,78.9,18,116,10.1,FAIL
S1485,Male,21,Business,PHY101,79.8,83.6,65.2,61.1,40.3,77.5,49,105,17.8,PASS
S1486,Male,20,Physics,BUS101,38.3,37.9,26.5,49.4,9.3,66.2,28,33,9.3,FAIL
S1487,Male,29,Engineering,ENG101,52.9,48.5,55.4,28.4,28.4,59.2,47,81,12.4,FAIL
S1488,Female,24,Computer Science,BUS101,78.8,79.8,77.2,68.2,49.1,88.1,33,105,16.2,PASS
S1489,Male,29,Mathematics,BUS101,65.7,70.5,68.7,77.8,79.5,82.8,43,83,13.3,PASS
S1490,Male,19,Computer Science,CS201,71.1,62.9,70.8,60.0,58.2,80.1,32,91,18.2,PASS
S1491,Male,25,Mathematics,CS201,62.7,66.3,60.9,31.2,29.0,76.0,40,81,14.8,PASS
S1492,Male,23,Physics,MATH101,35.3,36.9,36.1,37.0,12.4,78.0,26,61,6.4,FAIL
S1493,Male,24,Business,MATH101,70.4,69.3,61.4,52.1,29.4,82.6,26,66,16.2,PASS
S1494,Male,22,Business,BUS101,63.2,64.4,57.9,66.4,47.0,87.2,45,75,13.2,PASS
S1495,Female,26,Engineering,PHY101,70.9,72.3,85.1,56.8,38.0,83.4,45,50,14.2,PASS
S1496,Female,22,Engineering,MATH101,54.7,57.5,63.2,41.2,31.2,85.7,40,104,15.2,PASS
S1497,Female,28,Engineering,CS201,47.3,42.3,37.8,34.7,22.6,82.7,44,74,11.2,FAIL
S1498,Male,22,Business,MATH101,87.7,93.2,58.0,87.2,80.2,95.9,53,74,18.5,PASS
S1499,Male,20,Mathematics,BUS101,72.9,77.9,59.6,94.3,59.4,75.8,39,87,17.8,PASS
S1500,Female,28,Business,ENG101,80.7,85.8,64.3,71.1,36.5,91.0,60,109,17.0,PASS
S1501,Male,18,Computer Science,PHY101,87.2,78.5,75.7,71.8,38.6,86.2,51,104,11.0,PASS
S1502,Male,19,Engineering,PHY101,87.6,93.3,62.4,81.3,67.1,85.0,38,78,21.2,PASS
S1503,Male,25,Mathematics,CS101,82.4,80.5,83.7,57.2,38.0,80.0,42,86,11.5,PASS
S1504,Male,18,Engineering,MATH101,83.2,85.8,75.4,53.7,65.7,88.3,40,105,14.1,PASS
S1505,Male,24,Engineering,PHY101,60.8,50.9,70.9,30.6,45.2,58.8,53,70,12.9,PASS
S1506,Male,22,Mathematics,CS201,87.9,84.4,73.6,76.0,41.7,89.8,54,100,18.0,PASS
S1507,Female,20,Business,ENG101,82.4,86.6,75.6,68.6,57.3,88.1,47,83,12.4,PASS
S1508,Female,29,Engineering,CS201,62.9,65.6,55.6,48.2,42.7,89.6,36,80,15.1,PASS
S1509,Female,29,Mathematics,MATH101,94.1,88.7,66.2,94.4,37.5,89.6,60,114,21.9,PASS
S1510,Female,28,Computer Science,BUS101,76.2,79.6,60.5,75.6,45.8,96.6,53,79,15.7,PASS
S1511,Female,24,Physics,CS101,71.7,67.6,62.3,72.4,38.7,77.6,38,61,14.7,PASS
S1512,Female,26,Computer Science,CS101,99.3,98.0,66.0,67.7,64.0,84.7,51,134,23.4,PASS
S1513,Female,19,Computer Science,ENG101,100.0,94.1,99.7,90.1,58.0,100.0,54,95,18.5,PASS
S1514,Male,25,Mathematics,PHY101,72.4,74.1,68.3,61.9,48.0,76.0,35,91,8.5,PASS
S1515,Male,26,Computer Science,PHY101,87.1,92.6,94.2,68.0,44.9,64.0,40,125,18.8,PASS
S1516,Male,28,Business,PHY101,79.7,84.2,89.6,56.8,46.4,100.0,60,98,15.3,PASS
S1517,Female,20,Mathematics,CS101,79.7,75.2,78.2,72.4,32.0,100.0,43,89,14.9,PASS
S1518,Female,19,Mathematics,BUS101,67.2,66.9,60.7,67.0,35.5,78.6,38,84,19.9,PASS
S1519,Male,24,Physics,PHY101,82.8,74.9,66.9,56.6,44.6,84.2,51,120,14.4,PASS
S1520,Female,22,Computer Science,CS201,47.9,54.7,38.1,22.7,11.5,69.4,26,87,10.2,FAIL
S1521,Male,22,Business,PHY101,74.4,74.5,67.2,55.6,45.4,100.0,42,80,13.2,PASS
S1522,Female,27,Computer Science,BUS101,56.0,59.3,49.6,36.3,53.1,92.2,47,92,15.4,FAIL
S1523,Male,22,Engineering,ENG101,75.0,76.0,42.1,43.1,36.5,77.1,30,79,19.1,PASS
S1524,Male,21,Mathematics,ENG101,41.0,37.8,52.0,39.0,38.6,73.7,27,75,13.1,PASS
S1525,Male,22,Engineering,CS101,63.3,60.5,67.3,60.2,41.4,97.0,37,92,15.0,PASS
S1526,Male,21,Business,BUS101,61.4,63.7,55.4,51.5,13.3,99.0,32,70,15.3,PASS
S1527,Male,23,Engineering,CS201,68.5,76.6,66.9,65.1,70.7,84.8,50,77,16.8,PASS
S1528,Male,21,Business,BUS101,67.6,65.9,79.5,49.0,29.6,86.0,50,76,18.4,PASS
S1529,Female,19,Physics,CS201,87.4,93.3,87.0,74.5,52.7,86.8,50,76,24.6,PASS
S1530,Female,26,Computer Science,CS201,63.0,67.6,45.0,47.2,42.4,74.1,38,83,15.8,PASS
S1531,Male,19,Business,BUS101,37.1,35.5,57.2,44.1,21.9,78.4,44,68,8.6,FAIL
S1532,Female,26,Mathematics,MATH101,66.0,71.5,78.6,80.9,49.4,97.1,36,87,8.5,PASS
S1533,Female,27,Engineering,BUS101,80.3,85.4,80.7,57.3,62.9,76.6,45,96,20.0,PASS
S1534,Male,23,Computer Science,CS201,61.2,50.4,62.4,57.5,25.9,81.8,40,73,17.9,PASS
S1535,Male,26,Business,PHY101,57.3,60.8,47.9,58.2,31.7,80.2,34,91,11.9,PASS
S1536,Male,26,Engineering,ENG101,84.1,90.5,75.5,75.4,42.4,73.2,44,94,18.0,PASS
S1537,Male,20,Computer Science,ENG101,62.9,57.1,45.9,27.2,29.6,80.6,30,60,16.7,FAIL
S1538,Female,18,Mathematics,CS101,45.5,38.9,62.7,37.4,28.6,73.4,43,78,7.1,PASS
S1539,Male,18,Engineering,ENG101,100.0,100.0,79.6,79.6,71.9,87.1,34,90,13.9,PASS
S1540,Female,20,Physics,MATH101,57.8,65.7,77.2,86.6,15.3,92.8,38,39,12.3,PASS
S1541,Female,22,Mathematics,CS201,77.2,71.8,86.2,41.8,44.5,80.5,37,116,14.2,PASS
S1542,Male,20,Business,BUS101,42.6,34.7,30.8,28.7,15.4,65.2,32,43,15.9,FAIL
S1543,Female,29,Computer Science,BUS101,73.7,71.4,62.2,60.6,51.8,90.4,26,73,16.3,PASS
S1544,Male,26,Engineering,MATH101,67.2,64.3,60.1,48.1,46.8,84.5,49,80,17.8,PASS
S1545,Female,26,Computer Science,ENG101,93.0,84.6,81.1,81.1,67.6,90.2,45,99,12.6,PASS
S1546,Male,20,Physics,CS201,38.4,35.5,41.7,51.1,8.0,80.0,36,72,10.1,FAIL
S1547,Female,20,Computer Science,ENG101,94.0,95.7,93.7,80.9,60.5,88.4,48,92,17.7,PASS
S1548,Female,29,Computer Science,CS101,81.6,90.9,79.1,66.8,48.0,82.8,43,66,17.8,PASS
S1549,Male,22,Engineering,ENG101,43.1,45.9,48.2,35.7,5.9,66.8,36,78,13.8,FAIL
S1550,Female,19,Computer Science,CS101,82.8,86.8,77.3,65.7,31.4,94.8,35,75,16.3,PASS
S1551,Female,23,Computer Science,BUS101,62.5,57.1,58.7,72.8,32.0,94.5,39,89,17.5,PASS
S1552,Female,24,Business,CS201,54.5,54.0,59.2,47.7,32.7,100.0,25,86,13.0,PASS
S1553,Female,26,Computer Science,PHY101,55.8,54.7,34.1,27.5,48.0,84.9,29,79,11.3,FAIL
S1554,Female,23,Computer Science,CS101,78.8,80.5,60.2,72.4,43.7,100.0,39,73,16.0,PASS
S1555,Male,20,Engineering,ENG101,70.5,73.5,70.0,65.5,46.7,76.2,35,78,8.8,PASS
S1556,Male,29,Business,ENG101,78.7,83.4,81.2,62.3,48.2,76.2,45,117,20.2,PASS
S1557,Female,22,Business,BUS101,91.7,91.9,90.9,68.5,43.9,77.1,36,94,18.5,PASS
S1558,Male,21,Engineering,MATH101,50.4,47.8,51.8,41.7,24.5,76.7,40,52,14.1,PASS
S1559,Female,22,Business,PHY101,70.5,76.6,58.8,60.7,42.6,79.2,59,95,19.2,PASS
S1560,Female,25,Engineering,MATH101,69.7,73.4,57.4,54.0,27.0,99.2,49,74,10.1,PASS
S1561,Male,25,Physics,ENG101,45.1,48.1,59.7,44.5,33.9,70.9,37,90,4.1,FAIL
S1562,Male,23,Computer Science,MATH101,71.4,71.2,58.2,62.6,60.2,79.6,37,50,20.2,PASS
S1563,Female,18,Business,PHY101,83.5,89.6,69.6,62.8,69.3,94.8,47,96,14.7,PASS
S1564,Male,25,Mathematics,PHY101,81.1,74.8,67.9,76.9,56.9,96.8,49,120,17.2,PASS
S1565,Female,25,Mathematics,CS201,74.3,78.8,72.7,66.1,48.7,89.0,51,99,14.7,PASS
S1566,Male,19,Computer Science,MATH101,53.9,58.4,41.3,33.7,10.1,85.3,50,87,13.3,PASS
S1567,Female,21,Computer Science,CS201,65.7,61.2,32.0,58.0,27.2,89.0,35,71,18.0,PASS
S1568,Male,29,Business,ENG101,50.7,47.3,41.2,37.9,13.9,96.3,23,60,9.2,FAIL
S1569,Female,19,Computer Science,ENG101,38.6,32.2,56.9,36.5,17.5,54.4,35,62,15.9,FAIL
S1570,Male,21,Mathematics,ENG101,50.2,52.8,46.7,52.9,39.3,70.1,34,83,11.6,PASS
S1571,Female,29,Business,BUS101,85.7,72.8,56.8,73.3,54.6,100.0,38,89,22.8,PASS
S1572,Male,27,Business,MATH101,90.0,91.1,81.6,100.0,58.5,87.6,42,71,11.6,PASS
S1573,Female,24,Computer Science,CS101,100.0,96.2,86.1,54.7,65.7,98.8,42,110,17.6,PASS
S1574,Female,26,Business,PHY101,84.8,79.9,70.1,56.8,41.9,62.1,47,93,14.0,PASS
S1575,Male,25,Business,CS101,58.5,49.1,56.2,85.3,32.4,71.3,53,85,9.9,PASS
S1576,Male,29,Mathematics,ENG101,60.3,55.9,43.0,51.1,38.7,60.7,39,75,17.8,PASS
S1577,Male,26,Computer Science,MATH101,73.8,81.0,66.2,62.7,57.7,76.2,39,88,13.1,PASS
S1578,Female,25,Computer Science,CS201,59.6,56.0,63.1,56.1,34.2,75.3,47,88,16.9,PASS
S1579,Female,19,Engineering,CS101,68.1,70.2,66.9,64.2,38.1,84.2,43,77,17.4,PASS
S1580,Female,24,Computer Science,ENG101,86.6,81.1,56.0,55.2,35.3,99.9,51,79,21.4,PASS
S1581,Male,19,Business,CS101,74.7,79.9,82.4,53.4,35.1,90.4,58,67,11.1,PASS
S1582,Male,29,Physics,CS101,70.8,73.8,65.4,60.9,45.2,88.3,27,85,17.6,PASS
S1583,Female,28,Engineering,PHY101,92.2,91.1,58.9,64.0,53.3,83.7,37,99,22.7,PASS
S1584,Male,19,Mathematics,CS101,58.6,59.8,81.4,58.1,17.6,66.3,35,92,16.8,PASS
S1585,Female,21,Computer Science,ENG101,75.3,76.8,54.0,61.7,27.3,81.8,53,99,16.1,PASS
S1586,Male,18,Computer Science,PHY101,80.5,75.5,84.0,76.6,35.4,76.3,42,90,11.9,PASS
S1587,Female,22,Computer Science,ENG101,80.5,76.4,83.7,82.9,44.9,75.3,51,93,17.2,PASS
S1588,Male,23,Engineering,BUS101,83.7,88.3,79.6,71.3,61.9,71.2,34,118,19.3,PASS
S1589,Male,26,Physics,BUS101,67.6,75.3,75.8,44.0,43.7,81.3,47,93,13.7,PASS
S1590,Female,27,Computer Science,BUS101,59.9,60.7,31.6,62.6,24.4,79.9,39,84,13.7,PASS
S1591,Female,25,Business,CS101,54.9,58.3,67.3,61.3,24.4,89.1,31,63,16.1,PASS
S1592,Female,19,Engineering,MATH101,57.1,63.1,62.5,70.9,40.1,90.1,48,71,14.2,PASS
S1593,Male,18,Physics,ENG101,47.0,45.4,75.7,54.7,32.3,80.8,41,50,16.5,PASS
S1594,Male,19,Computer Science,BUS101,64.8,64.5,42.0,54.5,30.7,100.0,40,87,15.4,PASS
S1595,Female,24,Computer Science,MATH101,93.8,97.4,82.6,68.4,28.6,82.3,47,86,18.4,PASS
S1596,Female,21,Computer Science,BUS101,68.5,79.5,70.6,81.0,44.8,77.5,28,69,18.1,PASS
S1597,Male,27,Engineering,BUS101,65.2,69.0,52.5,56.1,35.0,77.8,36,88,17.1,PASS
S1598,Male,22,Computer Science,MATH101,83.3,84.8,62.8,60.1,70.7,82.7,34,107,17.0,PASS
S1599,Male,29,Mathematics,BUS101,57.7,54.7,61.4,51.6,30.5,61.3,38,69,17.4,FAIL
S1600,Female,24,Business,CS101,63.3,63.0,50.8,53.4,37.7,73.4,42,77,10.8,PASS
S1601,Male,20,Business,CS101,100.0,100.0,65.0,79.8,57.4,94.5,55,95,19.1,PASS
S1602,Male,27,Engineering,PHY101,36.9,39.8,41.5,42.9,27.4,82.6,32,90,17.6,FAIL
S1603,Male,19,Computer Science,CS101,70.5,67.5,77.4,80.9,47.1,68.8,54,68,19.7,PASS
S1604,Male,24,Engineering,CS201,65.6,72.1,51.6,58.9,25.9,68.3,28,45,17.7,PASS
S1605,Male,22,Physics,PHY101,81.4,88.0,54.2,72.3,32.9,75.2,45,97,14.4,PASS
S1606,Male,18,Mathematics,BUS101,59.5,58.9,48.8,42.5,48.9,83.0,48,41,8.1,PASS
S1607,Male,18,Mathematics,CS201,100.0,100.0,79.1,70.7,54.4,81.1,55,85,19.2,PASS
S1608,Female,26,Mathematics,ENG101,58.8,55.6,53.1,42.5,41.8,64.3,33,109,15.2,PASS
S1609,Male,22,Computer Science,MATH101,96.7,92.7,69.3,71.4,53.9,75.5,55,97,23.1,PASS
S1610,Female,18,Computer Science,ENG101,59.4,61.1,68.6,55.3,13.2,75.8,34,85,10.6,PASS
S1611,Female,24,Computer Science,CS201,85.6,81.7,77.8,69.0,68.1,86.2,46,106,18.5,PASS
S1612,Female,26,Engineering,CS101,59.5,62.7,70.9,55.5,45.2,86.5,43,57,13.0,PASS
S1613,Female,28,Computer Science,BUS101,55.6,53.6,59.4,61.6,39.9,84.1,25,82,13.8,PASS
S1614,Male,18,Engineering,PHY101,89.1,94.3,72.4,67.0,42.0,98.0,55,68,19.8,PASS
S1615,Male,27,Business,BUS101,69.1,68.7,72.8,70.0,50.0,81.1,48,73,14.5,PASS
S1616,Female,21,Mathematics,CS101,67.9,58.2,57.8,60.6,44.0,72.3,26,83,13.3,PASS
S1617,Female,20,Business,BUS101,79.9,78.1,55.4,77.5,39.4,87.3,17,76,16.5,PASS
S1618,Female,22,Physics,MATH101,52.9,53.4,55.4,46.1,28.5,63.3,19,75,14.5,FAIL
S1619,Female,24,Computer Science,MATH101,83.5,74.8,76.1,57.8,49.2,90.4,45,104,19.1,PASS
S1620,Female,25,Computer Science,MATH101,79.3,71.1,77.0,83.8,40.5,88.2,59,77,13.8,PASS
S1621,Male,19,Business,ENG101,47.7,46.8,34.4,53.0,32.4,87.1,41,82,8.5,FAIL
S1622,Male,24,Computer Science,CS101,75.5,80.5,70.3,64.7,55.7,92.8,52,73,19.3,PASS
S1623,Female,18,Computer Science,MATH101,50.7,53.9,44.1,39.2,24.9,81.1,42,93,8.6,PASS
S1624,Female,24,Engineering,CS201,100.0,99.9,87.9,81.5,58.7,73.2,53,111,18.1,PASS
S1625,Male,25,Computer Science,MATH101,75.6,71.3,76.3,81.1,44.0,78.8,25,98,15.8,PASS
S1626,Female,19,Engineering,PHY101,83.7,79.2,75.7,66.8,60.2,92.0,55,105,17.7,PASS
S1627,Male,26,Engineering,ENG101,37.6,40.8,48.4,40.0,24.8,86.5,27,100,10.5,FAIL
S1628,Female,18,Engineering,CS201,71.8,72.8,75.7,66.9,55.4,88.9,33,89,17.8,PASS
S1629,Male,23,Business,CS101,66.9,71.2,42.6,57.8,32.3,67.3,37,70,19.7,PASS
S1630,Male,18,Engineering,CS101,73.6,79.6,70.4,61.9,44.0,99.3,49,96,15.8,PASS
S1631,Female,20,Computer Science,PHY101,58.7,56.5,51.7,58.3,42.2,79.1,38,82,11.0,PASS
S1632,Male,28,Computer Science,MATH101,63.5,65.7,33.4,56.5,46.5,84.7,40,85,15.4,PASS
S1633,Female,23,Engineering,CS201,64.9,67.8,67.2,67.2,34.4,86.0,39,87,13.9,PASS
S1634,Female,20,Business,PHY101,71.0,67.5,66.9,30.7,42.2,75.4,52,60,14.3,PASS
S1635,Female,25,Mathematics,CS201,55.5,52.3,39.6,58.4,23.5,68.9,23,64,15.5,FAIL
S1636,Male,22,Business,MATH101,51.2,54.8,42.6,29.5,7.5,78.4,35,54,9.1,FAIL
S1637,Male,19,Computer Science,MATH101,65.8,65.8,60.6,48.9,35.7,72.2,45,117,13.3,PASS
S1638,Male,21,Business,BUS101,92.2,87.8,78.2,75.6,51.6,82.7,49,125,18.2,PASS
S1639,Female,26,Business,BUS101,92.1,88.0,84.6,75.9,50.2,84.9,59,132,21.3,PASS
S1640,Female,21,Engineering,MATH101,74.2,67.8,70.8,81.4,31.6,64.6,44,113,18.0,PASS
S1641,Female,27,Engineering,ENG101,88.2,86.4,70.9,64.0,59.7,93.8,44,93,21.2,PASS
S1642,Female,27,Engineering,PHY101,80.4,75.2,72.7,70.1,56.5,96.8,39,73,15.0,PASS
S1643,Female,25,Business,BUS101,72.0,72.5,50.4,45.3,42.4,87.7,29,87,21.0,PASS
S1644,Female,22,Business,MATH101,58.5,69.9,67.1,42.3,25.4,58.1,32,107,12.8,PASS
S1645,Male,28,Computer Science,CS201,49.8,52.2,54.5,70.6,23.0,79.6,25,79,14.2,FAIL
S1646,Female,28,Business,PHY101,72.2,77.6,83.8,86.4,43.0,93.3,41,87,16.4,PASS
S1647,Male,27,Computer Science,BUS101,53.2,55.2,63.7,47.0,42.1,71.9,21,79,10.8,PASS
S1648,Female,18,Computer Science,ENG101,100.0,91.8,77.0,64.0,44.1,93.6,51,101,19.0,PASS
S1649,Female,24,Physics,PHY101,52.7,53.3,54.8,37.6,24.9,81.9,32,76,14.7,PASS
S1650,Female,20,Physics,PHY101,93.9,90.5,79.2,85.6,58.1,80.3,58,92,20.7,PASS
S1651,Male,27,Computer Science,CS101,87.9,83.8,78.6,77.3,61.8,78.2,51,114,19.2,PASS
S1652,Male,25,Engineering,CS201,84.2,83.1,84.1,53.5,34.7,65.8,55,78,21.1,PASS
S1653,Male,29,Computer Science,ENG101,95.5,98.6,84.3,78.4,48.4,83.4,49,100,23.1,PASS
S1654,Male,20,Engineering,ENG101,53.6,52.0,48.8,48.8,4.2,67.6,44,70,12.5,FAIL
S1655,Male,18,Mathematics,ENG101,62.7,67.0,61.9,42.7,53.3,76.5,39,64,12.0,PASS
S1656,Female,22,Physics,CS201,82.6,83.5,60.7,49.6,36.3,94.2,38,83,14.0,PASS
S1657,Female,19,Business,ENG101,71.4,72.9,68.0,78.8,48.8,89.6,37,72,17.1,PASS
S1658,Male,28,Engineering,CS101,49.5,49.2,43.0,21.7,46.9,63.5,39,57,16.7,FAIL
S1659,Male,21,Business,BUS101,69.4,75.8,56.7,57.3,58.5,77.9,45,89,16.1,PASS
S1660,Male,18,Engineering,CS201,75.0,71.5,81.4,55.4,23.3,83.8,44,109,15.7,PASS
S1661,Female,26,Physics,ENG101,70.4,67.2,75.7,70.5,54.4,55.4,42,71,18.6,PASS
S1662,Male,23,Mathematics,MATH101,95.6,94.0,90.3,77.3,67.1,88.1,51,90,16.8,PASS
S1663,Female,25,Business,BUS101,73.1,75.6,74.4,73.6,55.4,79.6,35,83,15.7,PASS
S1664,Male,28,Engineering,PHY101,76.0,79.2,61.2,56.4,19.1,80.5,44,92,13.2,PASS
S1665,Female,21,Computer Science,CS201,71.6,68.8,92.2,78.1,35.9,84.8,39,90,17.7,PASS
S1666,Female,26,Computer Science,MATH101,77.3,81.8,80.3,53.4,26.0,71.9,42,98,13.2,PASS
S1667,Male,19,Mathematics,PHY101,99.2,94.3,95.7,59.0,53.8,94.7,34,82,22.9,PASS
S1668,Female,26,Engineering,MATH101,74.8,78.4,66.2,55.7,54.6,84.3,46,63,15.0,PASS
S1669,Male,29,Engineering,ENG101,83.9,85.7,84.4,60.7,73.8,100.0,34,78,23.4,PASS
S1670,Female,22,Engineering,CS201,49.7,49.8,71.9,35.5,40.0,75.0,24,65,5.8,PASS
S1671,Male,23,Mathematics,ENG101,79.8,82.2,72.7,80.6,52.7,98.1,47,83,17.8,PASS
S1672,Female,20,Computer Science,PHY101,62.8,62.2,64.7,43.7,31.5,94.0,26,65,15.6,PASS
S1673,Female,21,Mathematics,CS101,61.6,62.9,57.0,70.6,30.3,82.3,45,80,12.9,PASS
S1674,Female,23,Mathematics,MATH101,87.9,99.9,66.5,63.5,57.8,85.5,40,99,24.4,PASS
S1675,Female,24,Physics,CS101,57.0,61.5,58.5,52.0,32.8,70.2,42,91,18.3,PASS
S1676,Male,18,Engineering,PHY101,64.9,62.2,63.6,53.6,45.9,82.4,29,70,16.6,PASS
S1677,Male,24,Computer Science,ENG101,70.9,69.3,63.0,59.3,40.9,99.3,37,87,14.2,PASS
S1678,Male,18,Engineering,BUS101,71.5,77.5,38.9,50.1,60.4,84.5,48,101,14.4,PASS
S1679,Male,22,Engineering,MATH101,67.9,65.9,67.0,47.8,52.7,84.1,38,58,12.4,PASS
S1680,Female,23,Computer Science,BUS101,52.1,60.6,50.2,67.5,21.1,91.2,28,67,14.3,PASS
S1681,Male,19,Business,CS201,72.5,76.4,79.0,79.7,52.7,100.0,45,66,10.7,PASS
S1682,Female,27,Engineering,MATH101,70.9,64.1,68.0,89.9,45.6,81.3,21,90,15.9,PASS
S1683,Female,26,Mathematics,CS101,52.3,56.6,75.3,52.7,22.7,80.0,45,103,13.2,PASS
S1684,Female,27,Computer Science,BUS101,58.5,47.8,55.3,33.0,60.0,69.1,29,69,10.5,PASS
S1685,Male,23,Business,PHY101,91.9,90.1,77.1,68.3,58.8,89.9,60,116,20.2,PASS
S1686,Female,24,Mathematics,CS201,67.9,72.2,52.0,48.3,45.0,85.8,46,99,14.0,PASS
S1687,Female,27,Mathematics,MATH101,74.3,64.9,67.1,55.3,54.0,82.4,40,88,16.2,PASS
S1688,Male,25,Mathematics,PHY101,46.7,56.9,57.1,50.7,34.9,67.8,37,67,11.8,PASS
S1689,Female,28,Business,CS201,70.5,75.4,58.6,80.0,54.1,73.2,27,77,14.0,PASS
S1690,Female,27,Physics,CS101,59.6,54.7,62.1,52.4,21.0,87.4,32,105,13.1,FAIL
S1691,Male,18,Engineering,PHY101,73.6,81.2,52.1,78.7,61.0,86.6,38,76,17.7,PASS
S1692,Male,25,Engineering,MATH101,58.4,48.8,67.2,44.3,39.8,78.4,40,86,17.1,PASS
S1693,Male,21,Computer Science,CS201,79.8,74.8,61.7,86.4,50.8,70.7,44,78,19.4,PASS
S1694,Male,27,Computer Science,ENG101,43.9,36.8,48.4,48.7,17.4,72.8,31,48,14.6,FAIL
S1695,Male,25,Computer Science,MATH101,74.5,64.6,94.5,37.8,33.9,79.0,39,75,11.7,PASS
S1696,Male,23,Computer Science,MATH101,65.1,63.4,38.4,59.9,27.9,65.6,38,105,12.3,PASS
S1697,Male,28,Computer Science,MATH101,99.9,100.0,91.3,82.4,54.2,100.0,50,119,16.9,PASS
S1698,Male,26,Computer Science,MATH101,88.9,89.7,77.5,48.4,54.1,94.2,52,87,14.9,PASS
S1699,Female,28,Computer Science,ENG101,43.4,44.1,47.1,44.3,9.8,75.0,36,113,10.3,FAIL
S1700,Female,21,Physics,PHY101,61.4,61.7,69.3,48.2,58.0,63.3,42,102,10.6,PASS
S1701,Female,19,Computer Science,PHY101,89.4,83.5,69.1,71.5,59.6,95.8,59,84,17.4,PASS
S1702,Male,19,Business,PHY101,49.9,47.4,55.3,49.1,17.3,77.1,39,71,10.6,FAIL
S1703,Male,22,Computer Science,CS101,82.1,68.4,68.5,64.5,61.0,86.2,46,87,21.2,PASS
S1704,Male,27,Physics,ENG101,78.6,84.0,62.8,51.2,41.0,85.5,49,79,16.3,PASS
S1705,Male,26,Mathematics,ENG101,65.2,65.7,60.2,46.6,29.8,72.1,38,91,19.9,PASS
S1706,Male,29,Business,CS201,82.1,82.5,75.0,58.0,64.8,84.9,45,96,21.9,PASS
S1707,Female,20,Business,BUS101,48.6,52.5,42.9,33.9,21.3,85.7,45,82,11.7,FAIL
S1708,Male,25,Computer Science,PHY101,57.5,61.8,63.3,42.4,35.1,62.1,39,87,13.3,FAIL
S1709,Female,21,Physics,BUS101,72.4,70.6,61.5,80.4,54.3,91.7,47,91,18.2,PASS
S1710,Female,23,Mathematics,CS201,76.1,75.5,64.7,75.3,59.8,86.8,53,75,12.0,PASS
S1711,Male,27,Mathematics,ENG101,13.3,21.1,46.9,42.7,11.0,70.0,38,54,9.4,FAIL
S1712,Male,23,Business,CS201,77.2,74.3,77.6,64.3,25.6,81.5,29,88,21.1,PASS
S1713,Female,20,Engineering,MATH101,86.2,94.0,70.6,59.9,38.9,84.3,33,90,15.5,PASS
S1714,Male,22,Mathematics,CS201,54.6,52.9,41.0,56.1,50.2,63.4,27,88,13.5,PASS
S1715,Male,29,Computer Science,CS201,33.9,24.3,40.2,55.8,30.7,66.7,16,67,8.4,FAIL
S1716,Female,20,Business,MATH101,65.2,65.7,74.7,55.9,47.0,82.8,60,105,17.8,PASS
S1717,Male,28,Computer Science,BUS101,59.7,58.0,52.5,53.2,27.2,92.9,47,77,19.0,PASS
S1718,Female,28,Physics,MATH101,71.7,65.0,41.7,66.0,31.0,84.1,37,109,11.8,PASS
S1719,Female,18,Computer Science,CS101,39.2,38.8,44.5,80.6,6.5,58.3,33,67,11.1,FAIL
S1720,Male,24,Computer Science,CS201,73.5,71.1,82.8,52.5,37.8,81.7,36,91,17.1,PASS
S1721,Male,21,Business,CS201,98.8,100.0,89.5,57.8,63.8,83.8,40,104,21.9,PASS
S1722,Male,24,Mathematics,BUS101,93.6,98.4,93.0,84.3,73.6,87.4,30,75,17.1,PASS
S1723,Male,20,Business,ENG101,100.0,95.2,66.8,84.7,58.8,91.0,36,78,18.4,PASS
S1724,Male,29,Computer Science,MATH101,45.3,41.6,46.5,35.4,26.8,93.4,40,76,16.4,FAIL
S1725,Female,28,Computer Science,ENG101,75.0,80.0,79.2,72.5,56.2,86.3,38,70,11.6,PASS
S1726,Male,22,Mathematics,CS101,59.7,65.8,30.7,46.6,30.0,81.6,30,88,14.3,FAIL
S1727,Male,22,Physics,MATH101,84.4,82.8,74.2,53.0,48.9,90.0,60,116,16.1,PASS
S1728,Female,19,Mathematics,CS101,43.1,40.7,50.8,38.3,26.9,67.0,36,59,10.4,FAIL
S1729,Female,28,Engineering,CS101,78.0,77.3,66.8,56.6,40.6,98.6,53,84,21.9,PASS
S1730,Female,27,Physics,CS101,100.0,100.0,86.1,77.3,65.9,93.9,45,64,20.1,PASS
S1731,Male,29,Engineering,PHY101,99.2,100.0,72.8,77.8,61.0,87.4,59,69,24.3,PASS
S1732,Female,19,Engineering,MATH101,50.6,54.5,43.0,46.0,32.7,81.2,40,84,16.8,PASS
S1733,Female,21,Engineering,MATH101,58.6,53.3,58.4,45.4,23.3,91.6,26,80,17.1,PASS
S1734,Male,21,Engineering,PHY101,74.5,72.7,63.3,74.7,54.5,85.8,42,75,11.9,PASS
S1735,Male,21,Mathematics,BUS101,89.0,78.6,79.7,69.5,73.6,86.8,31,54,18.3,PASS
S1736,Female,23,Engineering,PHY101,69.9,69.8,61.8,61.2,50.8,81.5,39,78,19.0,PASS
S1737,Male,19,Engineering,CS201,53.0,46.0,65.7,68.9,22.8,83.4,30,78,16.6,FAIL
S1738,Male,23,Computer Science,ENG101,77.7,74.0,49.8,55.9,27.8,88.1,47,108,17.1,PASS
S1739,Male,24,Computer Science,ENG101,78.8,84.3,69.2,56.9,45.8,86.1,41,84,17.6,PASS
S1740,Male,28,Business,CS101,72.2,74.2,67.0,51.9,50.4,80.0,52,126,13.0,PASS
S1741,Female,27,Computer Science,MATH101,61.2,63.0,56.7,48.8,28.6,81.5,36,74,6.6,PASS
S1742,Female,20,Computer Science,MATH101,87.5,87.5,88.5,85.9,48.7,72.3,48,76,15.8,PASS
S1743,Female,28,Business,CS101,89.9,96.9,95.8,84.0,67.4,99.7,50,120,23.7,PASS
S1744,Male,29,Business,CS201,93.1,89.9,86.6,72.8,36.8,88.8,45,118,15.3,PASS
S1745,Male,25,Mathematics,ENG101,35.7,36.5,19.0,37.0,25.2,60.2,41,88,11.2,FAIL
S1746,Male,19,Engineering,PHY101,85.8,86.4,84.6,80.8,38.7,82.8,53,120,20.1,PASS
S1747,Male,28,Mathematics,BUS101,71.1,69.4,84.0,64.4,52.9,89.4,44,95,13.7,PASS
S1748,Male,25,Physics,CS201,48.1,58.8,49.3,51.9,38.0,90.0,30,64,11.0,PASS
S1749,Female,28,Mathematics,MATH101,36.0,29.9,53.1,44.4,21.1,76.1,22,39,9.3,FAIL
S1750,Male,22,Business,CS101,72.7,63.4,72.7,50.3,47.1,88.5,42,84,15.8,PASS
S1751,Female,19,Engineering,ENG101,74.9,75.4,62.3,87.1,34.0,78.9,41,73,17.9,PASS
S1752,Male,24,Physics,CS101,67.7,64.6,46.4,71.6,50.7,99.7,33,81,16.9,PASS
S1753,Male,19,Computer Science,MATH101,88.0,76.4,70.2,73.4,57.6,84.8,44,62,15.2,PASS
S1754,Male,23,Computer Science,CS101,89.7,91.6,90.1,70.7,53.2,87.7,37,69,22.6,PASS
S1755,Female,27,Engineering,PHY101,77.2,78.4,63.8,54.1,36.9,84.2,56,95,16.4,PASS
S1756,Female,20,Computer Science,ENG101,40.9,46.5,41.9,47.2,25.7,88.5,40,75,4.1,PASS
S1757,Female,26,Physics,CS101,65.9,63.1,59.5,45.5,35.0,83.5,30,76,11.4,PASS
S1758,Male,20,Business,ENG101,72.3,63.0,62.4,65.4,52.9,90.3,44,63,14.8,PASS
S1759,Male,28,Business,CS101,79.3,74.6,77.8,75.5,67.3,78.7,28,92,14.7,PASS
S1760,Female,29,Business,CS101,45.4,35.8,53.6,65.5,35.2,78.3,31,65,8.4,PASS
S1761,Male,29,Engineering,ENG101,61.2,68.6,69.3,72.0,32.5,73.5,37,72,13.8,PASS
S1762,Female,20,Computer Science,PHY101,60.3,65.3,64.8,58.3,53.6,72.6,32,98,18.0,PASS
S1763,Male,22,Business,CS101,67.5,73.9,77.9,46.6,35.7,87.0,33,105,16.9,PASS
S1764,Male,24,Business,PHY101,51.2,54.6,43.5,72.8,34.2,72.6,37,83,9.9,FAIL
S1765,Male,25,Engineering,CS201,63.8,56.8,44.2,64.8,33.3,72.9,35,87,19.9,PASS
S1766,Male,29,Mathematics,BUS101,73.2,71.2,63.4,53.8,44.2,94.5,47,107,18.5,PASS
S1767,Female,28,Computer Science,CS201,62.9,66.9,66.7,48.5,17.0,71.0,50,80,11.3,PASS
S1768,Male,24,Computer Science,BUS101,94.2,85.7,75.2,73.2,42.1,100.0,51,88,16.2,PASS
S1769,Male,26,Computer Science,CS201,44.8,47.0,60.0,57.9,26.1,84.1,44,73,11.4,PASS
S1770,Male,22,Engineering,BUS101,87.8,91.7,75.6,67.1,56.2,100.0,40,106,19.6,PASS
S1771,Male,27,Mathematics,CS101,63.3,74.6,60.7,54.4,36.3,72.2,39,86,17.8,PASS
S1772,Female,28,Mathematics,ENG101,100.0,100.0,90.7,85.8,70.4,97.0,59,67,15.5,PASS
S1773,Female,20,Engineering,ENG101,79.0,81.3,67.0,49.4,21.9,85.9,42,106,16.8,PASS
S1774,Female,23,Business,MATH101,74.3,74.4,76.2,58.1,50.3,91.7,45,94,16.8,PASS
S1775,Female,22,Business,BUS101,85.1,87.8,63.7,78.5,67.0,80.0,37,98,18.6,PASS
S1776,Male,29,Computer Science,MATH101,99.6,100.0,100.0,57.5,69.1,100.0,60,113,18.4,PASS
S1777,Female,21,Computer Science,PHY101,72.5,62.1,76.3,74.1,51.4,88.0,36,83,16.8,PASS
S1778,Male,29,Physics,PHY101,91.3,92.4,57.9,89.4,66.7,85.8,49,100,20.7,PASS
S1779,Male,19,Business,MATH101,48.5,35.3,42.7,59.4,14.6,59.5,29,87,7.3,FAIL
S1780,Female,24,Physics,BUS101,78.3,67.0,72.1,68.9,32.4,93.6,34,98,16.7,PASS
S1781,Male,22,Engineering,ENG101,100.0,100.0,96.4,59.3,56.2,88.7,53,86,13.6,PASS
S1782,Female,21,Business,BUS101,50.8,53.2,56.1,57.4,29.2,67.2,49,72,8.2,PASS
S1783,Male,29,Computer Science,PHY101,87.9,81.3,75.0,59.7,55.0,81.8,40,86,13.9,PASS
S1784,Female,25,Computer Science,CS101,65.5,71.0,84.4,67.5,24.8,86.1,31,80,11.8,PASS
S1785,Female,26,Engineering,MATH101,68.4,76.0,63.9,68.3,37.9,79.1,36,103,16.6,PASS
S1786,Female,26,Engineering,MATH101,88.8,92.8,92.1,60.4,64.8,88.2,44,110,16.8,PASS
S1787,Female,20,Computer Science,PHY101,46.1,46.0,55.4,41.5,23.4,76.7,37,86,14.5,FAIL
S1788,Female,20,Computer Science,BUS101,69.1,70.6,75.5,42.9,22.3,70.9,25,65,15.8,PASS
S1789,Male,22,Computer Science,MATH101,48.8,49.3,64.5,35.7,10.3,80.5,44,68,12.9,FAIL
S1790,Male,22,Business,ENG101,77.8,78.9,69.0,69.1,58.6,89.8,54,51,19.7,PASS
S1791,Male,27,Engineering,MATH101,69.8,64.7,86.5,63.3,59.6,100.0,44,86,12.0,PASS
S1792,Female,19,Computer Science,BUS101,58.4,56.5,74.8,48.3,25.7,84.2,29,75,14.3,PASS
S1793,Male,18,Computer Science,PHY101,100.0,100.0,88.0,75.4,70.3,93.5,59,95,20.2,PASS
S1794,Female,25,Computer Science,ENG101,75.1,76.8,69.7,60.2,52.6,66.1,39,105,15.9,PASS
S1795,Male,20,Business,ENG101,53.5,56.5,52.0,48.6,15.0,82.8,37,67,16.8,FAIL
S1796,Male,18,Computer Science,MATH101,78.5,73.5,52.2,88.7,53.1,100.0,43,96,18.2,PASS
S1797,Female,18,Mathematics,BUS101,80.3,79.4,77.3,74.4,56.5,78.7,34,112,15.2,PASS
S1798,Male,28,Computer Science,MATH101,84.6,83.2,61.9,78.9,47.3,70.5,60,95,15.3,PASS
S1799,Male,19,Computer Science,CS101,78.8,88.6,77.0,39.7,42.4,76.6,33,105,16.4,PASS
S1800,Male,23,Mathematics,PHY101,70.8,72.0,74.9,52.5,45.2,88.8,41,96,18.8,PASS
S1801,Female,23,Business,CS101,63.1,66.5,70.4,44.0,28.5,75.0,40,72,16.3,PASS
S1802,Female,20,Computer Science,ENG101,72.5,77.4,63.8,63.0,57.5,74.2,42,92,16.8,PASS
S1803,Male,29,Mathematics,MATH101,31.9,36.2,28.3,44.8,19.0,72.5,32,92,7.6,FAIL
S1804,Male,21,Engineering,CS101,77.7,67.5,79.3,75.2,41.4,85.6,43,87,15.4,PASS
S1805,Male,29,Mathematics,CS201,78.7,77.8,87.4,68.4,45.5,97.6,47,86,10.0,PASS
S1806,Female,19,Business,CS101,57.3,60.6,55.1,67.1,46.4,72.9,29,80,16.0,PASS
S1807,Female,19,Business,MATH101,81.3,82.0,68.4,66.1,47.0,85.5,35,143,18.8,PASS
S1808,Male,24,Physics,MATH101,59.9,51.6,65.7,70.4,30.5,57.1,47,72,21.9,PASS
S1809,Male,18,Computer Science,PHY101,79.2,74.0,78.9,62.4,28.5,78.4,48,86,17.6,PASS
S1810,Male,24,Business,CS101,75.3,70.9,61.3,53.7,47.2,85.5,41,86,19.7,PASS
S1811,Female,29,Engineering,MATH101,69.4,71.0,70.7,61.7,38.2,78.2,51,77,16.7,PASS
S1812,Female,29,Computer Science,MATH101,55.8,56.9,39.4,63.8,19.1,54.5,41,78,13.4,PASS
S1813,Male,18,Computer Science,PHY101,58.5,66.2,55.5,44.2,40.3,83.8,43,57,15.1,PASS
S1814,Male,23,Computer Science,PHY101,75.2,75.3,87.7,45.9,32.1,87.8,54,76,17.7,PASS
S1815,Male,20,Business,PHY101,69.0,70.0,65.7,55.3,33.7,71.6,42,72,15.4,PASS
S1816,Female,25,Business,PHY101,59.3,52.6,56.5,37.1,41.2,84.8,35,63,15.6,PASS
S1817,Male,23,Business,CS201,69.8,69.1,76.8,76.0,47.5,68.1,38,97,19.9,PASS
S1818,Female,28,Computer Science,ENG101,39.8,51.1,48.5,49.2,24.8,64.7,15,84,11.4,FAIL
S1819,Female,19,Engineering,MATH101,100.0,100.0,97.3,92.6,56.7,100.0,42,110,23.4,PASS
S1820,Male,25,Physics,BUS101,29.4,26.6,33.4,51.3,11.9,81.8,35,61,13.1,FAIL
S1821,Male,22,Engineering,PHY101,73.9,75.9,75.4,64.3,33.8,89.0,36,76,17.3,PASS
S1822,Male,25,Business,ENG101,49.6,54.8,56.3,37.2,26.3,68.8,32,79,15.2,FAIL
S1823,Female,25,Mathematics,PHY101,88.6,91.1,86.0,73.8,65.9,91.1,52,88,12.6,PASS
S1824,Female,23,Mathematics,ENG101,66.3,70.4,61.2,70.5,26.5,84.9,41,64,13.7,PASS
S1825,Female,19,Engineering,BUS101,79.7,84.5,59.3,70.1,16.8,66.5,45,115,16.8,PASS
S1826,Female,25,Mathematics,CS101,74.1,74.9,67.0,68.6,35.5,71.7,53,57,16.6,PASS
S1827,Male,28,Engineering,CS201,42.8,44.5,62.2,43.2,44.0,83.7,39,92,13.8,PASS
S1828,Female,23,Mathematics,MATH101,67.5,64.5,54.3,55.2,35.7,54.4,24,69,13.1,PASS
S1829,Female,23,Computer Science,CS101,69.0,66.0,71.5,62.1,41.6,81.5,54,77,11.3,PASS
S1830,Male,25,Computer Science,BUS101,65.7,65.3,78.3,73.3,40.4,79.2,37,85,14.8,PASS
S1831,Female,18,Computer Science,CS201,71.9,65.3,71.9,79.0,34.9,73.6,47,107,12.3,PASS
S1832,Female,19,Mathematics,CS201,72.1,73.9,82.7,73.4,59.5,81.7,43,81,14.1,PASS
S1833,Female,29,Engineering,CS201,66.5,62.5,40.9,80.5,37.1,79.9,33,74,11.1,PASS
S1834,Female,29,Computer Science,BUS101,53.0,53.9,55.3,58.0,44.7,77.3,39,109,17.3,PASS
S1835,Female,26,Computer Science,PHY101,58.5,61.1,54.0,58.3,35.7,76.2,33,93,14.3,FAIL
S1836,Female,28,Physics,PHY101,52.9,46.3,64.2,82.8,32.9,81.5,33,94,11.4,PASS
S1837,Male,29,Mathematics,PHY101,63.3,65.4,70.1,62.3,25.6,86.4,45,113,12.0,PASS
S1838,Male,25,Business,CS101,67.8,57.5,47.7,44.7,53.0,71.8,34,91,13.7,PASS
S1839,Female,29,Business,MATH101,100.0,100.0,75.2,100.0,57.8,99.9,34,108,24.5,PASS
S1840,Male,24,Engineering,CS201,68.9,71.9,60.1,68.2,43.0,78.9,34,88,10.9,PASS
S1841,Male,24,Engineering,CS201,81.9,85.3,94.1,48.0,69.6,64.0,55,111,16.5,PASS
S1842,Male,22,Physics,CS101,49.4,51.1,46.2,40.3,32.9,70.3,42,69,13.0,FAIL
S1843,Male,19,Computer Science,PHY101,58.9,56.3,54.1,52.2,37.5,77.1,42,69,10.8,PASS
S1844,Female,28,Engineering,CS201,59.4,57.0,36.8,40.0,47.4,63.3,41,93,11.1,FAIL
S1845,Female,23,Engineering,CS201,63.9,60.8,69.6,39.9,46.3,78.0,55,82,11.5,PASS
S1846,Male,27,Engineering,BUS101,37.8,43.0,44.0,55.1,17.2,68.1,41,69,11.0,FAIL
S1847,Male,20,Engineering,ENG101,49.9,58.4,66.2,26.4,23.0,78.3,29,62,14.2,PASS
S1848,Male,21,Engineering,CS101,75.9,76.3,60.6,60.5,50.9,78.4,46,62,19.3,PASS
S1849,Female,27,Computer Science,CS101,50.0,45.1,53.7,44.9,23.4,73.7,40,51,11.4,FAIL
S1850,Female,29,Engineering,PHY101,64.8,63.4,59.4,47.7,39.4,89.1,34,96,16.2,PASS
S1851,Male,28,Computer Science,CS101,67.2,72.1,78.5,61.7,25.3,83.2,43,65,18.2,PASS
S1852,Female,19,Computer Science,PHY101,91.3,94.0,86.2,67.1,75.0,90.2,41,110,19.8,PASS
S1853,Female,19,Computer Science,BUS101,65.9,66.1,62.2,26.6,32.0,76.4,39,122,15.1,PASS
S1854,Female,29,Mathematics,BUS101,81.8,80.5,77.3,66.9,56.2,74.7,43,109,15.4,PASS
S1855,Female,25,Engineering,MATH101,95.3,86.8,90.9,79.7,64.7,94.2,59,103,16.9,PASS
S1856,Male,25,Business,PHY101,70.1,69.0,79.8,81.8,63.0,70.8,49,90,19.7,PASS
S1857,Female,27,Business,BUS101,81.1,79.2,71.7,69.7,52.5,100.0,37,73,16.4,PASS
S1858,Male,23,Business,PHY101,41.8,39.7,35.0,12.7,20.4,61.9,49,85,11.0,FAIL
S1859,Female,22,Engineering,CS101,65.3,66.7,61.9,69.2,38.7,77.3,45,119,22.4,PASS
S1860,Female,25,Engineering,MATH101,64.4,73.2,75.1,61.4,28.2,89.2,28,61,13.8,PASS
S1861,Female,21,Engineering,ENG101,71.8,71.9,67.9,67.9,58.9,80.8,34,91,14.7,PASS
S1862,Female,28,Business,CS201,65.9,68.9,53.9,62.5,35.7,83.7,29,81,15.5,PASS
S1863,Male,21,Engineering,CS201,81.0,80.7,59.9,62.6,69.7,85.8,40,100,12.5,PASS
S1864,Female,22,Mathematics,MATH101,86.3,86.0,90.8,57.0,43.9,71.1,60,92,16.4,PASS
S1865,Female,18,Mathematics,PHY101,67.3,73.0,68.4,40.8,71.3,70.5,40,110,13.1,PASS
S1866,Female,18,Computer Science,PHY101,66.0,67.9,56.4,56.3,31.4,77.2,42,87,12.6,PASS
S1867,Male,19,Computer Science,PHY101,100.0,100.0,67.0,74.0,51.2,89.0,60,114,24.0,PASS
S1868,Male,25,Business,ENG101,83.6,89.8,75.7,63.4,42.5,92.4,38,108,15.1,PASS
S1869,Male,24,Engineering,CS201,78.4,80.3,66.9,52.1,39.1,84.3,46,91,14.7,PASS
S1870,Female,27,Computer Science,MATH101,49.7,51.0,53.2,43.7,34.3,73.5,44,67,12.2,PASS
S1871,Female,26,Mathematics,PHY101,63.8,67.5,35.6,57.6,28.4,75.2,32,80,12.2,PASS
S1872,Male,22,Computer Science,BUS101,74.6,71.3,69.3,47.2,31.0,90.5,49,100,15.3,PASS
S1873,Male,19,Physics,CS101,70.1,66.9,47.2,71.2,31.2,74.3,43,105,14.3,PASS
S1874,Female,24,Business,ENG101,63.4,59.6,67.6,43.3,62.3,67.6,28,79,13.6,PASS
S1875,Female,25,Mathematics,PHY101,78.6,76.1,72.6,65.5,33.6,81.9,51,105,12.7,PASS
S1876,Female,29,Computer Science,CS201,57.6,51.7,65.1,72.9,36.8,85.7,40,67,15.7,PASS
S1877,Female,24,Computer Science,CS101,40.5,32.2,50.3,56.1,13.3,66.2,33,44,12.1,FAIL
S1878,Male,24,Engineering,MATH101,63.8,59.7,63.6,57.6,43.8,81.3,42,82,13.6,PASS
S1879,Male,29,Computer Science,PHY101,80.4,68.6,69.9,67.6,50.1,74.8,57,70,17.7,PASS
S1880,Female,22,Engineering,CS201,73.8,75.3,81.6,56.3,64.3,74.6,42,101,14.7,PASS
S1881,Female,19,Engineering,CS101,94.4,94.9,82.8,87.4,51.4,100.0,42,108,18.9,PASS
S1882,Female,23,Computer Science,BUS101,58.7,62.4,65.0,55.9,40.4,56.9,27,107,8.2,PASS
S1883,Female,21,Computer Science,ENG101,62.3,57.7,65.5,72.3,49.9,71.3,33,92,15.8,PASS
S1884,Female,27,Mathematics,MATH101,96.8,99.3,92.1,70.2,53.6,71.6,42,122,16.3,PASS
S1885,Male,19,Computer Science,CS201,55.1,51.1,47.9,37.9,35.6,68.6,31,113,12.7,FAIL
S1886,Male,29,Computer Science,BUS101,52.3,56.2,40.1,61.4,13.3,83.8,34,64,13.8,PASS
S1887,Male,26,Business,ENG101,69.0,59.9,77.5,68.8,46.8,95.7,47,71,20.7,PASS
S1888,Male,24,Physics,ENG101,93.4,92.2,89.3,93.2,58.2,75.5,40,100,21.6,PASS
S1889,Female,23,Engineering,BUS101,80.5,78.5,76.9,66.3,39.2,91.3,37,79,10.8,PASS
S1890,Female,29,Computer Science,CS201,68.5,72.5,65.0,43.0,26.3,67.3,39,82,13.3,PASS
S1891,Male,22,Business,ENG101,96.0,99.9,88.3,69.4,54.3,82.2,49,71,18.6,PASS
S1892,Male,20,Physics,MATH101,62.5,68.5,51.0,61.2,23.2,81.4,45,81,13.3,PASS
S1893,Female,29,Mathematics,CS101,47.1,37.0,44.6,56.2,29.5,56.4,36,65,6.9,PASS
S1894,Male,27,Business,MATH101,54.2,61.7,51.3,32.9,40.0,69.4,40,74,15.6,FAIL
S1895,Female,27,Engineering,PHY101,77.0,72.4,59.8,45.9,25.2,82.3,44,98,17.6,PASS
S1896,Female,21,Engineering,ENG101,100.0,100.0,91.6,84.2,49.9,69.2,39,107,18.0,PASS
S1897,Female,20,Computer Science,CS101,69.3,80.4,58.4,66.6,60.9,72.5,28,91,13.7,PASS
S1898,Male,29,Business,BUS101,100.0,100.0,100.0,77.6,67.3,84.8,33,91,20.1,PASS
S1899,Male,28,Business,CS101,85.8,81.5,54.0,74.2,34.5,78.4,36,100,20.4,PASS
S1900,Female,25,Physics,CS101,48.5,42.3,49.0,29.1,23.2,69.2,32,72,13.5,FAIL
S1901,Female,20,Computer Science,CS101,100.0,96.5,74.4,65.1,38.3,93.2,52,96,18.1,PASS
S1902,Male,24,Computer Science,ENG101,49.4,52.2,40.6,41.4,43.4,76.8,15,85,11.6,PASS
S1903,Female,24,Engineering,PHY101,65.2,59.9,63.5,43.3,38.9,92.2,33,91,16.4,PASS
S1904,Male,24,Business,PHY101,79.4,70.1,58.2,72.7,49.2,81.3,39,97,17.8,PASS
S1905,Female,24,Mathematics,CS201,74.5,79.9,65.1,71.1,59.0,67.2,38,81,12.7,PASS
S1906,Male,19,Computer Science,PHY101,82.2,79.2,66.2,42.0,46.5,63.5,40,83,14.7,PASS
S1907,Female,27,Computer Science,ENG101,84.5,89.1,52.0,41.3,54.0,98.7,34,76,20.7,PASS
S1908,Male,20,Engineering,CS201,83.0,86.8,61.4,60.3,62.8,84.3,43,105,20.3,PASS
S1909,Male,27,Engineering,BUS101,94.2,95.2,88.4,69.8,46.7,91.3,41,107,20.7,PASS
S1910,Male,26,Mathematics,BUS101,63.4,67.6,53.3,53.6,23.1,87.2,49,93,16.6,PASS
S1911,Male,20,Engineering,BUS101,62.4,69.8,66.2,53.9,59.0,80.7,48,55,10.0,PASS
S1912,Female,19,Mathematics,BUS101,74.8,78.6,73.5,85.9,36.0,94.5,35,88,10.6,PASS
S1913,Female,26,Business,BUS101,67.4,71.3,72.0,58.9,12.1,87.6,34,61,13.2,PASS
S1914,Male,27,Mathematics,MATH101,64.4,66.3,61.4,72.7,30.0,89.2,53,65,17.1,PASS
S1915,Male,26,Engineering,ENG101,67.3,65.1,67.5,62.2,32.3,72.0,29,105,14.4,PASS
S1916,Female,21,Mathematics,CS201,58.1,59.7,59.4,63.6,59.1,85.1,38,64,12.8,PASS
S1917,Female,29,Computer Science,BUS101,100.0,100.0,83.8,87.1,66.6,94.3,60,92,28.4,PASS
S1918,Female,26,Engineering,MATH101,65.8,68.2,63.6,56.5,36.9,70.1,32,76,15.5,PASS
S1919,Male,20,Computer Science,PHY101,67.1,68.8,48.5,47.4,32.0,96.0,27,70,14.5,PASS
S1920,Male,24,Engineering,MATH101,90.7,88.4,80.0,60.2,62.6,86.2,43,81,17.3,PASS
S1921,Female,24,Engineering,MATH101,70.0,75.7,49.3,69.6,54.6,63.4,39,59,17.3,PASS
S1922,Male,28,Computer Science,ENG101,64.6,62.0,72.6,69.8,44.7,86.6,41,65,15.9,PASS
S1923,Female,25,Physics,BUS101,52.3,54.3,60.0,19.0,42.5,80.7,36,79,13.0,FAIL
S1924,Male,27,Computer Science,MATH101,58.1,60.7,50.2,45.0,53.5,74.7,40,69,10.4,PASS
S1925,Female,21,Mathematics,MATH101,89.0,83.8,100.0,75.8,54.5,92.5,26,84,19.7,PASS
S1926,Male,20,Physics,BUS101,52.4,60.2,50.3,66.3,25.4,67.4,36,38,10.7,PASS
S1927,Female,20,Computer Science,ENG101,73.2,73.0,60.6,57.6,38.8,86.7,36,76,13.3,PASS
S1928,Male,29,Business,MATH101,82.9,77.9,66.4,67.8,64.8,92.4,55,123,17.0,PASS
S1929,Female,22,Computer Science,CS201,87.4,87.4,92.8,75.4,61.2,89.7,52,82,19.4,PASS
S1930,Male,28,Computer Science,CS101,74.0,69.1,56.6,48.9,46.2,82.4,50,99,17.4,PASS
S1931,Female,18,Engineering,PHY101,84.0,81.1,80.5,51.5,43.9,83.7,53,80,25.8,PASS
S1932,Female,27,Physics,CS101,50.4,47.4,50.0,43.8,20.5,89.4,36,81,13.9,FAIL
S1933,Female,20,Computer Science,CS101,35.8,35.1,40.3,47.6,21.5,65.3,27,91,9.2,PASS
S1934,Female,23,Business,ENG101,69.3,76.1,75.4,61.9,29.6,81.8,39,84,13.4,PASS
S1935,Female,20,Engineering,MATH101,77.6,78.2,63.8,50.5,43.9,82.3,51,81,15.8,PASS
S1936,Female,22,Mathematics,CS101,71.7,72.5,62.5,47.1,57.4,84.9,39,87,14.7,PASS
S1937,Male,26,Computer Science,CS101,61.6,59.2,54.4,62.9,35.4,91.1,39,66,19.1,PASS
S1938,Female,19,Business,PHY101,50.6,52.0,44.3,42.7,27.5,87.4,34,77,9.8,FAIL
S1939,Male,28,Business,BUS101,81.4,81.2,88.5,80.1,50.5,91.1,42,89,16.0,PASS
S1940,Male,19,Business,MATH101,71.3,70.9,73.2,55.1,54.4,83.9,51,90,20.8,PASS
S1941,Male,29,Physics,MATH101,31.5,35.1,40.8,40.4,40.6,73.5,25,34,12.4,FAIL
S1942,Male,23,Mathematics,PHY101,85.1,80.4,86.0,85.9,37.2,99.7,36,93,16.0,PASS
S1943,Female,23,Computer Science,BUS101,92.1,98.4,82.8,43.4,69.7,76.7,53,105,24.3,PASS
S1944,Female,28,Engineering,MATH101,92.7,79.3,75.4,58.0,65.3,84.8,47,96,13.2,PASS
S1945,Female,28,Engineering,CS201,73.1,72.7,71.1,73.0,29.1,75.1,37,100,15.3,PASS
S1946,Male,25,Engineering,PHY101,76.2,83.0,72.1,71.2,34.0,89.6,39,73,16.1,PASS
S1947,Male,29,Engineering,ENG101,81.4,87.4,83.3,62.4,60.3,82.1,42,80,18.7,PASS
S1948,Male,28,Engineering,BUS101,89.4,90.2,90.5,92.0,60.3,70.9,41,104,16.0,PASS
S1949,Male,19,Engineering,PHY101,78.1,74.1,68.6,77.1,26.1,77.2,56,102,14.8,PASS
S1950,Male,26,Physics,CS101,78.6,78.0,81.2,61.5,37.2,85.2,52,109,15.7,PASS
S1951,Male,19,Computer Science,MATH101,65.2,78.1,36.9,39.8,45.5,84.2,29,86,13.8,PASS
S1952,Male,18,Physics,CS201,39.2,42.8,25.9,53.9,34.7,70.1,27,42,17.5,FAIL
S1953,Female,27,Engineering,CS201,92.8,84.3,82.7,60.8,60.5,78.4,45,114,23.6,PASS
S1954,Female,19,Business,ENG101,54.1,54.6,57.3,53.5,7.3,90.5,18,82,9.6,PASS
S1955,Female,29,Mathematics,PHY101,66.5,63.5,53.4,76.2,31.2,85.1,35,86,14.6,PASS
S1956,Female,24,Engineering,CS201,83.8,77.5,70.9,70.2,38.5,89.6,49,115,11.7,PASS
S1957,Female,25,Engineering,PHY101,69.4,71.8,68.9,60.4,49.9,83.6,39,96,13.7,PASS
S1958,Male,22,Engineering,MATH101,100.0,95.1,73.4,47.0,54.4,78.8,60,113,19.2,PASS
S1959,Female,23,Engineering,MATH101,100.0,100.0,92.2,96.5,66.4,91.2,53,70,17.6,PASS
S1960,Female,29,Physics,CS201,78.3,85.0,57.5,43.7,49.0,60.5,55,82,13.3,PASS
S1961,Male,18,Mathematics,MATH101,58.0,54.4,59.8,68.9,20.8,81.5,43,94,12.7,PASS
S1962,Male,23,Computer Science,PHY101,51.9,47.9,45.7,25.3,41.7,42.5,34,75,9.2,FAIL
S1963,Female,29,Computer Science,MATH101,76.7,80.1,94.8,56.8,60.0,75.3,35,96,17.4,PASS
S1964,Male,25,Engineering,CS101,67.7,72.7,80.0,74.8,51.8,80.7,31,87,15.5,PASS
S1965,Female,20,Computer Science,PHY101,49.7,48.4,49.8,63.6,32.4,77.5,37,90,6.9,PASS
S1966,Female,28,Business,BUS101,84.7,89.6,59.7,72.9,49.7,72.7,53,73,18.8,PASS
S1967,Male,18,Computer Science,MATH101,82.3,90.7,97.9,62.9,42.1,77.9,46,66,14.1,PASS
S1968,Male,28,Engineering,MATH101,72.8,74.4,73.0,61.7,58.9,69.0,45,83,16.0,PASS
S1969,Male,21,Computer Science,PHY101,77.3,72.2,85.7,58.3,65.8,94.8,49,94,13.1,PASS
S1970,Male,18,Engineering,ENG101,69.9,73.9,86.1,83.3,34.1,73.9,38,77,19.1,PASS
S1971,Male,25,Business,BUS101,48.4,49.1,61.1,42.6,16.0,73.9,38,73,12.7,PASS
S1972,Female,22,Engineering,BUS101,89.8,88.2,72.5,68.7,41.4,89.1,51,74,19.8,PASS
S1973,Male,18,Physics,BUS101,67.7,71.4,58.8,63.6,29.0,87.0,31,64,10.5,PASS
S1974,Male,25,Mathematics,CS201,100.0,100.0,95.1,82.3,64.0,95.1,51,89,19.6,PASS
S1975,Male,26,Engineering,CS101,91.3,92.2,87.1,74.8,39.0,93.2,51,109,20.9,PASS
S1976,Female,27,Computer Science,CS101,92.9,81.5,74.0,79.5,49.0,76.2,51,103,27.0,PASS
S1977,Male,19,Mathematics,ENG101,83.6,84.2,72.7,79.5,43.8,89.2,47,103,20.3,PASS
S1978,Male,26,Physics,BUS101,39.5,40.6,64.3,47.8,25.8,58.0,38,83,15.0,FAIL
S1979,Female,25,Mathematics,BUS101,53.0,65.9,57.4,63.7,29.3,79.9,53,113,14.9,PASS
S1980,Female,24,Computer Science,MATH101,69.0,69.7,38.6,72.5,46.8,93.3,42,62,12.0,PASS
S1981,Male,20,Physics,PHY101,39.9,39.0,53.9,25.4,22.5,61.0,45,57,10.5,FAIL
S1982,Female,19,Computer Science,CS201,85.7,89.1,82.1,59.4,53.8,71.4,32,113,22.7,PASS
S1983,Male,24,Business,CS201,57.6,56.1,60.8,41.7,57.7,93.9,38,76,13.5,PASS
S1984,Male,22,Physics,ENG101,65.7,62.3,47.5,56.4,41.1,73.9,27,90,18.3,PASS
S1985,Male,23,Computer Science,CS101,91.7,83.7,67.1,82.2,58.2,93.3,43,78,17.2,PASS
S1986,Male,21,Physics,BUS101,77.1,74.1,56.9,63.8,75.3,66.9,57,93,15.4,PASS
S1987,Female,19,Engineering,PHY101,74.9,65.3,57.4,74.5,43.1,91.6,49,103,11.7,PASS
S1988,Male,26,Physics,ENG101,61.3,62.7,61.0,56.7,54.4,89.1,39,79,19.3,PASS
S1989,Male,20,Computer Science,CS201,44.6,45.7,66.2,44.7,41.5,89.2,43,79,8.4,PASS
S1990,Female,29,Physics,CS201,92.4,95.9,65.6,61.6,44.2,100.0,50,101,18.4,PASS
S1991,Female,24,Computer Science,CS201,86.1,81.0,73.2,58.6,53.5,76.6,43,105,16.7,PASS
S1992,Male,25,Business,BUS101,77.7,70.5,84.0,76.8,54.3,95.7,30,76,15.9,PASS
S1993,Female,19,Engineering,BUS101,100.0,100.0,71.8,72.5,71.3,95.0,53,75,16.2,PASS
S1994,Male,23,Engineering,BUS101,55.2,54.8,73.6,40.3,23.7,76.0,29,84,10.0,PASS
S1995,Female,28,Computer Science,MATH101,26.6,30.1,35.4,44.0,6.4,70.4,28,77,7.0,FAIL
S1996,Female,25,Business,CS101,44.1,44.7,46.6,54.2,37.1,93.9,32,101,14.3,PASS
S1997,Female,24,Computer Science,CS201,72.8,76.5,90.4,73.2,31.6,72.7,39,88,17.1,PASS
S1998,Male,28,Business,CS201,78.0,79.2,72.7,76.5,42.9,85.2,46,78,13.8,PASS
S1999,Male,20,Computer Science,MATH101,47.3,43.3,37.9,46.2,11.3,85.8,49,71,19.6,PASS
S2000,Male,18,Physics,CS201,44.5,47.2,41.0,35.5,16.7,76.5,35,72,9.8,FAIL
S2001,Male,23,Computer Science,CS201,92.8,94.3,84.9,66.4,52.7,74.7,47,93,14.6,PASS
S2002,Male,25,Computer Science,BUS101,71.0,62.6,69.0,54.5,40.9,82.3,40,91,12.8,PASS
S2003,Female,23,Computer Science,BUS101,58.7,60.2,71.9,45.8,36.9,60.4,38,112,14.8,PASS
S2004,Male,22,Engineering,CS101,95.2,93.2,96.2,63.8,55.5,84.5,57,117,16.7,PASS
S2005,Male,28,Computer Science,CS201,100.0,96.7,66.8,87.9,70.9,77.6,23,76,22.8,PASS
S2006,Female,29,Engineering,ENG101,81.6,86.5,69.2,62.2,63.9,78.2,42,91,11.4,PASS
S2007,Male,25,Mathematics,CS201,80.4,80.0,68.7,69.1,39.8,94.2,25,66,19.1,PASS
S2008,Female,19,Business,CS201,75.9,75.7,66.6,60.9,25.5,77.6,39,77,13.8,PASS
S2009,Male,29,Business,CS101,86.3,86.7,79.7,67.3,56.8,85.3,46,81,21.3,PASS
S2010,Male,18,Computer Science,ENG101,95.5,95.3,99.8,100.0,69.6,100.0,57,96,16.0,PASS
S2011,Male,18,Business,CS201,67.8,67.3,46.9,64.0,31.3,83.2,47,81,16.2,PASS
S2012,Male,21,Computer Science,PHY101,56.7,63.9,49.7,38.1,30.3,76.4,48,76,16.5,PASS
S2013,Female,23,Mathematics,PHY101,65.0,61.6,61.2,52.2,50.7,76.5,37,108,12.1,PASS
S2014,Male,26,Computer Science,ENG101,81.8,73.1,50.2,43.0,62.4,88.2,37,107,15.8,PASS
S2015,Female,18,Engineering,PHY101,98.4,98.6,90.8,70.8,64.7,100.0,45,96,17.4,PASS
S2016,Male,29,Engineering,BUS101,66.5,61.8,68.7,68.1,40.4,70.4,45,89,16.9,PASS
S2017,Male,18,Mathematics,BUS101,78.6,73.1,68.4,79.1,41.3,87.3,55,113,19.2,PASS
S2018,Female,22,Computer Science,ENG101,86.5,86.5,75.3,79.0,54.6,73.2,49,72,10.6,PASS
S2019,Male,27,Business,CS201,57.5,58.9,56.1,64.0,35.6,58.9,33,78,14.0,PASS
S2020,Female,22,Computer Science,ENG101,63.1,62.2,56.5,44.6,45.8,82.0,28,87,13.9,FAIL
S2021,Female,22,Business,PHY101,59.2,56.9,59.1,70.9,40.4,79.3,36,67,13.7,PASS
S2022,Female,27,Physics,ENG101,53.7,52.7,38.2,54.0,15.6,57.0,42,54,16.4,PASS
S2023,Female,23,Engineering,PHY101,61.1,60.9,57.3,55.9,35.0,69.3,28,72,15.1,PASS
S2024,Male,25,Engineering,BUS101,73.8,73.8,94.6,87.1,59.9,76.5,58,83,13.1,PASS
S2025,Male,20,Physics,ENG101,53.7,44.7,59.5,43.9,3.4,80.4,34,92,12.9,FAIL
S2026,Male,26,Engineering,MATH101,100.0,100.0,79.4,100.0,43.9,100.0,58,73,25.4,PASS
S2027,Female,18,Engineering,PHY101,69.5,62.2,67.3,83.0,29.7,68.0,32,91,16.6,PASS
S2028,Female,21,Business,MATH101,94.8,91.4,70.4,74.4,64.8,85.9,45,91,15.5,PASS
S2029,Male,26,Business,BUS101,63.3,55.6,44.1,49.9,32.0,96.2,50,88,11.9,PASS
S2030,Female,25,Computer Science,CS201,46.4,47.2,46.2,39.4,29.2,86.6,24,98,12.7,FAIL
S2031,Male,27,Mathematics,PHY101,73.3,69.7,58.1,61.2,49.9,59.0,46,74,13.5,PASS
S2032,Female,26,Engineering,CS201,87.4,86.5,73.3,70.5,58.3,82.6,39,111,14.9,PASS
S2033,Male,18,Computer Science,BUS101,51.5,47.8,66.0,46.8,23.0,79.5,28,83,13.5,FAIL
S2034,Female,26,Mathematics,CS201,78.2,72.9,59.7,50.4,43.1,90.7,43,83,19.9,PASS
S2035,Female,20,Engineering,PHY101,85.8,73.3,74.0,67.1,49.1,97.0,40,101,15.5,PASS
S2036,Male,28,Computer Science,CS101,59.9,57.0,41.2,56.0,55.8,60.6,40,92,10.8,PASS
S2037,Male,29,Business,PHY101,45.7,39.6,42.7,31.9,24.9,75.8,32,61,10.3,FAIL
S2038,Male,27,Mathematics,PHY101,70.4,73.0,74.3,80.6,49.7,83.5,35,67,15.6,PASS
S2039,Male,26,Mathematics,MATH101,49.6,60.0,60.8,41.0,38.3,86.2,33,57,14.6,PASS
S2040,Male,18,Physics,CS101,53.7,62.8,58.6,52.7,45.4,81.2,48,70,15.4,PASS
S2041,Female,18,Mathematics,CS101,76.8,76.4,65.6,63.3,56.7,87.8,36,78,14.7,PASS
S2042,Female,26,Computer Science,CS101,74.9,70.9,57.2,62.1,45.6,86.2,34,96,16.8,PASS
S2043,Female,28,Engineering,PHY101,69.8,60.1,66.7,81.9,47.8,81.0,33,93,10.2,PASS
S2044,Male,23,Mathematics,BUS101,79.4,77.3,79.1,66.4,77.5,95.7,36,93,15.9,PASS
S2045,Female,21,Engineering,CS101,57.0,52.4,73.4,50.0,25.3,67.2,30,93,10.8,PASS
S2046,Female,24,Business,ENG101,74.6,70.9,78.5,77.0,38.7,94.7,32,87,11.9,PASS
S2047,Male,22,Business,CS201,59.9,51.7,69.8,74.2,22.1,76.0,45,86,17.4,PASS
S2048,Female,27,Engineering,BUS101,81.6,85.1,76.2,97.3,51.2,79.0,46,98,13.4,PASS
S2049,Female,24,Physics,ENG101,52.9,55.4,47.3,30.9,26.2,73.8,35,70,16.0,PASS
S2050,Male,25,Engineering,PHY101,95.0,90.4,63.7,67.6,44.3,86.6,60,81,25.4,PASS
S2051,Male,25,Engineering,PHY101,75.6,79.9,60.9,66.6,45.5,100.0,47,69,13.2,PASS
S2052,Male,18,Physics,ENG101,83.8,84.1,54.0,49.6,33.9,72.9,60,111,17.5,PASS
S2053,Male,25,Engineering,MATH101,78.2,80.9,74.0,78.5,62.0,70.5,54,74,17.5,PASS
S2054,Female,23,Computer Science,MATH101,97.0,100.0,99.7,72.9,70.7,78.5,39,114,23.2,PASS
S2055,Female,21,Engineering,ENG101,58.9,60.7,51.3,52.3,56.5,75.4,27,102,15.8,PASS
S2056,Female,29,Mathematics,MATH101,85.4,81.3,86.8,84.9,83.1,77.7,42,82,18.0,PASS
S2057,Male,25,Mathematics,CS201,94.2,99.4,97.0,61.2,37.0,64.3,45,101,19.1,PASS
S2058,Male,20,Mathematics,CS201,89.5,93.4,78.9,66.7,51.8,80.0,57,90,15.9,PASS
S2059,Female,21,Business,PHY101,66.7,70.7,67.5,63.9,55.6,68.4,37,77,17.8,PASS
S2060,Female,23,Computer Science,MATH101,95.5,88.9,84.6,78.8,72.5,98.6,48,124,21.3,PASS
S2061,Male,28,Mathematics,CS101,65.5,58.2,70.0,64.7,49.6,85.9,30,96,17.8,PASS
S2062,Male,24,Mathematics,ENG101,82.1,89.6,72.0,76.5,36.7,88.1,50,89,16.7,PASS
S2063,Female,21,Computer Science,CS201,80.7,77.5,59.5,54.9,51.8,66.9,53,103,18.2,PASS
S2064,Male,21,Computer Science,MATH101,60.5,61.8,67.5,75.7,49.0,92.3,44,102,16.3,PASS
S2065,Male,24,Physics,MATH101,76.1,82.2,73.8,55.4,41.5,74.6,44,82,12.8,PASS
S2066,Female,23,Mathematics,CS201,94.1,100.0,95.4,95.1,47.3,96.4,56,110,23.0,PASS
S2067,Male,28,Mathematics,CS201,74.9,77.8,60.7,66.8,41.7,88.6,47,74,18.2,PASS
S2068,Male,25,Mathematics,CS101,100.0,97.4,91.9,72.4,53.2,81.9,56,90,16.0,PASS
S2069,Male,18,Engineering,MATH101,69.6,68.2,72.2,47.8,45.1,84.3,35,89,11.7,PASS
S2070,Male,27,Business,MATH101,70.7,72.6,61.5,64.1,25.2,82.1,39,86,16.5,PASS
S2071,Female,28,Engineering,BUS101,60.2,61.1,58.3,45.1,55.8,88.7,43,79,20.8,PASS
S2072,Male,24,Computer Science,PHY101,55.3,51.7,74.0,60.3,26.4,70.0,33,89,13.0,PASS
S2073,Male,29,Business,CS101,54.7,41.5,56.5,55.1,20.7,78.1,53,75,15.8,FAIL
S2074,Female,24,Engineering,CS201,67.6,64.0,63.7,57.6,35.8,70.2,44,99,14.4,PASS
S2075,Female,28,Business,CS201,55.3,54.2,71.0,56.5,36.4,89.0,41,88,13.5,PASS
S2076,Female,24,Engineering,ENG101,57.2,57.2,41.5,51.6,15.7,76.0,46,80,16.5,FAIL
S2077,Male,24,Engineering,PHY101,55.1,63.7,65.6,54.1,26.2,67.2,39,74,16.8,PASS
S2078,Male,27,Computer Science,CS201,89.4,94.7,86.2,76.1,52.9,93.0,51,95,16.2,PASS
S2079,Female,27,Computer Science,MATH101,61.9,59.6,47.3,40.6,29.1,89.2,34,64,13.8,FAIL
S2080,Female,25,Computer Science,CS201,28.1,30.6,62.4,47.2,5.3,63.7,26,60,6.7,FAIL
S2081,Male,26,Computer Science,MATH101,42.3,29.0,48.8,47.8,36.8,93.5,33,55,12.4,FAIL
S2082,Male,26,Physics,MATH101,57.9,64.0,68.3,59.9,45.9,92.5,29,86,14.3,PASS
S2083,Male,19,Computer Science,CS101,76.0,73.5,81.0,74.7,56.5,83.2,56,67,13.5,PASS
S2084,Female,24,Computer Science,CS201,66.0,66.9,75.7,53.4,46.4,75.5,31,60,14.9,PASS
S2085,Female,24,Business,CS101,60.9,61.0,62.3,32.3,22.3,65.2,30,79,17.2,PASS
S2086,Male,21,Business,PHY101,65.3,70.5,47.2,54.1,38.9,68.9,40,92,15.5,PASS
S2087,Male,26,Computer Science,MATH101,39.8,38.1,47.9,44.1,40.1,53.1,36,69,8.1,FAIL
S2088,Female,25,Mathematics,PHY101,78.6,82.7,58.5,67.2,32.6,89.5,38,107,17.8,PASS
S2089,Female,29,Mathematics,CS201,89.0,90.9,77.4,64.5,41.6,86.0,43,96,16.9,PASS
S2090,Male,18,Computer Science,PHY101,68.8,69.4,56.3,71.5,44.5,75.3,38,119,15.9,PASS
S2091,Female,19,Computer Science,PHY101,58.8,58.3,62.1,51.2,44.4,49.1,38,83,8.9,FAIL
S2092,Female,19,Physics,CS201,77.3,74.8,79.1,53.0,54.6,88.5,48,126,18.6,PASS
S2093,Male,29,Mathematics,CS101,48.2,47.3,51.9,44.0,32.8,74.0,28,74,15.0,PASS
S2094,Female,29,Business,CS101,68.3,66.4,80.3,52.1,29.0,80.6,37,95,11.2,PASS
S2095,Male,28,Computer Science,MATH101,91.4,93.5,85.8,70.9,60.7,87.4,50,98,19.6,PASS
S2096,Female,25,Engineering,MATH101,75.6,70.0,43.6,59.7,38.0,92.9,52,94,13.9,PASS
S2097,Female,18,Business,CS201,73.0,73.3,61.8,63.5,47.9,65.6,49,77,18.3,PASS
S2098,Female,21,Computer Science,CS201,52.2,59.7,65.2,41.5,29.8,99.1,39,84,14.1,PASS
S2099,Female,27,Engineering,BUS101,60.0,57.8,46.4,42.4,32.2,64.8,22,61,17.5,FAIL
S2100,Male,29,Business,BUS101,89.2,91.4,69.2,75.1,81.5,84.4,40,93,22.3,PASS
S2101,Female,22,Engineering,ENG101,57.8,46.2,63.1,51.0,20.5,50.2,31,71,12.7,FAIL
S2102,Female,26,Mathematics,MATH101,90.6,82.7,81.3,88.2,45.5,88.7,55,89,18.9,PASS
S2103,Male,24,Mathematics,PHY101,54.9,54.2,40.1,51.5,45.8,73.3,28,92,18.6,PASS
S2104,Female,25,Engineering,ENG101,67.3,67.0,69.9,50.1,61.3,80.0,28,90,8.9,PASS
S2105,Female,28,Mathematics,ENG101,41.1,41.3,45.0,50.4,32.7,76.0,35,42,7.4,FAIL
S2106,Male,26,Computer Science,CS101,88.2,99.2,70.5,82.2,50.2,81.4,50,107,21.2,PASS
S2107,Female,24,Mathematics,PHY101,55.4,52.4,72.9,50.0,23.7,92.1,31,78,10.5,PASS
S2108,Female,22,Computer Science,CS101,72.7,73.1,72.9,38.7,54.0,76.6,38,100,20.8,PASS
S2109,Male,22,Computer Science,BUS101,76.0,72.4,71.6,52.6,45.5,88.1,56,90,13.8,PASS
S2110,Female,27,Business,ENG101,96.3,100.0,76.0,80.9,51.5,80.1,38,79,21.2,PASS
S2111,Male,28,Engineering,BUS101,57.8,52.0,58.7,82.8,47.5,87.5,29,100,14.4,PASS
S2112,Male,23,Physics,PHY101,84.9,81.4,73.2,71.0,49.1,75.0,50,105,17.4,PASS
S2113,Male,22,Engineering,PHY101,66.9,62.4,48.9,72.3,24.4,77.5,41,85,16.2,PASS
S2114,Female,29,Computer Science,MATH101,38.6,42.8,48.5,61.3,24.6,65.3,31,52,11.5,FAIL
S2115,Female,28,Engineering,CS201,78.7,79.4,73.3,53.9,43.1,86.6,31,95,18.5,PASS
S2116,Male,26,Engineering,CS101,57.0,58.4,64.0,52.2,22.2,68.2,29,83,18.1,PASS
S2117,Male,20,Engineering,MATH101,66.3,65.3,73.5,74.6,43.5,72.9,37,67,17.1,PASS
S2118,Female,20,Business,MATH101,59.7,65.8,63.9,41.8,41.3,76.2,53,79,17.4,PASS
S2119,Male,24,Mathematics,CS101,72.4,71.6,61.6,69.3,13.2,77.3,37,58,15.0,PASS
S2120,Female,24,Mathematics,CS101,29.1,38.9,30.8,50.5,30.5,69.0,17,37,5.1,FAIL
S2121,Female,23,Physics,PHY101,67.8,74.1,60.1,68.5,52.7,72.4,37,67,12.4,PASS
S2122,Male,20,Computer Science,PHY101,62.9,55.5,73.3,56.1,36.4,71.3,33,82,19.4,PASS
S2123,Female,24,Business,ENG101,71.5,74.7,56.2,77.4,33.4,81.1,46,73,21.5,PASS
S2124,Male,22,Engineering,BUS101,88.0,94.4,64.0,80.5,59.3,100.0,26,110,14.9,PASS
S2125,Female,24,Business,PHY101,76.8,74.8,60.6,42.6,46.1,79.9,38,77,14.2,PASS
S2126,Female,19,Engineering,MATH101,54.7,56.8,34.3,14.9,26.5,83.5,48,72,12.3,FAIL
S2127,Female,23,Physics,ENG101,63.5,56.1,64.1,61.8,32.0,83.0,44,98,14.5,PASS
S2128,Male,25,Business,ENG101,91.3,86.4,63.6,64.5,56.9,79.3,48,89,22.6,PASS
S2129,Female,18,Physics,MATH101,54.1,52.9,74.7,60.2,48.4,83.4,32,77,16.0,PASS
S2130,Male,21,Mathematics,PHY101,55.9,49.1,71.8,51.7,17.8,75.8,42,93,9.9,PASS
S2131,Male,28,Physics,MATH101,84.7,85.0,81.3,86.2,54.6,95.4,51,121,14.1,PASS
S2132,Male,18,Mathematics,CS201,45.0,48.3,39.3,45.8,16.4,99.4,25,86,7.5,PASS
S2133,Female,18,Engineering,PHY101,59.4,54.8,72.9,65.3,39.4,78.2,47,86,11.4,PASS
S2134,Female,27,Computer Science,BUS101,87.4,80.6,68.9,71.2,59.3,98.3,60,126,14.0,PASS
S2135,Female,29,Engineering,MATH101,58.7,50.8,58.0,70.8,20.4,88.0,34,60,16.1,PASS
S2136,Female,28,Computer Science,PHY101,53.6,59.6,50.6,40.8,39.0,71.7,28,108,9.2,PASS
S2137,Male,25,Engineering,CS101,48.7,40.0,38.1,54.4,32.3,70.0,41,78,13.1,PASS
S2138,Female,24,Engineering,CS201,76.5,78.0,49.2,25.0,61.5,69.8,50,95,12.4,PASS
S2139,Male,29,Engineering,BUS101,87.3,93.9,66.8,60.3,52.7,97.7,44,77,26.9,PASS
S2140,Female,27,Physics,PHY101,72.3,67.4,66.1,74.0,46.8,72.8,32,67,17.3,PASS
S2141,Female,18,Physics,CS101,56.0,51.7,44.5,40.2,38.7,70.9,40,71,16.1,FAIL
S2142,Female,28,Computer Science,PHY101,83.3,84.1,60.6,49.5,67.0,100.0,22,91,16.5,PASS
S2143,Female,19,Engineering,CS101,32.6,33.8,50.9,60.3,0.0,64.7,31,66,12.1,FAIL
S2144,Male,21,Engineering,BUS101,84.1,81.7,78.6,60.0,31.8,100.0,20,96,16.4,PASS
S2145,Male,18,Engineering,CS201,80.8,79.4,70.4,79.6,47.3,100.0,41,82,22.3,PASS
S2146,Female,20,Mathematics,CS101,70.2,70.7,78.7,58.7,46.5,72.3,51,92,12.3,PASS
S2147,Male,25,Engineering,ENG101,74.3,72.2,54.0,76.6,24.7,89.7,60,64,16.1,PASS
S2148,Male,25,Business,BUS101,60.4,58.5,69.7,77.0,35.5,82.9,47,102,13.4,PASS
S2149,Male,25,Mathematics,BUS101,89.3,99.0,85.8,85.3,44.6,94.7,48,86,14.4,PASS
S2150,Female,23,Mathematics,MATH101,67.9,72.9,69.4,56.0,25.2,92.1,44,86,18.1,PASS
S2151,Male,23,Computer Science,CS201,60.1,65.6,63.8,44.4,34.0,59.9,40,75,11.2,PASS
S2152,Male,22,Business,ENG101,47.2,45.5,56.0,65.6,36.9,80.0,26,73,7.2,PASS
S2153,Female,26,Engineering,ENG101,76.8,68.2,62.7,65.7,68.3,90.0,46,93,18.5,PASS
S2154,Female,21,Computer Science,MATH101,87.0,99.4,81.1,67.8,77.6,81.3,43,148,13.5,PASS
S2155,Male,27,Computer Science,CS101,75.8,72.8,59.4,68.5,60.4,92.2,49,61,18.3,PASS
S2156,Male,29,Engineering,CS101,61.5,63.1,47.9,42.3,40.8,90.8,48,67,17.4,PASS
S2157,Male,29,Engineering,ENG101,63.1,67.0,75.5,65.9,36.6,74.1,35,63,11.2,PASS
S2158,Male,29,Computer Science,CS201,63.3,60.4,50.1,42.5,39.8,66.0,38,86,16.6,PASS
S2159,Male,24,Business,CS101,74.6,79.1,66.4,70.2,46.5,100.0,44,93,13.0,PASS
S2160,Female,18,Mathematics,BUS101,45.6,45.6,20.1,48.2,40.8,65.4,35,94,10.7,FAIL
S2161,Female,26,Computer Science,PHY101,42.0,40.6,48.8,57.8,44.4,59.3,50,72,11.2,PASS
S2162,Female,24,Computer Science,MATH101,73.8,70.9,71.6,49.8,30.3,84.1,40,106,12.3,PASS
S2163,Male,27,Mathematics,CS201,61.3,56.3,51.2,45.2,33.2,55.7,23,97,10.6,PASS
S2164,Female,29,Computer Science,CS101,76.8,67.5,57.5,64.5,57.6,83.8,41,87,20.0,PASS
S2165,Male,26,Physics,PHY101,78.6,92.6,73.0,55.9,45.6,91.9,59,79,10.4,PASS
S2166,Female,24,Business,ENG101,90.8,98.1,64.1,66.2,49.5,81.7,51,93,17.6,PASS
S2167,Female,19,Engineering,MATH101,83.2,83.7,72.1,52.5,63.8,90.3,46,82,18.2,PASS
S2168,Male,23,Computer Science,CS101,81.2,89.0,65.4,69.7,42.6,89.2,35,92,18.7,PASS
S2169,Female,27,Computer Science,ENG101,48.1,55.2,51.9,71.8,36.7,79.5,33,62,16.4,PASS
S2170,Male,29,Computer Science,CS101,53.3,56.3,74.7,57.9,28.2,71.9,48,82,15.3,PASS
S2171,Female,28,Computer Science,MATH101,66.3,64.6,68.3,69.1,66.4,80.3,49,59,15.8,PASS
S2172,Male,21,Business,BUS101,86.3,91.7,52.6,68.9,66.8,87.8,57,99,17.5,PASS
S2173,Male,20,Computer Science,BUS101,68.6,73.1,69.6,51.9,37.2,81.3,31,95,14.1,PASS
S2174,Female,19,Engineering,PHY101,88.1,92.0,87.7,81.0,56.2,84.8,52,103,17.3,PASS
S2175,Male,23,Business,ENG101,56.2,54.5,31.4,27.2,40.7,94.9,20,39,12.7,FAIL
S2176,Female,25,Computer Science,BUS101,99.4,100.0,85.2,81.4,54.6,93.1,49,103,21.2,PASS
S2177,Male,23,Computer Science,MATH101,53.0,54.4,29.8,53.9,28.0,80.1,38,83,11.6,PASS
S2178,Female,26,Computer Science,ENG101,82.0,80.1,69.7,73.5,59.3,72.4,54,134,19.7,PASS
S2179,Female,22,Computer Science,CS101,56.8,58.7,65.5,55.4,34.0,100.0,45,81,14.2,PASS
S2180,Male,19,Business,CS201,77.4,83.7,69.3,52.3,29.6,92.0,53,67,13.4,PASS
S2181,Male,25,Engineering,CS101,43.4,51.0,48.0,37.5,32.8,76.4,44,46,11.6,FAIL
S2182,Male,26,Mathematics,MATH101,29.3,31.8,35.0,46.8,29.2,86.0,28,61,9.3,FAIL
S2183,Male,27,Engineering,PHY101,67.8,66.9,70.2,65.9,36.7,68.5,30,71,14.3,PASS
S2184,Male,21,Engineering,ENG101,62.9,67.1,65.0,62.5,28.4,67.9,43,94,15.6,PASS
S2185,Female,23,Engineering,CS101,83.2,78.9,58.2,64.7,65.9,95.5,52,116,12.6,PASS
S2186,Female,28,Business,ENG101,88.0,86.1,67.8,47.5,54.6,99.0,42,58,17.1,PASS
S2187,Female,27,Computer Science,BUS101,71.2,77.6,49.7,43.8,41.7,62.8,42,81,15.3,PASS
S2188,Female,25,Computer Science,CS201,60.0,69.3,47.1,37.9,35.0,68.1,43,99,12.5,PASS
S2189,Female,26,Business,MATH101,100.0,100.0,100.0,98.8,77.5,74.9,60,113,20.8,PASS
S2190,Female,29,Engineering,CS101,52.2,51.8,55.9,16.1,34.4,85.3,24,64,11.7,FAIL
S2191,Male,22,Engineering,CS201,84.9,74.0,53.6,56.5,56.3,86.4,55,98,16.6,PASS
S2192,Female,29,Business,MATH101,63.5,67.4,65.8,87.7,36.2,83.6,39,100,14.3,PASS
S2193,Female,23,Engineering,MATH101,83.0,85.7,85.0,62.9,50.0,74.5,44,92,14.8,PASS
S2194,Female,28,Business,PHY101,81.3,84.1,58.0,55.4,45.0,87.0,54,100,13.5,PASS
S2195,Male,21,Engineering,BUS101,66.1,59.0,63.5,84.1,45.5,64.4,36,102,20.7,PASS
S2196,Male,22,Business,PHY101,43.3,41.6,31.8,37.5,12.6,81.2,37,70,10.0,FAIL
S2197,Male,24,Business,PHY101,65.1,74.4,83.3,85.4,41.9,97.5,34,84,14.4,PASS
S2198,Female,26,Engineering,ENG101,75.4,70.3,71.8,56.5,40.8,59.9,41,103,19.8,PASS
S2199,Female,27,Business,ENG101,74.3,77.2,58.2,72.2,38.4,96.1,54,98,17.1,PASS
S2200,Male,28,Mathematics,CS201,74.6,71.4,73.9,93.2,50.1,81.4,46,108,14.0,PASS
S2201,Female,23,Engineering,BUS101,57.5,60.1,46.3,57.7,34.5,80.8,48,93,8.1,PASS
S2202,Male,23,Engineering,MATH101,51.1,50.2,39.4,49.7,18.8,71.5,19,102,8.1,FAIL
S2203,Male,25,Mathematics,BUS101,86.5,92.5,74.9,77.6,41.3,75.3,56,85,15.0,PASS
S2204,Male,28,Business,BUS101,63.4,63.7,53.5,44.8,40.5,95.8,31,87,13.1,FAIL
S2205,Female,21,Computer Science,CS201,61.1,66.1,61.1,70.2,27.3,72.1,33,78,15.9,PASS
S2206,Female,20,Mathematics,ENG101,48.8,59.4,41.3,46.5,9.4,90.1,31,50,9.6,FAIL
S2207,Male,24,Computer Science,BUS101,70.2,75.1,66.6,47.4,52.0,89.0,44,70,12.7,PASS
S2208,Female,22,Business,BUS101,57.2,60.1,77.8,56.7,19.5,74.9,40,95,16.9,PASS
S2209,Male,19,Mathematics,BUS101,100.0,100.0,100.0,76.9,55.7,100.0,55,110,25.3,PASS
S2210,Female,19,Physics,CS101,72.2,75.0,82.4,31.1,32.3,81.3,45,101,17.2,PASS
S2211,Female,28,Computer Science,BUS101,49.6,46.6,73.1,48.1,18.5,88.1,38,72,12.0,FAIL
S2212,Female,23,Business,BUS101,72.3,68.1,55.7,42.6,47.5,94.3,39,89,15.3,PASS
S2213,Male,25,Engineering,MATH101,87.5,91.0,45.1,61.2,44.7,73.7,48,100,15.2,PASS
S2214,Female,18,Engineering,PHY101,69.8,66.7,68.8,40.9,39.2,73.3,44,81,18.4,PASS
S2215,Female,28,Computer Science,CS101,67.8,64.2,53.6,67.8,18.9,78.4,29,90,15.3,PASS
S2216,Male,23,Business,BUS101,73.4,72.4,97.3,69.6,65.0,80.3,46,55,13.1,PASS
S2217,Female,29,Engineering,PHY101,100.0,91.4,79.4,53.8,64.3,94.6,52,101,18.2,PASS
S2218,Male,19,Computer Science,BUS101,66.3,63.1,75.1,71.7,56.6,62.8,48,76,17.8,PASS
S2219,Female,19,Business,CS201,70.5,66.8,60.4,61.2,57.6,80.7,53,93,13.1,PASS
S2220,Male,24,Business,CS201,76.9,89.2,59.4,55.1,60.4,88.6,56,114,14.5,PASS
S2221,Female,27,Mathematics,PHY101,100.0,100.0,88.4,64.4,57.0,98.7,24,109,27.8,PASS
S2222,Female,18,Physics,CS101,52.7,50.6,56.7,48.3,32.2,70.0,29,86,10.4,PASS
S2223,Male,23,Engineering,MATH101,86.9,83.1,57.9,48.4,40.2,75.9,38,126,18.9,PASS
S2224,Male,24,Physics,CS101,64.0,51.8,65.3,76.4,39.5,76.0,39,77,13.5,PASS
S2225,Male,25,Mathematics,CS101,63.1,55.7,48.5,64.7,22.9,84.4,34,69,22.1,FAIL
S2226,Male,24,Computer Science,CS201,100.0,91.7,81.9,68.5,77.0,78.0,58,80,23.6,PASS
S2227,Male,23,Computer Science,CS201,84.5,79.6,76.5,65.2,61.4,82.6,40,115,18.5,PASS
S2228,Female,26,Engineering,MATH101,77.7,77.7,84.8,64.8,54.1,78.8,45,106,14.0,PASS
S2229,Male,20,Engineering,BUS101,92.2,91.3,79.3,75.1,48.6,72.3,41,75,16.1,PASS
S2230,Male,28,Business,MATH101,68.4,64.0,61.6,63.5,55.1,64.7,42,101,20.3,PASS
S2231,Female,23,Business,BUS101,86.0,85.8,76.0,74.8,32.7,100.0,25,101,13.7,PASS
S2232,Male,21,Business,PHY101,71.2,64.1,61.4,66.8,41.5,89.5,36,65,17.3,PASS
S2233,Female,19,Engineering,PHY101,75.5,77.7,70.6,40.3,47.1,92.8,29,94,17.9,PASS
S2234,Female,18,Computer Science,ENG101,51.3,55.1,49.2,38.3,50.3,72.0,44,79,19.2,PASS
S2235,Female,29,Mathematics,CS201,81.9,84.3,77.9,65.5,33.6,86.0,45,91,12.7,PASS
S2236,Female,29,Engineering,ENG101,63.4,68.9,60.8,52.7,54.3,84.8,38,61,16.0,PASS
S2237,Female,18,Physics,ENG101,55.6,48.0,56.7,73.2,47.2,92.4,34,119,15.0,PASS
S2238,Male,28,Computer Science,CS201,58.2,58.4,73.1,58.9,49.5,81.4,36,62,15.2,PASS
S2239,Male,27,Physics,ENG101,86.2,81.5,93.8,60.4,44.9,79.2,54,79,18.8,PASS
S2240,Male,20,Computer Science,CS101,42.7,37.0,37.6,37.1,31.0,79.4,33,52,15.9,PASS
S2241,Female,21,Computer Science,BUS101,74.8,67.7,54.8,64.1,55.7,54.1,39,108,16.3,PASS
S2242,Male,19,Computer Science,MATH101,72.5,84.9,69.9,84.7,47.0,72.9,28,70,13.8,PASS
S2243,Female,29,Business,CS201,78.9,83.5,75.7,70.2,51.6,84.7,39,84,12.3,PASS
S2244,Female,28,Mathematics,CS101,55.0,63.1,41.6,53.4,38.8,82.9,36,85,12.7,PASS
S2245,Female,28,Engineering,PHY101,71.0,72.8,48.8,55.3,35.0,88.3,44,54,14.2,FAIL
S2246,Female,28,Physics,MATH101,72.8,68.7,69.4,68.9,35.9,77.9,46,73,18.7,PASS
S2247,Male,18,Business,MATH101,72.1,75.5,66.7,78.8,52.6,80.3,47,75,11.8,PASS
S2248,Female,21,Business,MATH101,69.0,80.7,69.5,37.8,34.2,77.4,40,101,22.0,PASS
S2249,Female,24,Mathematics,ENG101,84.3,87.0,67.9,56.7,54.6,92.2,38,90,17.7,PASS
S2250,Male,27,Computer Science,ENG101,47.3,46.8,56.2,48.6,13.0,79.5,33,67,15.3,FAIL
S2251,Male,28,Engineering,ENG101,72.0,73.4,55.5,68.1,40.7,80.7,34,102,18.7,PASS
S2252,Female,23,Physics,ENG101,90.3,95.9,96.3,65.7,72.3,80.8,33,88,15.7,PASS
S2253,Female,23,Physics,CS101,81.3,81.2,72.1,41.8,51.4,88.3,48,110,17.0,PASS
S2254,Female,28,Physics,ENG101,71.9,71.4,64.5,71.0,57.5,82.5,26,126,19.7,PASS
S2255,Female,26,Physics,CS201,43.8,40.4,38.8,36.8,46.5,88.2,24,91,13.9,FAIL
S2256,Female,19,Computer Science,MATH101,83.1,84.8,72.8,59.3,60.7,84.4,44,122,18.4,PASS
S2257,Male,21,Mathematics,CS101,71.4,65.0,66.5,59.3,48.1,79.3,55,95,17.3,PASS
S2258,Male,22,Engineering,PHY101,34.0,32.1,30.1,14.0,19.2,61.9,25,71,8.3,FAIL
S2259,Male,18,Physics,ENG101,81.3,80.7,68.7,49.4,46.2,99.7,28,90,12.2,PASS
S2260,Male,25,Engineering,PHY101,71.2,65.9,59.3,59.5,38.9,82.2,40,102,20.0,PASS
S2261,Female,25,Business,MATH101,43.8,43.7,63.7,44.8,39.5,75.6,32,53,9.7,FAIL
S2262,Female,23,Engineering,CS101,43.2,48.0,53.9,60.3,28.5,90.1,25,88,8.1,FAIL
S2263,Female,29,Engineering,MATH101,46.7,53.9,33.6,57.8,38.3,85.6,32,68,17.2,FAIL
S2264,Male,22,Computer Science,PHY101,65.4,64.3,64.7,36.3,59.1,65.8,33,93,15.6,PASS
S2265,Female,25,Mathematics,CS101,58.9,56.7,51.5,46.0,58.6,89.7,40,82,7.8,FAIL
S2266,Female,20,Mathematics,BUS101,87.4,86.1,79.3,70.1,60.8,97.8,40,105,14.5,PASS
S2267,Female,20,Computer Science,CS101,69.4,72.5,60.7,74.6,50.0,63.3,35,97,15.9,PASS
S2268,Female,19,Mathematics,ENG101,62.1,59.0,61.0,39.8,34.9,93.8,45,86,12.6,PASS
S2269,Male,22,Business,PHY101,41.9,38.8,51.8,48.0,36.5,66.8,31,75,12.5,FAIL
S2270,Male,20,Engineering,MATH101,69.2,70.6,59.4,71.1,31.4,88.3,36,78,14.5,PASS
S2271,Male,20,Computer Science,MATH101,94.3,96.9,100.0,84.2,57.8,83.2,60,98,17.9,PASS
S2272,Male,23,Mathematics,MATH101,90.2,91.2,92.8,81.6,41.9,100.0,50,84,19.8,PASS
S2273,Male,25,Business,CS201,63.1,63.8,39.8,47.7,22.4,81.0,25,64,10.5,FAIL
S2274,Female,19,Engineering,CS201,62.7,60.2,60.7,72.4,41.5,87.8,29,57,10.2,PASS
S2275,Female,21,Business,ENG101,84.2,84.3,73.2,47.8,38.8,86.8,44,104,19.9,PASS
S2276,Female,28,Computer Science,BUS101,58.4,46.5,58.8,55.8,28.6,67.0,45,64,14.1,FAIL
S2277,Female,24,Engineering,CS201,75.2,83.0,87.8,42.9,50.4,81.7,25,96,20.1,PASS
S2278,Male,18,Computer Science,CS101,96.4,97.2,86.2,100.0,69.3,74.9,39,100,16.0,PASS
S2279,Female,18,Computer Science,PHY101,65.3,75.8,85.7,53.9,62.9,82.6,50,65,15.1,PASS
S2280,Male,29,Business,ENG101,79.1,85.6,75.8,61.8,24.8,81.7,37,65,13.9,PASS
S2281,Male,27,Physics,BUS101,92.1,88.0,84.4,93.4,44.9,73.7,41,102,18.8,PASS
S2282,Male,24,Engineering,CS101,88.7,86.9,87.8,74.4,30.6,82.1,35,78,22.4,PASS
S2283,Male,24,Computer Science,MATH101,75.3,69.8,45.3,48.8,29.9,71.7,47,92,18.4,PASS
S2284,Male,18,Business,CS201,49.4,46.1,56.2,49.6,36.0,70.3,21,83,10.6,FAIL
S2285,Male,18,Mathematics,CS101,55.3,47.5,79.9,62.2,32.9,75.1,36,61,13.5,PASS
S2286,Male,21,Business,BUS101,51.3,46.7,42.8,55.4,11.6,82.7,39,55,12.0,FAIL
S2287,Female,22,Mathematics,ENG101,83.2,78.1,61.6,54.7,53.9,76.2,46,89,14.9,PASS
S2288,Male,22,Engineering,CS101,70.1,74.5,61.3,47.4,60.6,72.8,43,80,13.6,PASS
S2289,Male,21,Mathematics,ENG101,67.6,59.5,40.8,64.4,27.9,83.7,35,73,12.8,PASS
S2290,Male,25,Computer Science,MATH101,44.3,55.4,50.5,42.1,31.6,73.9,42,42,14.6,FAIL
S2291,Female,24,Engineering,BUS101,58.9,57.3,54.1,40.2,54.5,85.2,41,95,13.1,PASS
S2292,Male,26,Engineering,BUS101,89.8,96.5,83.9,60.3,43.3,84.9,35,93,17.7,PASS
S2293,Male,24,Engineering,CS201,81.5,76.7,65.5,66.3,47.9,90.0,40,99,15.8,PASS
S2294,Male,27,Physics,PHY101,73.6,77.5,69.9,68.6,26.5,53.1,57,86,21.9,PASS
S2295,Male,18,Mathematics,BUS101,75.0,67.6,52.4,58.6,61.2,75.2,45,101,11.9,PASS
S2296,Male,24,Computer Science,CS101,56.3,48.9,65.3,45.4,38.8,77.2,43,74,11.6,PASS
S2297,Male,18,Computer Science,CS101,91.1,96.6,81.2,85.4,47.4,86.2,38,91,18.5,PASS
S2298,Male,24,Engineering,CS101,52.7,52.1,52.5,50.3,29.4,77.3,44,63,12.5,FAIL
S2299,Male,27,Computer Science,MATH101,100.0,99.0,72.8,69.3,71.2,98.8,33,104,22.3,PASS
S2300,Male,25,Business,BUS101,43.9,38.8,40.7,56.8,7.1,67.9,36,66,19.2,FAIL
S2301,Female,28,Physics,BUS101,30.2,25.8,37.0,34.2,8.3,72.1,27,57,4.2,FAIL
S2302,Female,26,Physics,CS101,62.3,54.3,58.6,79.9,40.0,76.3,36,56,10.9,PASS
S2303,Male,29,Business,CS201,65.7,63.1,63.4,79.9,50.1,84.4,48,77,14.9,PASS
S2304,Male,20,Mathematics,CS201,52.5,53.8,22.4,60.8,37.0,80.6,27,82,14.1,PASS
S2305,Female,21,Engineering,BUS101,66.1,66.5,62.5,48.6,22.3,68.8,42,81,11.5,PASS
S2306,Male,21,Computer Science,BUS101,83.8,84.2,82.2,70.9,62.3,88.6,47,100,18.4,PASS
S2307,Male,29,Engineering,ENG101,52.9,42.6,60.8,53.5,45.9,81.8,38,61,10.8,PASS
S2308,Female,26,Business,BUS101,80.6,81.6,68.5,61.5,60.4,85.6,55,82,18.5,PASS
S2309,Male,24,Business,CS101,87.3,85.7,88.7,84.1,52.6,89.9,46,99,18.1,PASS
S2310,Male,20,Computer Science,PHY101,90.6,86.7,71.9,72.4,47.5,88.8,51,95,19.7,PASS
S2311,Male,27,Engineering,MATH101,51.6,45.4,57.0,21.5,48.3,67.7,44,31,14.3,FAIL
S2312,Female,22,Engineering,BUS101,44.7,48.0,31.5,70.0,21.2,68.7,27,64,13.7,FAIL
S2313,Male,24,Physics,BUS101,63.5,52.9,69.0,76.4,39.7,80.7,38,65,10.1,FAIL
S2314,Female,25,Engineering,CS101,72.4,66.2,61.8,56.5,54.5,80.9,32,84,16.5,PASS
S2315,Female,18,Mathematics,ENG101,64.5,65.2,62.5,64.2,53.9,72.7,44,36,17.7,PASS
S2316,Male,29,Mathematics,PHY101,91.3,88.7,74.2,71.7,46.1,80.5,48,99,19.9,PASS
S2317,Male,19,Computer Science,BUS101,83.2,85.1,91.0,60.4,65.5,84.3,51,102,15.2,PASS
S2318,Male,24,Business,CS201,52.7,53.1,63.2,83.3,25.1,61.9,35,67,12.9,FAIL
S2319,Male,28,Mathematics,CS201,64.6,61.2,58.5,41.2,48.4,74.4,35,78,14.4,PASS
S2320,Male,19,Engineering,CS201,44.5,36.0,55.7,48.2,34.6,85.8,36,61,11.4,PASS
S2321,Female,24,Physics,MATH101,43.4,47.2,74.5,37.8,26.9,75.7,45,95,10.7,PASS
S2322,Female,26,Computer Science,MATH101,85.4,84.6,72.6,78.7,34.9,81.1,50,113,17.2,PASS
S2323,Female,28,Computer Science,PHY101,65.9,59.3,52.8,69.7,27.4,75.2,28,100,16.6,PASS
S2324,Male,19,Mathematics,BUS101,83.4,72.9,93.3,79.6,62.0,100.0,47,120,12.7,PASS
S2325,Female,24,Mathematics,BUS101,35.9,37.6,39.8,28.4,27.1,70.4,48,88,8.9,PASS
S2326,Female,21,Physics,BUS101,74.1,71.0,73.2,66.0,51.2,87.6,37,79,13.7,PASS
S2327,Female,28,Business,MATH101,77.8,72.1,73.3,67.3,43.3,76.1,39,91,19.0,PASS
S2328,Male,19,Physics,PHY101,93.1,99.0,72.1,56.2,51.3,92.8,32,105,18.0,PASS
S2329,Female,24,Mathematics,BUS101,54.8,45.4,46.0,60.6,38.5,62.7,36,82,11.8,PASS
S2330,Male,22,Mathematics,CS101,52.0,50.7,69.9,47.4,27.3,71.6,32,54,11.8,PASS
S2331,Male,18,Business,ENG101,95.8,99.4,95.8,71.5,63.0,85.9,53,108,17.8,PASS
S2332,Male,22,Engineering,CS201,64.4,66.8,69.3,65.2,24.6,57.8,39,90,18.5,PASS
S2333,Female,29,Physics,CS201,68.2,61.7,71.1,64.2,42.0,85.1,42,93,14.9,PASS
S2334,Female,29,Engineering,CS101,76.2,82.8,56.7,55.8,37.1,77.9,47,93,19.0,PASS
S2335,Male,20,Engineering,BUS101,43.6,50.7,41.7,29.7,28.9,81.3,19,72,10.6,FAIL
S2336,Male,24,Engineering,PHY101,73.6,78.7,77.6,58.4,31.1,79.5,51,96,20.2,PASS
S2337,Male,23,Business,PHY101,55.2,50.9,42.3,50.2,48.7,66.8,40,47,16.7,PASS
S2338,Male,25,Engineering,MATH101,76.6,75.4,65.3,59.3,26.4,88.2,51,96,16.3,PASS
S2339,Male,22,Computer Science,BUS101,63.5,69.8,66.1,55.5,50.7,77.7,42,97,16.5,PASS
S2340,Male,19,Mathematics,PHY101,70.4,72.6,64.1,52.2,38.5,81.5,44,111,16.2,PASS
S2341,Female,26,Engineering,BUS101,84.1,80.9,62.3,83.5,57.9,90.4,44,100,17.5,PASS
S2342,Male,28,Business,CS201,78.4,77.4,65.0,63.2,52.6,85.7,40,75,15.9,PASS
S2343,Male,25,Computer Science,CS201,45.2,37.6,60.7,51.8,20.9,67.2,41,65,11.9,FAIL
S2344,Male,23,Computer Science,MATH101,52.8,58.5,70.5,46.4,26.7,58.8,39,84,12.9,FAIL
S2345,Female,27,Computer Science,CS201,97.8,97.3,72.9,63.3,71.3,79.8,47,105,17.5,PASS
S2346,Female,24,Business,BUS101,58.5,67.2,68.7,82.2,37.0,75.7,48,64,14.9,PASS
S2347,Female,26,Computer Science,CS101,63.0,53.8,36.3,52.5,34.5,78.7,37,84,10.9,FAIL
S2348,Male,24,Physics,MATH101,77.7,72.9,57.6,65.2,41.8,97.8,47,86,17.2,PASS
S2349,Female,20,Computer Science,CS101,73.5,73.2,58.1,48.8,41.3,100.0,33,82,13.5,PASS
S2350,Male,23,Computer Science,BUS101,40.7,52.0,69.6,59.5,44.3,71.0,29,72,15.2,PASS
S2351,Female,28,Computer Science,MATH101,58.7,59.1,64.7,41.6,53.3,82.0,29,80,16.0,PASS
S2352,Female,28,Computer Science,CS101,90.1,86.3,76.9,73.2,74.4,82.4,38,119,19.4,PASS
S2353,Female,24,Mathematics,MATH101,96.7,96.8,75.8,86.2,77.8,82.3,47,69,21.3,PASS
S2354,Female,19,Mathematics,BUS101,79.9,76.6,71.7,78.9,39.5,81.8,40,89,18.8,PASS
S2355,Female,20,Business,PHY101,50.5,55.3,51.9,40.5,31.2,69.1,43,75,14.6,PASS
S2356,Male,21,Computer Science,MATH101,62.2,66.5,60.1,64.5,30.1,71.1,34,54,9.5,PASS
S2357,Female,27,Computer Science,PHY101,62.9,70.9,66.9,65.9,48.5,73.4,43,92,12.7,PASS
S2358,Male,23,Engineering,BUS101,93.5,85.3,92.5,58.6,54.2,81.2,42,109,17.1,PASS
S2359,Female,18,Physics,MATH101,88.4,79.3,84.2,74.5,47.9,86.6,46,70,16.1,PASS
S2360,Male,26,Computer Science,MATH101,89.1,88.0,72.5,71.8,48.8,88.2,38,106,23.2,PASS
S2361,Male,22,Business,PHY101,70.3,74.3,84.5,59.5,33.3,69.6,46,72,15.4,PASS
S2362,Male,29,Engineering,CS201,68.1,73.2,57.3,55.8,49.4,84.0,52,90,18.2,PASS
S2363,Male,24,Computer Science,PHY101,27.2,28.4,58.5,41.8,22.7,67.3,19,67,8.7,FAIL
S2364,Male,26,Engineering,PHY101,65.1,69.2,45.6,50.4,30.6,77.5,44,86,12.7,PASS
S2365,Female,26,Computer Science,PHY101,51.3,58.9,47.1,52.7,41.7,78.7,48,44,12.9,PASS
S2366,Male,18,Mathematics,BUS101,65.0,61.1,33.8,55.4,43.0,94.6,33,57,13.6,FAIL
S2367,Male,18,Computer Science,ENG101,49.1,56.4,56.5,59.0,18.0,73.3,46,78,16.2,PASS
S2368,Female,20,Business,PHY101,54.5,62.0,32.4,59.1,20.2,67.0,37,85,8.3,PASS
S2369,Male,23,Computer Science,MATH101,88.9,86.1,80.1,88.9,42.3,91.8,46,81,20.8,PASS
S2370,Female,19,Physics,CS101,49.4,44.6,37.6,49.0,40.6,80.3,32,95,12.6,FAIL
S2371,Female,27,Computer Science,CS201,81.4,85.2,58.4,59.7,66.6,87.0,42,81,16.8,PASS
S2372,Female,29,Mathematics,PHY101,80.2,90.1,79.3,82.2,14.9,83.8,34,85,16.7,PASS
S2373,Female,28,Mathematics,PHY101,62.7,58.5,69.6,58.5,23.3,67.8,34,79,15.6,PASS
S2374,Male,18,Physics,CS201,87.9,97.5,94.0,76.7,68.3,74.9,60,98,17.8,PASS
S2375,Female,18,Engineering,PHY101,56.2,51.4,46.1,23.7,30.3,73.0,25,77,16.3,PASS
S2376,Male,22,Business,MATH101,100.0,98.9,82.9,66.7,72.6,79.8,51,95,14.6,PASS
S2377,Male,21,Engineering,ENG101,33.0,27.4,45.7,52.7,20.8,78.0,29,65,8.4,FAIL
S2378,Female,18,Computer Science,PHY101,100.0,100.0,87.0,89.4,63.8,74.3,49,103,17.4,PASS
S2379,Male,21,Engineering,CS201,61.7,62.4,60.1,57.5,50.2,77.9,32,84,9.9,PASS
S2380,Female,20,Computer Science,PHY101,91.0,91.3,73.9,81.7,54.3,85.9,33,100,19.4,PASS
S2381,Female,19,Physics,BUS101,56.3,53.1,71.4,63.4,23.6,82.5,39,78,17.7,PASS
S2382,Female,26,Computer Science,MATH101,86.2,84.1,82.4,71.5,58.6,93.1,41,103,19.2,PASS
S2383,Female,28,Business,MATH101,84.6,84.3,98.2,61.5,45.9,77.7,46,95,16.7,PASS
S2384,Male,18,Business,ENG101,72.4,71.1,61.2,61.9,70.8,94.6,36,91,18.3,PASS
S2385,Male,24,Engineering,BUS101,90.4,90.2,57.2,55.4,52.4,76.6,51,101,20.1,PASS
S2386,Female,21,Business,BUS101,82.9,75.5,56.4,65.6,56.1,93.5,44,101,14.7,PASS
S2387,Male,22,Computer Science,ENG101,45.7,35.0,45.8,62.4,38.5,79.7,35,85,10.0,PASS
S2388,Female,27,Business,CS101,78.8,80.5,62.7,68.5,61.8,65.5,48,88,22.3,PASS
S2389,Female,22,Computer Science,PHY101,54.0,55.9,44.0,56.1,46.5,65.6,36,85,17.0,PASS
S2390,Female,18,Physics,BUS101,57.2,58.4,76.2,66.5,48.4,86.2,31,96,14.8,PASS
S2391,Male,23,Mathematics,CS101,48.4,51.0,41.8,49.3,27.9,76.2,41,60,14.9,FAIL
S2392,Male,26,Physics,CS101,81.4,79.2,64.2,81.7,58.4,85.1,59,90,20.8,PASS
S2393,Male,19,Computer Science,MATH101,57.9,56.2,53.8,62.4,12.2,51.5,40,74,17.4,PASS
S2394,Male,24,Computer Science,PHY101,51.2,48.8,37.1,49.4,38.5,73.7,13,95,15.4,FAIL
S2395,Female,23,Computer Science,MATH101,58.4,49.3,50.8,23.2,43.4,70.8,31,60,11.5,FAIL
S2396,Male,22,Computer Science,CS201,56.1,58.9,32.8,51.7,43.7,64.4,35,68,14.0,PASS
S2397,Male,21,Computer Science,MATH101,77.6,81.5,65.4,63.6,57.2,90.1,40,108,19.4,PASS
S2398,Male,21,Business,BUS101,90.5,95.2,64.7,73.0,65.1,87.6,35,98,19.2,PASS
S2399,Female,23,Computer Science,BUS101,91.4,89.9,72.7,86.5,50.8,78.9,41,102,18.4,PASS
S2400,Female,21,Engineering,PHY101,81.7,78.1,64.0,71.9,46.1,76.9,44,88,15.9,PASS
S2401,Male,22,Mathematics,CS101,60.2,57.9,77.8,62.1,44.5,79.1,40,86,9.7,PASS
S2402,Male,23,Business,BUS101,59.5,57.0,56.7,55.1,14.6,82.5,38,78,12.0,PASS
S2403,Male,22,Engineering,MATH101,67.4,57.4,91.7,42.5,23.0,87.7,33,67,11.5,PASS
S2404,Male,24,Engineering,MATH101,81.6,83.1,80.6,80.4,42.0,89.8,35,112,18.1,PASS
S2405,Female,26,Engineering,PHY101,65.1,69.3,53.8,62.9,34.2,79.2,35,83,13.1,PASS
S2406,Female,27,Computer Science,MATH101,81.5,82.6,72.7,77.6,52.5,76.0,40,94,17.2,PASS
S2407,Male,24,Business,ENG101,60.7,60.8,62.5,52.1,61.6,81.6,42,76,14.8,PASS
S2408,Male,24,Engineering,PHY101,79.6,76.5,64.6,61.8,42.4,74.0,34,113,17.9,PASS
S2409,Female,21,Mathematics,PHY101,77.8,81.6,87.0,68.3,52.3,84.4,45,97,15.2,PASS
S2410,Male,18,Mathematics,BUS101,64.7,64.3,57.9,53.9,19.4,77.8,39,79,13.6,PASS
S2411,Female,25,Business,PHY101,82.4,76.3,66.4,82.8,44.2,92.7,42,95,17.6,PASS
S2412,Male,21,Engineering,CS201,49.1,55.7,44.9,44.6,38.0,82.0,38,61,12.6,FAIL
S2413,Male,18,Computer Science,BUS101,36.4,39.6,33.5,30.1,17.3,76.8,27,67,12.9,FAIL
S2414,Male,22,Mathematics,BUS101,69.3,77.6,86.2,70.8,34.4,85.6,49,77,15.7,PASS
S2415,Male,25,Engineering,ENG101,79.9,85.7,57.8,63.6,23.1,83.0,50,69,13.8,PASS
S2416,Female,21,Computer Science,BUS101,42.2,39.1,65.9,41.8,16.3,88.2,27,73,9.8,PASS
S2417,Male,29,Computer Science,CS101,81.6,80.2,80.7,57.3,62.6,90.4,57,85,15.1,PASS
S2418,Male,25,Computer Science,MATH101,84.1,89.2,95.7,87.2,45.3,100.0,29,114,16.5,PASS
S2419,Male,25,Mathematics,MATH101,69.8,64.0,68.7,62.3,43.0,91.5,53,63,17.1,PASS
S2420,Male,20,Computer Science,PHY101,98.7,100.0,100.0,98.6,50.3,85.4,60,93,21.8,PASS
S2421,Male,26,Engineering,ENG101,61.6,63.2,52.4,77.7,33.4,72.9,30,85,14.8,PASS
S2422,Male,20,Engineering,MATH101,40.7,44.9,48.4,35.8,38.8,77.1,30,84,7.1,PASS
S2423,Female,18,Business,CS101,45.2,46.8,48.9,38.3,21.8,61.6,25,66,9.8,FAIL
S2424,Male,19,Mathematics,ENG101,50.0,50.2,55.5,25.8,21.2,71.5,31,109,11.3,FAIL
S2425,Male,23,Mathematics,CS201,100.0,98.5,93.4,95.3,74.7,83.2,60,94,21.7,PASS
S2426,Female,29,Engineering,MATH101,69.8,69.1,56.5,59.3,41.5,80.7,40,70,11.1,PASS
S2427,Male,27,Computer Science,BUS101,99.6,86.2,100.0,81.6,56.1,68.6,34,98,16.7,PASS
S2428,Female,19,Engineering,CS101,59.2,62.1,62.8,53.3,37.7,99.2,44,107,15.5,PASS
S2429,Male,23,Business,CS101,48.5,59.4,48.8,50.8,41.8,81.5,36,90,13.5,PASS
S2430,Female,18,Business,MATH101,41.1,36.9,38.4,75.3,26.2,82.7,23,96,15.5,PASS
S2431,Female,28,Business,PHY101,69.1,61.8,51.3,49.6,33.2,82.3,53,106,21.1,PASS
S2432,Female,18,Computer Science,CS201,67.9,75.7,60.8,45.1,42.2,92.4,46,112,12.4,PASS
S2433,Female,22,Business,BUS101,54.6,56.5,58.1,58.1,14.0,82.0,34,78,9.6,PASS
S2434,Male,27,Computer Science,CS201,41.2,45.7,47.9,38.7,13.7,80.6,34,99,8.6,FAIL
S2435,Female,28,Mathematics,CS201,65.4,68.0,69.0,75.8,43.3,84.5,50,89,22.1,PASS
S2436,Male,26,Engineering,MATH101,71.2,66.6,37.3,69.4,43.1,95.0,46,96,14.0,PASS
S2437,Male,25,Business,BUS101,68.5,73.1,43.3,69.4,45.9,73.6,29,106,19.1,PASS
S2438,Male,20,Computer Science,MATH101,56.7,54.2,66.5,30.0,39.2,92.6,31,114,17.3,PASS
S2439,Female,20,Engineering,MATH101,37.6,33.5,43.3,50.8,32.4,69.7,16,94,4.8,FAIL
S2440,Male,18,Business,PHY101,80.5,83.7,55.5,83.8,49.7,76.2,42,71,18.0,PASS
S2441,Female,20,Computer Science,CS101,64.0,64.8,55.9,51.6,50.5,83.6,24,83,15.1,PASS
S2442,Female,29,Mathematics,PHY101,39.1,41.2,34.1,29.3,29.0,60.7,33,70,13.8,FAIL
S2443,Female,29,Business,PHY101,33.5,35.4,56.7,40.8,26.3,65.2,37,51,14.0,FAIL
S2444,Female,29,Business,MATH101,71.0,75.2,64.9,60.1,32.6,78.5,40,68,18.5,PASS
S2445,Male,28,Engineering,PHY101,60.1,66.6,67.2,70.8,27.5,75.8,28,72,14.7,PASS
S2446,Male,18,Engineering,PHY101,56.1,57.2,51.2,38.5,27.4,86.5,36,89,15.6,FAIL
S2447,Male,25,Business,ENG101,93.9,100.0,61.9,68.8,79.2,96.5,50,110,11.6,PASS
S2448,Male,18,Engineering,BUS101,62.1,67.7,63.6,34.3,53.7,75.5,46,76,10.2,PASS
S2449,Male,22,Business,CS101,58.2,61.9,47.8,39.4,24.3,81.9,32,51,11.7,PASS
S2450,Male,26,Engineering,BUS101,56.3,53.4,71.2,59.5,33.5,98.0,41,81,14.3,PASS
S2451,Male,24,Computer Science,CS101,84.6,89.5,73.8,64.8,41.2,73.3,36,117,13.9,PASS
S2452,Female,21,Computer Science,ENG101,100.0,100.0,79.4,64.2,50.8,80.0,43,90,21.1,PASS
S2453,Female,28,Computer Science,MATH101,34.1,27.4,37.5,55.3,32.6,70.7,40,91,13.4,FAIL
S2454,Male,26,Engineering,CS101,66.2,60.3,63.1,65.8,22.1,100.0,55,82,8.6,PASS
S2455,Female,26,Business,CS101,61.5,55.4,22.1,46.6,42.5,70.2,32,96,20.3,FAIL
S2456,Male,19,Mathematics,CS101,40.3,34.4,53.3,57.6,23.5,66.3,41,88,8.0,FAIL
S2457,Male,27,Computer Science,ENG101,44.3,38.8,24.4,25.2,38.5,78.9,39,64,13.6,FAIL
S2458,Female,27,Physics,BUS101,49.8,53.9,56.3,40.5,32.2,84.4,31,73,9.6,FAIL
S2459,Male,28,Engineering,ENG101,65.2,65.6,53.4,51.4,57.1,79.6,39,92,15.3,PASS
S2460,Male,29,Physics,CS101,77.9,82.3,87.1,53.2,47.2,85.6,47,89,10.8,PASS
S2461,Female,23,Business,PHY101,62.7,57.1,41.5,35.0,49.1,78.7,44,62,17.8,PASS
S2462,Female,21,Business,CS101,26.3,18.6,43.9,37.0,18.4,69.7,39,65,4.8,FAIL
S2463,Female,25,Computer Science,PHY101,82.4,78.1,64.5,62.6,50.3,70.2,37,99,18.5,PASS
S2464,Female,29,Computer Science,MATH101,74.7,78.2,57.2,55.9,59.4,84.2,49,82,19.2,PASS
S2465,Female,28,Computer Science,ENG101,61.6,65.3,51.1,46.8,37.9,78.8,44,62,12.6,PASS
S2466,Male,24,Business,PHY101,82.3,81.2,73.1,56.1,51.5,88.3,57,118,15.2,PASS
S2467,Male,24,Engineering,ENG101,96.1,97.7,93.2,69.7,49.3,83.4,46,106,14.2,PASS
S2468,Male,28,Mathematics,CS201,67.1,64.5,59.3,66.5,40.7,85.1,49,101,15.6,PASS
S2469,Male,27,Engineering,BUS101,70.9,67.2,80.7,81.2,10.4,89.4,53,88,16.1,PASS
S2470,Female,26,Mathematics,CS201,65.4,67.4,73.4,58.6,34.0,100.0,42,84,12.0,PASS
S2471,Male,22,Computer Science,PHY101,78.5,81.8,49.7,42.2,51.1,78.9,45,108,16.7,PASS
S2472,Female,23,Computer Science,CS201,48.4,57.4,38.8,56.1,27.3,64.7,35,73,8.0,FAIL
S2473,Female,18,Engineering,BUS101,82.7,77.7,66.9,74.4,47.0,86.6,52,87,13.5,PASS
S2474,Female,23,Engineering,PHY101,66.1,60.5,81.6,56.4,46.5,85.0,49,99,17.1,PASS
S2475,Female,19,Engineering,MATH101,50.4,47.9,53.3,48.1,49.1,76.3,40,95,12.1,PASS
S2476,Female,23,Mathematics,MATH101,100.0,100.0,100.0,99.6,55.2,91.3,55,93,16.3,PASS
S2477,Male,26,Computer Science,BUS101,53.4,63.4,47.3,65.7,42.4,70.5,31,89,16.4,PASS
S2478,Female,25,Engineering,BUS101,62.7,63.4,82.1,54.0,37.4,63.2,34,62,13.9,PASS
S2479,Male,26,Mathematics,PHY101,56.9,52.6,58.0,77.3,40.4,89.5,27,77,14.5,PASS
S2480,Female,27,Computer Science,ENG101,84.9,79.2,71.0,71.6,75.1,100.0,60,100,19.2,PASS
S2481,Male,25,Physics,PHY101,100.0,97.1,100.0,100.0,71.2,82.7,47,91,20.0,PASS
S2482,Female,20,Physics,ENG101,82.2,83.4,69.3,51.9,64.4,78.6,50,100,16.9,PASS
S2483,Female,25,Computer Science,ENG101,65.8,69.4,83.8,52.7,34.6,63.9,32,89,18.3,PASS
S2484,Male,23,Computer Science,ENG101,84.4,85.5,61.5,43.5,49.6,81.4,41,101,13.5,PASS
S2485,Male,23,Engineering,PHY101,57.6,54.0,53.6,51.9,21.6,80.7,28,93,7.5,FAIL
S2486,Female,23,Mathematics,CS101,76.0,69.5,71.9,75.0,38.3,76.4,36,86,14.3,PASS
S2487,Male,20,Business,CS101,67.8,71.1,58.6,83.1,43.1,87.9,41,70,13.4,PASS
S2488,Female,27,Business,MATH101,50.3,47.6,54.3,39.4,21.9,65.7,38,67,7.5,FAIL
S2489,Female,18,Mathematics,CS101,93.1,90.7,84.3,81.5,58.6,94.2,48,91,20.3,PASS
S2490,Male,29,Computer Science,CS101,79.2,74.1,83.2,69.0,42.1,86.9,37,122,16.3,PASS
S2491,Male,21,Mathematics,ENG101,45.1,37.3,45.8,60.1,28.8,70.1,32,51,13.7,FAIL
S2492,Male,27,Business,ENG101,86.0,94.2,67.1,68.8,59.7,83.3,53,80,17.6,PASS
S2493,Female,29,Business,BUS101,57.2,53.9,50.6,45.1,41.4,84.3,46,66,9.5,PASS
S2494,Male,23,Mathematics,ENG101,89.4,79.6,77.8,43.8,58.6,100.0,52,118,16.2,PASS
S2495,Male,28,Business,PHY101,79.5,80.3,84.0,64.0,63.6,82.6,47,94,17.2,PASS
S2496,Male,29,Computer Science,BUS101,100.0,99.3,66.9,94.5,37.7,99.9,48,84,24.1,PASS
S2497,Female,27,Engineering,BUS101,76.8,67.4,67.0,48.2,45.7,99.3,38,90,16.6,PASS
S2498,Female,19,Engineering,CS101,47.8,53.5,50.9,55.6,38.0,67.7,34,69,12.4,PASS
S2499,Female,24,Computer Science,ENG101,79.0,82.3,80.9,71.3,22.8,74.8,45,84,20.2,PASS
S2500,Male,24,Physics,CS101,56.2,60.4,47.5,30.8,54.4,77.0,45,87,14.7,FAIL
S2501,Female,28,Computer Science,ENG101,64.2,65.5,51.9,51.1,34.9,81.0,34,76,14.3,PASS
S2502,Female,21,Business,CS101,63.8,57.2,65.2,57.1,30.1,84.2,31,91,12.4,PASS
S2503,Female,21,Engineering,CS101,60.7,60.3,84.9,59.6,45.6,70.2,23,90,20.0,PASS
S2504,Female,18,Computer Science,CS101,76.9,74.5,96.0,84.6,36.9,90.5,52,75,13.2,PASS
S2505,Male,19,Physics,PHY101,85.8,82.6,78.2,69.7,67.7,74.6,45,85,16.0,PASS
S2506,Male,26,Mathematics,MATH101,44.6,52.7,24.3,56.9,27.0,73.2,21,72,5.6,FAIL
S2507,Female,27,Engineering,CS101,47.7,42.7,43.1,41.9,45.6,77.5,30,107,17.8,FAIL
S2508,Male,25,Computer Science,CS201,56.1,53.8,37.0,44.7,48.5,63.1,31,77,13.0,PASS
S2509,Female,25,Computer Science,CS201,92.2,92.4,80.2,67.9,56.8,91.9,44,101,22.1,PASS
S2510,Female,26,Engineering,CS201,68.3,70.3,62.8,73.4,32.8,78.2,45,81,15.7,PASS
S2511,Male,24,Computer Science,PHY101,49.6,58.1,46.9,28.2,50.6,70.3,26,65,14.3,FAIL
S2512,Female,26,Engineering,BUS101,99.3,98.5,87.2,82.9,41.4,92.9,56,89,18.7,PASS
S2513,Male,27,Physics,CS101,71.4,72.9,56.0,83.1,38.8,66.8,36,90,7.0,PASS
S2514,Male,29,Business,CS201,71.5,65.5,59.1,63.4,53.3,85.5,35,94,18.7,PASS
S2515,Female,19,Mathematics,PHY101,82.9,85.7,66.0,100.0,32.1,72.8,36,61,17.1,PASS
S2516,Female,23,Business,BUS101,52.6,62.3,67.4,40.6,16.9,79.3,35,81,13.6,PASS
S2517,Male,20,Engineering,CS201,78.0,75.9,80.7,63.9,44.6,84.5,46,96,17.4,PASS
S2518,Male,28,Mathematics,ENG101,61.5,65.5,64.3,49.1,40.2,93.5,35,102,12.5,PASS
S2519,Female,23,Engineering,MATH101,83.4,76.4,71.4,66.0,27.4,100.0,44,107,19.9,PASS
S2520,Female,20,Mathematics,CS101,81.7,80.0,72.5,73.9,62.6,92.2,42,83,13.3,PASS
S2521,Female,25,Computer Science,MATH101,60.1,58.6,76.4,55.0,34.2,77.3,45,65,14.3,PASS
S2522,Male,28,Computer Science,MATH101,77.7,79.4,81.7,48.8,55.1,83.2,41,80,14.7,PASS
S2523,Male,21,Mathematics,ENG101,91.2,90.5,82.5,57.5,45.8,75.9,48,102,18.5,PASS
S2524,Male,29,Business,ENG101,48.3,54.0,53.5,44.8,24.4,56.5,47,69,12.1,FAIL
S2525,Female,27,Mathematics,ENG101,67.9,65.3,67.3,54.0,44.4,91.2,60,92,16.8,PASS
S2526,Male,23,Physics,BUS101,85.9,89.6,82.7,67.7,53.4,81.4,39,120,13.1,PASS
S2527,Male,26,Computer Science,CS201,99.3,100.0,69.7,100.0,67.7,80.9,60,114,13.1,PASS
S2528,Female,19,Engineering,CS101,67.6,62.2,55.9,66.4,49.2,62.5,32,89,14.4,PASS
S2529,Male,19,Engineering,ENG101,60.3,49.2,64.0,46.6,22.3,79.4,44,80,20.8,PASS
S2530,Female,24,Business,PHY101,61.5,62.3,51.2,61.7,39.2,75.8,53,79,19.1,PASS
S2531,Female,19,Mathematics,CS101,51.5,48.1,65.7,55.5,28.9,68.6,40,88,11.6,PASS
S2532,Female,19,Computer Science,CS101,100.0,100.0,85.9,80.0,64.8,82.7,50,100,23.3,PASS
S2533,Male,21,Business,CS101,76.2,69.9,49.9,53.6,41.9,85.5,28,96,20.5,PASS
S2534,Male,26,Business,ENG101,84.9,87.6,80.9,52.9,51.6,85.9,41,82,14.4,PASS
S2535,Female,25,Computer Science,ENG101,70.8,78.6,67.1,81.2,65.8,64.0,36,86,16.2,PASS
S2536,Female,19,Mathematics,CS201,100.0,98.8,80.0,72.9,45.8,81.0,44,101,13.0,PASS
S2537,Female,25,Business,ENG101,50.1,40.1,68.6,53.5,24.7,83.6,35,82,10.9,PASS
S2538,Male,21,Physics,ENG101,59.7,59.4,50.9,69.9,7.8,70.3,40,60,11.5,PASS
S2539,Female,19,Engineering,CS101,81.4,77.8,75.8,68.7,42.4,93.5,26,99,18.6,PASS
S2540,Female,28,Computer Science,CS201,33.7,29.0,31.3,71.6,7.0,70.1,17,68,8.8,FAIL
S2541,Female,27,Engineering,MATH101,94.6,93.5,83.6,68.6,80.1,83.5,58,73,17.8,PASS
S2542,Female,24,Computer Science,ENG101,100.0,100.0,69.5,72.9,56.1,85.9,47,117,23.8,PASS
S2543,Female,23,Physics,PHY101,68.0,65.1,59.5,54.0,35.9,86.1,35,68,9.0,PASS
S2544,Female,27,Computer Science,ENG101,59.6,63.1,62.7,40.7,43.6,68.4,40,75,9.8,PASS
S2545,Male,22,Mathematics,MATH101,89.5,88.4,88.2,73.4,40.8,73.4,56,65,20.1,PASS
S2546,Male,28,Engineering,CS101,51.7,51.2,53.9,66.6,40.2,68.2,22,86,10.9,PASS
S2547,Male,18,Engineering,CS201,73.5,79.0,57.8,56.8,52.9,69.4,32,89,17.2,PASS
S2548,Male,19,Computer Science,CS101,76.3,74.9,68.6,62.7,64.6,72.1,39,110,19.9,PASS
S2549,Male,25,Business,BUS101,52.8,56.6,49.0,56.0,38.2,64.9,46,73,15.3,PASS
S2550,Male,18,Business,ENG101,65.6,64.5,78.5,79.0,17.3,81.0,53,91,18.6,PASS
S2551,Male,20,Computer Science,PHY101,42.5,45.3,33.5,38.1,39.2,53.0,33,82,11.7,FAIL
S2552,Male,19,Physics,BUS101,35.6,34.2,32.4,40.2,59.5,71.6,34,71,7.5,FAIL
S2553,Female,22,Engineering,ENG101,69.5,70.3,87.5,68.8,41.3,79.6,36,79,11.9,PASS
S2554,Female,21,Engineering,BUS101,90.1,91.4,81.3,75.4,54.1,94.1,46,81,16.6,PASS
S2555,Male,24,Engineering,MATH101,65.7,69.1,64.7,55.8,33.6,82.7,40,70,17.1,PASS
S2556,Female,22,Computer Science,ENG101,64.5,66.9,56.3,66.6,19.1,81.9,30,92,15.6,PASS
S2557,Female,25,Physics,PHY101,89.8,85.6,58.1,58.1,58.3,76.8,49,84,22.0,PASS
S2558,Male,21,Engineering,ENG101,74.9,84.0,80.2,57.7,38.3,78.2,49,77,20.2,PASS
S2559,Male,29,Computer Science,BUS101,63.8,63.9,60.2,47.3,42.3,63.8,44,70,11.4,PASS
S2560,Male,23,Engineering,CS201,64.8,69.4,78.2,55.1,43.2,91.0,32,81,17.2,PASS
S2561,Female,21,Business,BUS101,79.4,67.4,62.3,61.5,70.4,97.2,39,95,16.0,PASS
S2562,Female,19,Engineering,ENG101,61.4,65.4,49.8,59.4,32.0,82.9,35,89,10.8,PASS
S2563,Male,18,Business,ENG101,65.7,69.6,59.7,49.5,24.5,67.4,42,70,19.6,PASS
S2564,Male,18,Computer Science,CS201,66.3,67.4,69.3,72.9,43.2,86.1,42,84,14.3,PASS
S2565,Male,25,Computer Science,CS101,68.0,56.7,53.9,50.7,39.6,75.6,50,48,17.9,PASS
S2566,Male,21,Mathematics,CS201,69.3,65.7,67.5,57.8,64.1,64.0,42,88,21.7,PASS
S2567,Male,22,Computer Science,CS101,80.4,75.3,68.8,56.9,58.3,80.3,54,82,12.5,PASS
S2568,Male,28,Mathematics,PHY101,77.8,83.6,67.0,68.7,45.1,93.5,54,58,16.6,PASS
S2569,Female,25,Computer Science,ENG101,69.0,62.9,78.2,48.9,53.6,78.4,36,67,12.8,PASS
S2570,Female,29,Mathematics,MATH101,66.3,69.1,47.0,80.3,53.2,80.8,41,82,14.1,PASS
S2571,Male,24,Engineering,MATH101,67.4,66.0,71.2,59.4,29.2,68.1,39,74,15.7,PASS
S2572,Female,25,Business,BUS101,75.5,80.9,55.8,37.8,50.7,80.1,47,88,13.9,PASS
S2573,Male,25,Computer Science,CS201,44.3,45.4,33.7,29.9,53.2,70.5,38,74,13.6,FAIL
S2574,Male,23,Computer Science,CS201,67.7,64.4,55.8,70.2,22.8,69.9,45,88,18.5,PASS
S2575,Male,27,Computer Science,MATH101,62.6,58.7,94.9,45.7,28.6,80.5,38,80,16.0,PASS
S2576,Female,19,Computer Science,CS101,100.0,97.8,100.0,92.6,57.6,87.1,51,82,21.7,PASS
S2577,Female,23,Engineering,CS201,76.0,60.6,58.8,50.4,51.8,88.1,57,98,15.7,PASS
S2578,Female,18,Engineering,CS101,43.9,52.8,51.6,57.9,30.3,67.8,30,73,9.5,FAIL
S2579,Male,18,Business,CS101,37.3,43.9,31.7,59.4,24.9,72.5,27,47,10.1,FAIL
S2580,Female,28,Mathematics,CS101,49.4,49.7,39.1,54.0,27.2,67.3,29,63,12.5,FAIL
S2581,Male,20,Business,CS101,57.7,62.4,45.4,65.2,38.4,61.2,43,92,12.9,PASS
S2582,Female,20,Business,BUS101,62.6,62.4,48.8,63.9,54.5,89.3,42,60,14.3,PASS
S2583,Male,28,Engineering,BUS101,65.6,67.7,69.8,43.9,59.9,74.8,40,99,12.2,PASS
S2584,Male,22,Engineering,MATH101,63.5,68.4,70.8,41.5,51.1,69.7,35,114,17.2,PASS
S2585,Female,18,Engineering,BUS101,84.6,83.4,53.0,36.6,65.3,90.4,47,83,17.3,PASS
S2586,Female,27,Mathematics,PHY101,60.1,64.0,55.8,59.5,37.1,78.0,43,68,18.9,PASS
S2587,Male,23,Computer Science,CS201,63.3,54.3,73.6,59.0,69.4,65.6,31,92,17.7,PASS
S2588,Female,24,Computer Science,PHY101,69.0,70.1,54.5,39.0,24.1,78.4,46,78,18.2,PASS
S2589,Male,27,Business,BUS101,62.8,62.8,53.4,51.4,40.8,62.1,29,74,13.0,PASS
S2590,Female,29,Computer Science,CS201,57.8,56.1,57.0,76.9,43.7,70.5,53,87,12.7,PASS
S2591,Female,28,Mathematics,CS201,86.2,85.2,85.5,72.6,52.6,99.2,45,84,17.5,PASS
S2592,Female,20,Mathematics,CS101,38.4,37.2,68.7,65.3,36.4,60.8,42,65,11.9,PASS
S2593,Female,21,Computer Science,MATH101,84.3,89.9,65.3,49.6,48.7,78.0,45,87,19.0,PASS
S2594,Female,27,Computer Science,CS101,82.1,81.8,57.2,60.6,64.7,86.5,55,91,16.3,PASS
S2595,Male,28,Engineering,CS101,71.7,85.8,49.8,62.1,44.5,70.6,54,63,22.0,PASS
S2596,Female,27,Business,PHY101,88.2,83.5,91.5,77.7,48.3,79.1,50,88,16.7,PASS
S2597,Male,29,Computer Science,BUS101,87.6,90.4,79.5,51.0,46.5,96.5,39,80,10.5,PASS
S2598,Male,27,Business,PHY101,68.1,72.5,68.9,80.3,44.3,71.0,34,69,12.6,PASS
S2599,Male,27,Business,BUS101,97.7,95.8,86.6,74.9,51.5,86.7,52,121,20.1,PASS
S2600,Male,27,Engineering,PHY101,75.3,69.2,60.8,72.0,10.9,75.4,44,121,15.3,PASS
S2601,Female,20,Computer Science,CS201,76.8,74.5,72.4,81.1,23.5,77.8,50,73,18.1,PASS
S2602,Male,18,Mathematics,BUS101,60.5,53.9,79.8,28.2,30.4,79.5,37,87,14.2,PASS
S2603,Female,25,Computer Science,BUS101,64.6,60.5,80.4,67.0,34.6,79.4,43,74,13.8,PASS
S2604,Male,27,Mathematics,PHY101,79.3,81.2,89.3,72.3,62.6,77.7,44,99,14.0,PASS
S2605,Male,27,Engineering,ENG101,68.7,81.7,81.5,58.0,45.5,79.3,44,56,17.7,PASS
S2606,Male,19,Business,CS201,65.5,74.2,33.6,50.5,41.0,88.8,42,73,11.3,PASS
S2607,Male,18,Mathematics,CS201,57.7,54.7,53.3,32.7,25.8,76.3,44,77,11.2,PASS
S2608,Male,25,Mathematics,ENG101,69.8,74.6,76.7,63.7,76.2,80.8,44,56,19.9,PASS
S2609,Female,24,Engineering,PHY101,72.1,70.2,55.6,53.3,43.4,74.2,53,90,14.8,PASS
S2610,Male,24,Computer Science,PHY101,74.0,69.6,92.0,51.8,55.7,87.3,58,63,9.3,PASS
S2611,Female,21,Mathematics,CS201,78.5,78.1,84.5,70.6,47.4,73.4,52,101,19.1,PASS
S2612,Male,28,Engineering,PHY101,63.5,52.6,48.5,22.2,45.2,92.3,39,70,19.5,PASS
S2613,Male,26,Computer Science,MATH101,69.3,60.9,72.5,61.2,24.5,79.6,48,76,11.2,PASS
S2614,Female,23,Physics,MATH101,54.8,59.4,62.3,41.7,37.6,73.4,43,77,13.0,PASS
S2615,Male,19,Computer Science,ENG101,60.1,67.0,67.3,48.2,37.3,89.8,33,75,20.5,PASS
S2616,Male,18,Computer Science,BUS101,41.1,28.7,46.7,32.6,26.1,79.4,48,75,15.4,FAIL
S2617,Male,18,Computer Science,MATH101,67.7,74.9,64.5,49.8,53.7,94.3,50,111,20.3,PASS
S2618,Male,26,Business,PHY101,68.7,74.5,70.3,53.5,22.2,89.6,39,101,13.6,PASS
S2619,Female,21,Business,ENG101,86.2,84.5,78.0,62.1,46.1,79.8,46,71,16.8,PASS
S2620,Male,22,Engineering,MATH101,76.3,78.6,68.0,65.7,21.0,77.9,34,76,20.4,PASS
S2621,Female,20,Engineering,CS101,80.5,89.6,57.0,82.6,45.2,86.5,45,86,17.8,PASS
S2622,Female,21,Engineering,ENG101,100.0,100.0,85.9,87.1,73.2,86.7,54,79,23.8,PASS
S2623,Male,29,Business,CS201,82.3,84.8,61.2,78.5,61.3,94.3,43,93,16.5,PASS
S2624,Female,25,Computer Science,MATH101,54.1,51.0,30.0,49.5,29.9,66.8,27,98,15.8,FAIL
S2625,Male,21,Physics,CS201,36.7,34.6,48.2,72.9,24.5,69.6,36,63,8.9,PASS
S2626,Female,26,Computer Science,ENG101,83.9,87.3,59.4,50.3,45.9,81.4,43,96,14.5,PASS
S2627,Male,26,Physics,MATH101,65.5,68.2,44.0,22.0,39.9,75.7,33,68,15.4,PASS
S2628,Female,23,Computer Science,CS201,56.6,62.4,50.0,60.7,47.3,76.7,40,80,11.3,PASS
S2629,Male,19,Mathematics,BUS101,69.7,62.5,58.8,71.9,62.4,76.7,32,82,10.9,PASS
S2630,Male,29,Computer Science,BUS101,79.7,81.9,73.8,48.7,56.5,79.9,45,86,12.1,PASS
S2631,Female,27,Computer Science,CS101,72.2,75.8,62.4,55.4,42.5,70.6,51,77,17.6,PASS
S2632,Female,28,Mathematics,PHY101,52.0,50.8,43.6,69.5,52.2,75.0,43,91,12.6,FAIL
S2633,Male,24,Mathematics,ENG101,59.3,71.2,54.1,69.2,42.6,70.6,42,88,11.2,PASS
S2634,Male,26,Engineering,PHY101,52.4,48.0,55.6,38.8,28.2,68.3,36,86,13.3,PASS
S2635,Female,23,Business,PHY101,74.8,74.5,75.9,36.8,43.3,81.3,26,84,18.1,PASS
S2636,Female,20,Business,CS201,41.8,45.5,44.9,67.4,20.0,75.1,30,70,12.6,FAIL
S2637,Female,24,Mathematics,CS101,54.2,58.5,56.6,41.4,41.4,93.4,36,66,14.6,FAIL
S2638,Female,22,Engineering,ENG101,98.4,97.2,72.3,81.9,62.8,83.0,56,91,21.2,PASS
S2639,Female,18,Engineering,BUS101,74.8,73.5,73.1,76.1,47.5,89.6,36,81,14.5,PASS
S2640,Female,20,Engineering,PHY101,95.9,99.4,87.4,71.3,50.6,86.0,53,88,21.3,PASS
S2641,Male,22,Engineering,CS201,34.1,36.4,33.8,32.5,44.2,85.0,35,61,6.7,FAIL
S2642,Male,24,Mathematics,PHY101,63.7,64.2,76.6,69.0,36.6,98.7,40,107,15.5,PASS
S2643,Female,20,Computer Science,MATH101,89.5,80.2,80.5,43.0,67.5,77.1,54,103,15.9,PASS
S2644,Female,23,Computer Science,BUS101,82.8,83.5,74.1,79.1,37.7,86.2,35,95,12.1,PASS
S2645,Male,22,Business,PHY101,71.2,79.3,59.4,60.2,49.2,84.8,34,71,10.4,PASS
S2646,Male,18,Business,MATH101,69.7,72.6,67.2,47.2,34.3,94.8,42,70,9.7,PASS
S2647,Female,27,Computer Science,MATH101,63.7,59.8,74.2,52.3,44.8,69.8,33,60,16.2,PASS
S2648,Male,23,Engineering,CS201,85.6,78.3,57.8,73.9,41.7,95.8,45,113,21.7,PASS
S2649,Male,25,Physics,CS201,58.3,63.1,49.6,40.5,20.9,77.9,47,83,17.5,PASS
S2650,Male,18,Computer Science,MATH101,88.2,85.9,71.8,69.3,41.4,68.0,21,87,20.2,PASS
S2651,Male,19,Business,CS101,63.4,70.0,55.3,67.5,19.1,78.2,58,83,14.0,PASS
S2652,Male,21,Business,PHY101,53.5,60.1,48.8,47.9,23.5,82.8,41,85,8.7,PASS
S2653,Male,29,Engineering,MATH101,74.4,73.7,81.0,53.1,54.3,96.0,43,68,17.5,PASS
S2654,Male,19,Physics,MATH101,84.9,86.5,97.7,62.7,41.8,87.1,42,97,20.0,PASS
S2655,Female,28,Business,CS201,88.6,90.8,89.7,94.6,45.4,85.9,50,93,17.9,PASS
S2656,Male,26,Engineering,PHY101,91.6,85.6,64.5,78.1,58.9,69.5,44,91,21.8,PASS
S2657,Female,27,Business,ENG101,84.0,92.5,70.5,74.1,27.5,88.5,46,95,15.3,PASS
S2658,Female,25,Business,BUS101,62.5,64.9,47.6,73.9,45.6,72.3,39,96,17.0,PASS
S2659,Male,25,Business,CS201,60.0,60.8,57.9,43.8,35.2,75.1,34,114,12.8,PASS
S2660,Female,21,Mathematics,PHY101,77.7,82.7,71.8,58.1,51.8,92.2,45,100,18.8,PASS
S2661,Male,22,Engineering,PHY101,80.7,82.2,64.1,66.5,47.2,89.6,40,62,20.9,PASS
S2662,Female,21,Computer Science,CS101,54.7,49.2,79.7,68.8,29.5,81.1,39,82,10.4,FAIL
S2663,Male,26,Computer Science,BUS101,73.8,69.8,50.9,37.3,55.3,73.2,47,86,14.7,PASS
S2664,Female,19,Computer Science,CS201,90.3,79.5,63.4,66.6,53.8,72.9,60,111,16.6,PASS
S2665,Female,28,Computer Science,CS201,77.2,77.5,58.6,61.3,53.6,76.1,44,93,20.0,PASS
S2666,Male,25,Mathematics,ENG101,81.7,84.4,93.6,73.2,61.0,71.9,60,94,20.6,PASS
S2667,Male,19,Business,CS101,68.6,67.6,72.0,47.0,26.8,91.4,45,84,14.4,PASS
S2668,Female,18,Business,CS101,63.0,57.3,53.0,71.4,29.5,80.8,41,79,16.3,FAIL
S2669,Female,27,Business,PHY101,57.2,54.7,54.8,60.2,24.4,95.7,30,79,12.1,PASS
S2670,Male,20,Mathematics,PHY101,72.9,71.0,64.0,50.6,39.6,86.3,40,124,13.6,PASS
S2671,Female,26,Engineering,CS201,77.3,81.7,55.0,62.6,48.4,97.4,52,83,18.2,PASS
S2672,Male,29,Mathematics,ENG101,63.9,71.0,67.2,52.9,27.6,83.5,30,71,16.4,PASS
S2673,Female,20,Engineering,CS201,76.9,63.2,71.4,67.1,36.5,94.1,37,88,13.7,PASS
S2674,Male,26,Physics,MATH101,100.0,99.6,92.2,66.7,55.8,90.1,50,74,19.8,PASS
S2675,Female,24,Business,PHY101,81.1,78.1,80.2,62.6,59.5,96.9,44,68,16.5,PASS
S2676,Male,27,Computer Science,MATH101,39.1,37.8,48.0,54.4,17.2,80.4,41,50,5.2,FAIL
S2677,Male,18,Business,ENG101,79.7,83.9,75.9,80.4,48.9,70.0,54,76,15.4,PASS
S2678,Male,27,Engineering,CS201,69.3,66.8,60.6,60.1,38.0,89.8,31,132,15.8,PASS
S2679,Male,22,Computer Science,PHY101,43.9,47.3,70.9,47.8,25.0,80.0,40,57,9.4,PASS
S2680,Male,26,Business,ENG101,68.5,78.5,74.8,60.5,33.1,61.3,37,83,12.8,PASS
S2681,Male,29,Engineering,CS201,57.1,54.9,64.4,52.4,5.0,75.8,40,68,13.5,FAIL
S2682,Female,20,Computer Science,CS201,100.0,98.9,100.0,76.4,52.3,100.0,49,101,20.0,PASS
S2683,Male,26,Physics,MATH101,60.9,59.7,69.3,48.7,39.2,56.5,45,103,14.7,PASS
S2684,Male,22,Business,BUS101,69.4,81.4,62.1,56.7,42.4,87.6,25,106,15.4,PASS
S2685,Male,26,Mathematics,CS101,100.0,97.5,63.0,64.9,68.3,93.7,47,91,22.2,PASS
S2686,Male,27,Business,PHY101,73.0,80.3,79.4,66.9,26.1,82.4,54,80,18.2,PASS
S2687,Male,23,Engineering,CS101,58.3,58.1,64.7,53.8,39.4,100.0,37,89,16.3,PASS
S2688,Male,26,Engineering,ENG101,50.0,50.9,45.9,64.4,23.4,82.2,16,85,15.9,FAIL
S2689,Male,24,Business,CS101,67.7,71.9,65.2,63.5,31.4,75.0,35,83,18.1,PASS
S2690,Male,24,Physics,MATH101,71.9,70.0,67.7,76.6,49.4,78.7,50,96,13.7,PASS
S2691,Female,25,Computer Science,BUS101,73.9,78.8,85.5,62.9,53.8,91.2,33,70,12.4,PASS
S2692,Female,24,Mathematics,PHY101,82.4,81.1,85.8,73.9,63.2,90.8,41,75,19.3,PASS
S2693,Male,29,Physics,CS201,81.1,75.7,70.5,68.7,55.3,81.7,49,83,21.2,PASS
S2694,Male,26,Business,CS201,82.2,87.3,85.3,47.3,48.1,94.7,47,75,15.3,PASS
S2695,Female,28,Physics,MATH101,73.3,76.4,58.4,65.5,26.4,71.6,31,96,18.4,PASS
S2696,Male,26,Engineering,PHY101,54.7,51.8,45.6,38.9,47.7,85.3,22,47,18.4,PASS
S2697,Female,23,Physics,CS101,60.9,66.6,71.4,39.5,39.3,73.7,33,78,13.7,PASS
S2698,Male,24,Business,CS201,68.2,63.3,52.4,51.1,29.8,87.0,42,80,11.3,PASS
S2699,Female,19,Computer Science,CS101,92.5,94.6,71.9,65.0,58.1,100.0,50,102,23.1,PASS
S2700,Female,26,Physics,MATH101,68.7,60.2,46.3,41.4,23.7,62.0,51,80,17.2,PASS
S2701,Female,29,Engineering,CS201,53.1,51.2,43.0,33.4,48.1,72.4,21,84,13.6,FAIL
S2702,Female,18,Engineering,ENG101,73.1,68.9,77.1,83.0,39.1,60.1,46,78,18.2,PASS
S2703,Male,18,Business,BUS101,100.0,93.7,98.9,64.3,46.8,96.4,46,86,19.3,PASS
S2704,Male,20,Computer Science,CS101,78.0,78.2,66.2,63.3,62.3,95.0,42,79,21.4,PASS
S2705,Female,29,Engineering,PHY101,69.8,71.4,66.4,78.6,26.0,74.3,46,82,15.3,PASS
S2706,Female,23,Mathematics,CS101,56.9,60.0,50.8,60.7,33.9,81.5,49,69,7.9,PASS
S2707,Male,22,Computer Science,CS101,98.7,98.7,61.3,53.5,60.8,92.9,49,88,18.6,PASS
S2708,Male,19,Computer Science,CS101,61.3,63.5,58.7,46.3,21.1,81.9,39,50,8.5,PASS
S2709,Male,26,Computer Science,MATH101,96.6,91.0,73.9,74.0,53.1,95.5,54,115,19.7,PASS
S2710,Male,27,Engineering,MATH101,53.6,49.2,42.5,47.9,9.5,81.6,38,80,19.6,PASS
S2711,Female,21,Business,PHY101,63.7,63.6,71.1,61.2,33.0,74.6,45,74,11.0,PASS
S2712,Male,21,Mathematics,MATH101,44.0,39.6,30.9,25.1,4.0,69.6,50,92,10.1,FAIL
S2713,Male,22,Physics,PHY101,65.3,65.3,50.1,41.2,49.9,64.7,60,63,10.4,PASS
S2714,Male,25,Business,PHY101,35.8,32.6,35.9,43.9,14.0,49.5,30,58,10.1,FAIL
S2715,Male,27,Computer Science,MATH101,83.3,82.5,59.0,62.8,35.5,84.6,60,97,18.2,PASS
S2716,Male,21,Physics,CS201,70.6,62.3,57.1,62.9,44.9,98.3,38,80,9.7,PASS
S2717,Female,22,Mathematics,MATH101,74.8,66.2,51.3,42.6,23.8,72.7,36,87,18.3,PASS
S2718,Female,29,Business,CS201,74.7,71.2,57.4,72.9,36.0,76.6,26,77,15.5,PASS
S2719,Female,21,Business,ENG101,37.9,31.2,54.1,37.4,31.4,72.0,33,49,10.1,FAIL
S2720,Male,23,Physics,MATH101,78.3,65.2,67.9,66.0,30.2,80.1,42,77,13.6,PASS
S2721,Female,29,Business,ENG101,52.3,54.8,48.6,49.5,28.0,75.4,36,83,13.1,PASS
S2722,Female,20,Engineering,MATH101,100.0,100.0,100.0,79.6,50.0,93.5,51,105,24.8,PASS
S2723,Female,25,Business,ENG101,88.4,92.7,69.4,58.7,28.0,88.6,47,79,20.7,PASS
S2724,Male,23,Computer Science,BUS101,75.1,74.3,59.0,67.4,31.1,72.9,44,57,18.8,PASS
S2725,Male,27,Engineering,ENG101,68.2,67.4,78.9,70.9,32.5,69.9,24,83,11.3,PASS
S2726,Male,22,Engineering,CS201,69.2,69.7,59.0,79.4,44.3,82.9,32,75,22.6,PASS
S2727,Male,19,Computer Science,CS101,87.4,84.1,83.5,71.2,68.9,72.6,48,92,16.6,PASS
S2728,Male,27,Computer Science,PHY101,67.4,58.2,62.6,48.3,40.2,91.1,28,92,17.0,PASS
S2729,Male,27,Computer Science,ENG101,72.8,78.8,59.1,73.3,45.0,84.7,46,113,16.4,PASS
S2730,Male,24,Business,CS101,49.0,49.1,46.2,58.4,38.4,86.0,31,66,12.8,PASS
S2731,Female,19,Mathematics,BUS101,57.7,57.4,60.6,51.1,39.7,82.4,35,73,16.3,PASS
S2732,Male,18,Physics,BUS101,79.8,78.2,54.4,52.4,39.8,83.2,46,85,20.2,PASS
S2733,Male,24,Engineering,CS201,27.2,30.2,44.6,32.4,9.4,78.3,35,77,4.3,FAIL
S2734,Female,22,Business,CS201,74.6,74.0,49.4,60.1,51.5,82.1,47,92,11.9,PASS
S2735,Female,18,Physics,ENG101,56.3,53.9,76.2,67.3,39.7,72.8,35,78,13.1,PASS
S2736,Female,21,Computer Science,MATH101,87.8,86.1,54.8,58.6,55.1,69.8,50,100,19.7,PASS
S2737,Female,29,Business,BUS101,97.5,97.8,82.5,64.1,51.0,87.8,44,74,19.8,PASS
S2738,Female,21,Mathematics,CS101,100.0,94.2,84.1,82.9,79.5,82.0,38,102,17.2,PASS
S2739,Female,27,Computer Science,MATH101,80.3,87.4,56.0,49.5,38.5,76.7,32,109,19.5,PASS
S2740,Male,24,Mathematics,BUS101,77.7,74.6,65.8,69.8,45.3,78.3,42,90,21.3,PASS
S2741,Male,26,Mathematics,ENG101,51.3,47.3,65.0,61.4,47.6,80.6,37,77,12.3,PASS
S2742,Male,19,Computer Science,BUS101,51.2,49.3,50.5,53.1,32.2,65.1,30,76,14.2,FAIL
S2743,Male,29,Computer Science,CS201,77.3,81.9,75.5,98.2,45.6,70.1,36,112,11.9,PASS
S2744,Male,18,Computer Science,CS101,72.2,70.9,66.7,67.9,46.8,63.7,37,115,14.8,PASS
S2745,Female,19,Engineering,CS101,72.1,78.0,76.3,80.4,35.6,85.9,37,80,17.8,PASS
S2746,Female,24,Engineering,CS201,75.8,74.1,81.7,60.9,44.3,89.5,36,86,16.7,PASS
S2747,Female,27,Engineering,MATH101,90.4,83.3,58.1,53.9,63.1,81.7,49,83,16.2,PASS
S2748,Male,23,Computer Science,CS201,78.3,74.1,72.4,44.9,58.2,78.7,44,103,15.8,PASS
S2749,Female,21,Physics,CS101,87.6,84.2,64.3,67.9,71.7,95.0,60,101,20.7,PASS
S2750,Female,18,Engineering,ENG101,74.6,77.9,74.5,75.9,35.9,80.9,40,56,15.3,PASS
S2751,Male,18,Computer Science,MATH101,50.8,48.5,57.0,58.8,46.3,79.0,32,80,11.0,PASS
S2752,Female,22,Engineering,PHY101,80.5,74.6,73.8,59.8,55.5,86.5,52,83,18.3,PASS
S2753,Male,18,Engineering,BUS101,51.2,44.0,42.1,55.1,43.7,65.4,33,77,12.5,PASS
S2754,Male,29,Engineering,PHY101,95.3,86.1,74.5,51.4,41.2,92.8,38,77,22.3,PASS
S2755,Female,24,Computer Science,ENG101,68.9,82.1,72.4,64.3,32.3,82.3,47,76,13.7,PASS
S2756,Male,28,Computer Science,PHY101,71.4,67.7,70.4,65.8,45.6,75.7,38,73,16.9,PASS
S2757,Male,18,Mathematics,MATH101,50.0,52.2,76.0,67.4,38.5,71.6,45,73,8.8,PASS
S2758,Female,18,Physics,CS101,75.5,69.4,84.6,71.2,40.1,68.9,50,82,16.7,PASS
S2759,Female,19,Engineering,CS101,90.4,96.6,78.1,77.3,49.8,95.1,60,98,22.8,PASS
S2760,Male,28,Engineering,ENG101,84.6,80.3,66.0,71.4,38.0,87.3,41,76,11.2,PASS
S2761,Male,29,Business,PHY101,86.4,95.8,78.8,83.7,45.9,87.2,46,78,19.3,PASS
S2762,Male,27,Business,MATH101,45.3,55.1,35.5,45.9,22.6,74.4,27,73,10.7,FAIL
S2763,Female,20,Engineering,BUS101,68.9,63.3,90.9,65.6,36.8,84.5,37,69,15.2,PASS
S2764,Male,28,Physics,PHY101,26.1,32.3,30.7,55.0,4.9,52.8,27,52,7.9,FAIL
S2765,Male,18,Business,PHY101,31.2,40.6,49.3,5.2,41.8,96.8,12,67,9.8,FAIL
S2766,Female,26,Engineering,BUS101,76.5,68.5,81.6,78.1,58.2,90.1,48,111,18.0,PASS
S2767,Female,27,Business,CS201,37.6,30.2,50.1,52.8,30.6,74.9,34,54,6.6,FAIL
S2768,Male,25,Physics,ENG101,60.7,50.2,47.0,53.2,50.2,96.7,59,54,15.8,PASS
S2769,Male,22,Mathematics,MATH101,88.2,83.5,74.0,74.3,59.9,90.0,49,88,23.0,PASS
S2770,Female,28,Computer Science,ENG101,79.8,74.8,68.1,65.7,74.7,100.0,30,87,16.2,PASS
S2771,Male,19,Engineering,BUS101,65.8,64.1,65.7,61.1,29.8,100.0,45,107,13.1,PASS
S2772,Male,22,Engineering,MATH101,61.7,55.3,65.3,58.7,9.6,92.1,37,87,13.7,PASS
S2773,Female,23,Engineering,CS101,67.0,70.4,59.9,65.8,29.6,80.0,37,85,15.8,PASS
S2774,Male,18,Business,CS101,64.1,64.3,62.4,46.6,16.0,78.6,38,87,12.3,PASS
S2775,Female,28,Mathematics,MATH101,53.2,55.4,58.3,55.1,17.2,72.4,44,70,14.7,PASS
S2776,Male,21,Business,ENG101,67.2,72.3,72.6,44.7,33.0,88.2,43,66,21.0,PASS
S2777,Male,26,Physics,ENG101,81.3,82.6,52.9,54.9,47.0,74.1,60,110,22.2,PASS
S2778,Male,19,Computer Science,CS101,61.3,60.2,70.9,45.4,49.6,76.9,34,74,17.1,PASS
S2779,Male,22,Mathematics,CS101,26.5,22.4,54.5,39.5,35.9,46.1,31,80,11.8,FAIL
S2780,Male,18,Mathematics,BUS101,92.8,97.3,82.2,63.2,59.2,77.4,49,92,22.4,PASS
S2781,Male,21,Engineering,MATH101,77.4,78.8,88.3,52.7,31.8,84.2,34,102,16.7,PASS
S2782,Female,21,Business,ENG101,44.8,45.9,62.3,41.3,20.8,79.3,27,87,7.5,FAIL
S2783,Female,23,Computer Science,BUS101,86.1,83.1,72.4,57.3,48.1,95.9,53,85,20.9,PASS
S2784,Female,27,Mathematics,ENG101,71.6,73.1,62.8,68.8,37.8,82.2,39,84,11.3,PASS
S2785,Female,26,Engineering,CS101,74.6,70.7,84.5,81.6,28.6,76.8,47,92,14.5,PASS
S2786,Male,20,Computer Science,MATH101,49.5,51.0,56.8,36.7,45.1,69.0,34,88,14.0,PASS
S2787,Female,26,Business,CS201,79.0,77.7,52.8,44.6,28.9,77.2,38,70,14.3,PASS
S2788,Male,23,Business,MATH101,58.9,62.5,51.3,53.6,29.0,98.0,32,108,19.7,PASS
S2789,Female,24,Computer Science,PHY101,89.7,83.0,66.7,78.8,55.4,82.6,37,86,17.2,PASS
S2790,Female,29,Computer Science,CS201,98.2,98.5,78.4,79.8,61.0,93.3,58,89,16.0,PASS
S2791,Female,27,Engineering,BUS101,73.2,76.7,68.6,42.3,39.0,79.6,39,108,16.9,PASS
S2792,Female,19,Business,CS201,55.2,55.6,58.1,77.3,36.8,82.5,29,68,11.0,PASS
S2793,Female,28,Mathematics,CS201,50.9,43.8,55.1,51.2,17.8,65.5,31,85,11.4,FAIL
S2794,Male,27,Physics,BUS101,40.1,36.4,67.8,39.4,22.8,66.7,20,56,12.6,FAIL
S2795,Male,23,Engineering,MATH101,83.4,89.8,77.7,78.1,34.5,89.6,49,100,19.9,PASS
S2796,Female,23,Mathematics,BUS101,91.7,91.3,78.6,68.7,44.5,80.8,51,86,20.4,PASS
S2797,Male,19,Engineering,PHY101,73.3,69.2,57.7,76.1,55.7,88.7,48,85,15.7,PASS
S2798,Female,19,Business,CS101,84.5,90.8,75.7,67.6,48.0,90.6,42,106,13.6,PASS
S2799,Female,19,Computer Science,CS101,91.7,99.4,74.8,68.4,52.8,87.5,43,76,20.3,PASS
S2800,Male,27,Engineering,CS201,82.1,76.2,66.8,55.0,43.4,82.5,46,103,17.6,PASS
S2801,Female,29,Business,BUS101,67.2,64.7,67.6,67.7,32.2,78.3,39,82,15.4,PASS
S2802,Female,18,Computer Science,BUS101,100.0,98.3,100.0,81.3,60.3,98.2,41,111,18.1,PASS
S2803,Female,22,Business,BUS101,54.6,57.3,68.4,43.3,59.6,81.6,47,52,13.9,PASS
S2804,Female,25,Mathematics,PHY101,90.3,89.4,81.9,47.4,37.2,100.0,43,95,16.8,PASS
S2805,Female,19,Engineering,PHY101,62.8,63.4,65.0,66.6,25.9,66.4,51,72,15.2,PASS
S2806,Female,22,Engineering,MATH101,94.0,93.2,73.5,74.3,45.0,73.8,37,87,13.8,PASS
S2807,Female,29,Mathematics,ENG101,46.6,57.6,66.3,48.9,1.3,70.4,42,56,16.7,FAIL
S2808,Male,25,Mathematics,ENG101,82.0,84.8,70.6,73.4,47.7,82.3,45,90,17.9,PASS
S2809,Male,27,Computer Science,ENG101,65.0,63.5,62.4,55.0,36.3,78.7,41,59,13.5,PASS
S2810,Female,22,Engineering,MATH101,30.9,29.5,46.9,47.6,11.0,84.5,52,44,8.6,FAIL
S2811,Male,19,Business,BUS101,100.0,100.0,74.4,74.0,67.8,93.4,45,71,23.9,PASS
S2812,Female,20,Business,ENG101,55.7,50.9,75.4,36.6,27.9,78.9,42,53,10.3,PASS
S2813,Female,23,Computer Science,BUS101,66.5,67.9,79.4,67.2,37.8,74.4,49,71,13.3,PASS
S2814,Male,28,Engineering,CS201,62.5,63.3,53.8,58.8,39.4,77.3,46,60,10.9,PASS
S2815,Female,28,Mathematics,ENG101,87.4,83.1,86.5,62.3,48.1,87.7,46,80,18.5,PASS
S2816,Female,22,Business,CS201,81.6,70.0,76.9,67.7,69.3,83.0,41,75,18.9,PASS
S2817,Male,28,Physics,MATH101,97.9,89.3,55.8,64.7,54.0,91.1,51,88,20.4,PASS
S2818,Male,21,Mathematics,CS101,100.0,98.9,81.3,86.7,67.8,94.2,58,96,21.4,PASS
S2819,Male,21,Physics,PHY101,52.2,56.7,46.3,52.7,30.4,84.8,42,67,16.0,FAIL
S2820,Male,22,Computer Science,MATH101,81.3,79.0,61.7,74.1,48.4,93.6,40,98,16.8,PASS
S2821,Female,19,Mathematics,MATH101,73.2,77.5,64.3,75.5,54.3,85.6,40,71,13.3,PASS
S2822,Male,26,Computer Science,MATH101,66.2,64.4,61.5,83.6,36.0,92.5,40,95,12.2,PASS
S2823,Female,19,Business,ENG101,54.9,49.7,42.4,49.4,32.3,79.7,40,47,10.9,PASS
S2824,Male,27,Engineering,CS201,69.0,62.6,51.1,62.0,44.4,72.9,45,86,18.8,PASS
S2825,Male,19,Engineering,PHY101,75.6,71.0,71.8,50.1,38.3,66.6,41,66,18.6,PASS
S2826,Female,27,Mathematics,ENG101,83.7,84.4,67.8,61.1,56.1,98.9,55,69,10.1,PASS
S2827,Female,26,Mathematics,CS101,49.3,49.1,28.8,50.2,47.7,69.1,30,77,13.2,PASS
S2828,Male,20,Computer Science,PHY101,64.3,63.0,56.2,45.2,28.3,88.5,49,79,16.1,PASS
S2829,Male,27,Business,MATH101,78.2,77.2,61.8,48.3,39.3,98.4,46,111,14.6,PASS
S2830,Male,24,Engineering,BUS101,62.3,67.8,84.0,62.6,24.9,69.4,47,69,13.1,PASS
S2831,Male,21,Engineering,CS101,87.3,96.7,52.2,45.3,74.1,77.9,57,81,15.2,PASS
S2832,Female,23,Mathematics,CS201,83.3,79.6,71.0,80.0,57.2,94.3,39,72,13.8,PASS
S2833,Male,21,Engineering,CS101,53.0,52.1,60.1,48.8,16.3,80.3,28,74,11.4,PASS
S2834,Male,27,Physics,ENG101,54.0,47.9,48.7,69.2,14.4,73.6,50,91,17.9,PASS
S2835,Male,24,Computer Science,BUS101,84.9,84.8,68.6,54.8,58.5,88.5,59,72,15.7,PASS
S2836,Female,18,Business,ENG101,57.5,55.9,53.9,43.9,62.5,84.7,40,63,12.9,PASS
S2837,Female,20,Business,PHY101,55.5,56.6,50.0,55.8,32.6,85.2,37,75,10.6,FAIL
S2838,Male,20,Computer Science,MATH101,67.0,71.4,66.2,74.9,22.4,94.8,28,97,9.2,PASS
S2839,Female,18,Engineering,MATH101,82.1,76.1,69.8,64.9,29.6,78.3,42,85,16.8,PASS
S2840,Male,23,Mathematics,CS101,44.7,43.6,50.7,31.6,22.5,85.3,30,83,14.5,FAIL
S2841,Male,28,Mathematics,MATH101,62.6,61.2,65.4,68.1,20.7,98.4,45,81,15.6,PASS
S2842,Female,26,Engineering,MATH101,64.9,65.7,72.3,52.3,35.9,84.8,43,89,13.2,PASS
S2843,Female,25,Engineering,PHY101,77.0,84.0,70.8,82.8,52.4,98.5,57,84,18.1,PASS
S2844,Female,28,Computer Science,CS201,62.2,59.0,55.4,62.7,40.5,76.9,23,63,13.1,PASS
S2845,Female,24,Computer Science,CS201,72.9,75.9,86.9,54.6,49.0,83.8,47,97,11.9,PASS
S2846,Male,27,Engineering,ENG101,92.2,100.0,76.1,68.4,58.3,92.9,43,101,12.4,PASS
S2847,Female,25,Computer Science,ENG101,67.8,63.6,59.5,59.9,49.4,82.1,40,86,14.5,PASS
S2848,Male,23,Mathematics,CS201,55.7,56.5,71.0,60.4,30.4,69.8,45,62,20.3,PASS
S2849,Female,26,Business,CS101,25.7,26.4,57.1,41.8,16.6,56.8,26,33,5.3,FAIL
S2850,Male,20,Physics,CS201,74.2,67.7,73.3,41.5,60.2,92.1,60,93,13.9,PASS
S2851,Female,27,Business,ENG101,100.0,100.0,100.0,82.0,69.5,99.0,47,75,22.7,PASS
S2852,Male,27,Physics,BUS101,100.0,100.0,76.3,67.1,44.9,73.2,47,88,16.9,PASS
S2853,Male,26,Business,MATH101,89.8,86.4,100.0,52.9,44.2,94.0,33,100,18.9,PASS
S2854,Female,21,Business,PHY101,56.9,55.4,52.3,69.0,18.8,81.0,40,50,10.7,PASS
S2855,Male,24,Physics,BUS101,77.4,68.7,74.3,88.0,44.0,78.0,44,88,12.1,PASS
S2856,Male,26,Business,BUS101,50.2,55.5,74.6,64.4,0.0,78.8,23,64,8.8,PASS
S2857,Male,19,Computer Science,MATH101,45.1,49.5,36.4,59.3,34.2,64.0,30,67,11.9,FAIL
S2858,Male,19,Business,CS201,96.4,91.6,87.5,78.8,46.5,84.8,54,68,25.0,PASS
S2859,Male,26,Physics,CS101,63.6,59.4,60.1,61.4,16.7,71.0,30,77,14.0,PASS
S2860,Male,29,Mathematics,BUS101,56.9,54.9,63.7,66.3,59.9,86.0,31,93,16.2,PASS
S2861,Female,20,Business,CS101,92.2,98.7,78.2,64.7,46.7,84.5,49,91,16.3,PASS
S2862,Male,26,Business,PHY101,68.4,68.0,58.0,43.6,20.3,75.8,45,112,15.2,PASS
S2863,Female,22,Physics,PHY101,67.6,68.3,59.7,87.0,33.6,73.3,51,64,11.1,PASS
S2864,Female,23,Computer Science,PHY101,86.0,86.8,68.4,66.8,70.5,93.3,60,124,17.2,PASS
S2865,Male,19,Business,ENG101,49.1,56.0,29.5,50.7,0.0,81.0,33,86,10.8,FAIL
S2866,Female,25,Computer Science,BUS101,52.3,50.4,71.3,71.1,43.3,72.1,21,100,16.4,PASS
S2867,Male,28,Business,PHY101,96.3,95.6,77.9,48.6,36.5,93.3,35,124,18.6,PASS
S2868,Female,26,Business,ENG101,100.0,100.0,76.7,83.2,65.6,61.0,60,107,19.8,PASS
S2869,Male,19,Computer Science,PHY101,27.5,33.3,39.9,58.4,3.1,59.9,27,41,12.7,FAIL
S2870,Male,23,Computer Science,CS201,59.0,53.8,60.4,73.7,35.8,89.7,51,82,15.9,PASS
S2871,Female,23,Business,BUS101,81.6,71.8,65.4,79.6,42.9,82.2,51,61,19.4,PASS
S2872,Female,25,Computer Science,ENG101,69.8,69.8,51.3,43.9,45.7,69.6,30,100,11.2,PASS
S2873,Female,27,Computer Science,PHY101,81.8,85.0,73.4,78.7,55.9,100.0,39,122,21.1,PASS
S2874,Male,29,Mathematics,ENG101,80.9,82.5,73.7,55.3,54.6,68.0,60,97,21.5,PASS
S2875,Female,22,Engineering,PHY101,57.5,54.4,48.3,72.0,25.7,65.0,32,70,16.6,FAIL
S2876,Male,26,Engineering,CS201,67.4,76.7,57.3,73.7,43.7,71.5,43,98,17.2,PASS
S2877,Male,18,Physics,CS101,85.1,79.7,62.3,60.4,62.2,78.3,46,105,19.1,PASS
S2878,Male,26,Computer Science,PHY101,77.8,71.0,78.9,82.1,43.8,96.9,25,93,21.2,PASS
S2879,Female,27,Engineering,CS101,54.9,60.7,39.0,41.9,35.0,74.5,54,84,13.3,FAIL
S2880,Male,24,Business,BUS101,78.2,76.1,89.2,74.1,33.3,100.0,33,76,19.7,PASS
S2881,Male,21,Mathematics,CS201,76.4,84.9,84.9,75.5,49.2,63.5,43,92,18.7,PASS
S2882,Female,20,Physics,BUS101,68.8,67.5,68.9,48.1,33.6,90.7,33,94,16.6,PASS
S2883,Male,27,Physics,CS101,70.0,68.0,69.7,56.1,39.5,77.0,49,81,18.7,PASS
S2884,Male,28,Mathematics,CS201,78.6,81.1,79.3,60.9,47.0,79.6,45,82,17.1,PASS
S2885,Male,23,Computer Science,MATH101,48.8,53.1,65.8,60.6,31.7,70.0,46,74,15.1,PASS
S2886,Female,29,Computer Science,CS201,49.2,60.0,41.7,51.3,24.5,71.9,52,77,14.9,FAIL
S2887,Male,18,Engineering,CS201,73.9,78.2,71.5,72.8,64.2,91.1,51,87,15.4,PASS
S2888,Male,20,Computer Science,MATH101,70.6,76.0,69.3,48.8,30.8,74.6,45,89,17.2,PASS
S2889,Female,19,Business,ENG101,75.8,72.9,67.9,50.8,26.3,82.8,38,87,11.7,PASS
S2890,Female,28,Business,ENG101,81.9,86.7,83.1,81.4,33.9,95.5,41,96,19.2,PASS
S2891,Male,26,Computer Science,ENG101,78.9,82.0,64.9,49.9,35.1,62.6,51,99,9.2,PASS
S2892,Female,20,Mathematics,CS101,58.6,55.7,65.3,53.3,35.2,98.1,38,77,17.8,PASS
S2893,Female,19,Computer Science,CS201,85.4,78.6,78.6,75.4,72.8,97.9,58,91,13.5,PASS
S2894,Female,21,Engineering,PHY101,71.9,67.4,67.1,80.6,47.7,86.6,54,81,15.2,PASS
S2895,Male,19,Business,MATH101,61.0,58.4,42.2,57.0,33.4,82.4,41,68,17.8,PASS
S2896,Female,18,Engineering,PHY101,82.9,81.9,73.7,58.9,41.3,87.4,38,90,19.0,PASS
S2897,Female,23,Engineering,CS101,27.5,31.2,36.4,25.0,30.4,62.3,27,29,7.3,FAIL
S2898,Male,27,Computer Science,MATH101,60.6,65.3,69.7,60.6,23.1,86.9,46,85,13.0,PASS
S2899,Male,25,Engineering,PHY101,76.3,85.1,67.4,64.1,26.7,81.1,34,116,19.0,PASS
S2900,Male,27,Mathematics,CS101,55.7,57.8,54.2,39.4,22.7,66.9,45,69,10.9,FAIL
S2901,Male,27,Physics,CS101,71.1,63.8,79.7,52.2,36.1,94.2,35,104,16.2,PASS
S2902,Female,19,Engineering,CS101,72.7,68.2,67.6,63.9,50.5,73.2,37,88,14.1,PASS
S2903,Male,26,Engineering,MATH101,49.9,48.8,63.6,60.2,39.5,84.1,29,58,14.0,PASS
S2904,Male,20,Business,PHY101,44.8,50.1,46.7,30.6,33.0,71.9,24,55,13.3,FAIL
S2905,Female,25,Physics,PHY101,60.1,63.2,40.2,18.6,9.2,83.9,50,85,12.9,FAIL
S2906,Male,29,Computer Science,BUS101,100.0,96.2,100.0,77.0,60.0,80.5,53,91,17.3,PASS
S2907,Female,25,Engineering,CS101,100.0,94.4,93.1,100.0,60.4,80.3,43,127,18.3,PASS
S2908,Male,20,Mathematics,ENG101,78.1,74.9,46.9,54.7,51.6,91.2,39,85,12.9,PASS
S2909,Male,20,Business,CS201,67.0,60.8,57.6,60.4,21.9,95.6,52,62,10.9,PASS
S2910,Male,29,Computer Science,BUS101,68.0,67.4,64.9,46.3,35.6,92.5,38,79,17.9,PASS
S2911,Male,23,Business,BUS101,33.6,35.8,47.3,39.5,14.6,73.4,36,40,11.2,FAIL
S2912,Male,18,Computer Science,MATH101,78.2,79.7,74.2,76.3,57.5,72.4,42,56,14.7,PASS
S2913,Female,21,Engineering,BUS101,60.3,57.9,45.4,48.5,36.4,56.5,45,79,18.1,PASS
S2914,Female,18,Engineering,PHY101,51.6,51.7,59.7,33.6,22.5,94.5,29,73,14.5,PASS
S2915,Male,20,Mathematics,MATH101,77.5,71.0,70.1,70.5,24.4,77.9,35,96,18.0,PASS
S2916,Female,26,Engineering,MATH101,69.2,65.7,55.1,68.3,25.0,94.1,40,80,18.6,PASS
S2917,Female,22,Computer Science,ENG101,87.3,88.9,72.0,92.3,59.1,92.1,52,125,21.0,PASS
S2918,Female,29,Computer Science,CS101,90.9,100.0,69.1,56.0,27.7,66.3,44,98,20.6,PASS
S2919,Male,22,Mathematics,BUS101,54.0,60.7,68.9,63.3,8.7,74.6,35,95,12.9,PASS
S2920,Male,28,Computer Science,CS101,57.2,50.7,85.8,49.8,43.3,81.8,38,82,13.6,PASS
S2921,Male,21,Engineering,CS101,91.6,95.8,66.7,72.5,62.5,70.8,43,106,13.5,PASS
S2922,Female,20,Computer Science,CS101,58.9,59.8,72.3,44.3,18.8,73.8,32,91,14.8,FAIL
S2923,Female,22,Mathematics,MATH101,100.0,100.0,72.9,63.5,56.5,79.2,52,113,21.8,PASS
S2924,Male,28,Engineering,CS101,50.4,63.1,34.8,59.2,47.4,89.4,46,70,12.4,PASS
S2925,Male,21,Engineering,BUS101,54.5,52.1,49.3,57.2,33.0,68.2,31,95,7.0,FAIL
S2926,Female,25,Engineering,MATH101,81.0,83.7,70.7,46.4,52.7,88.7,42,70,10.8,PASS
S2927,Female,21,Mathematics,BUS101,64.7,68.6,37.3,45.9,56.5,71.1,43,110,8.1,PASS
S2928,Female,28,Business,MATH101,72.0,68.5,64.7,71.6,64.9,74.9,43,72,11.3,PASS
S2929,Female,29,Business,CS201,71.9,61.4,78.2,64.3,43.2,80.0,53,76,16.3,PASS
S2930,Male,25,Mathematics,CS201,54.6,48.0,71.9,58.3,49.8,77.5,36,56,13.2,PASS
S2931,Female,23,Physics,CS201,49.5,50.7,46.3,75.2,40.1,75.3,24,72,12.4,PASS
S2932,Female,29,Engineering,CS201,69.5,74.0,51.5,63.0,35.8,64.1,31,90,14.4,PASS
S2933,Male,28,Physics,MATH101,25.8,28.5,44.8,61.1,19.8,76.9,38,74,6.4,FAIL
S2934,Female,22,Computer Science,CS101,88.8,91.4,69.6,80.8,31.5,100.0,37,97,16.7,PASS
S2935,Female,21,Engineering,ENG101,63.5,65.1,56.7,68.4,44.8,80.9,38,111,14.0,PASS
S2936,Male,21,Mathematics,PHY101,51.0,46.8,42.4,38.2,23.9,74.0,27,73,14.7,FAIL
S2937,Female,29,Computer Science,ENG101,58.2,58.1,68.4,67.7,25.0,88.5,38,83,16.0,PASS
S2938,Female,21,Computer Science,CS201,84.4,87.6,70.3,81.1,62.7,90.9,48,117,17.9,PASS
S2939,Female,28,Engineering,CS101,43.0,45.4,56.4,54.5,13.3,72.9,36,89,5.9,FAIL
S2940,Male,26,Business,BUS101,50.0,58.2,58.5,51.3,34.2,70.7,34,68,12.0,FAIL
S2941,Male,21,Engineering,CS101,90.0,87.1,93.8,89.1,64.9,87.4,36,80,19.1,PASS
S2942,Female,29,Business,BUS101,42.2,39.4,50.8,38.8,19.5,55.0,28,73,8.8,FAIL
S2943,Male,26,Mathematics,ENG101,62.9,59.4,68.0,81.7,39.6,81.7,34,76,20.3,PASS
S2944,Female,27,Business,CS101,34.0,20.3,46.8,44.0,11.0,85.2,38,78,8.2,FAIL
S2945,Female,23,Computer Science,CS101,100.0,100.0,88.4,59.1,48.6,69.4,45,78,18.9,PASS
S2946,Male,27,Physics,PHY101,72.4,72.5,81.8,72.0,40.5,58.9,27,86,15.0,PASS
S2947,Male,24,Computer Science,ENG101,80.8,79.6,61.3,76.5,86.2,92.8,51,74,13.2,PASS
S2948,Male,29,Computer Science,CS101,64.3,60.2,47.4,66.3,59.9,100.0,43,82,9.4,PASS
S2949,Male,27,Computer Science,BUS101,52.4,55.2,55.5,52.8,24.9,95.8,31,90,11.2,PASS
S2950,Female,20,Business,CS101,71.0,71.0,76.8,59.1,40.8,79.3,31,125,6.6,PASS
S2951,Female,25,Computer Science,BUS101,78.6,86.3,73.1,78.4,42.0,90.3,40,93,17.3,PASS
S2952,Female,20,Computer Science,CS201,60.3,60.5,47.2,26.0,20.3,90.6,38,100,12.7,FAIL
S2953,Female,18,Engineering,CS101,67.8,69.9,51.3,48.7,31.6,66.3,45,71,13.2,PASS
S2954,Male,27,Computer Science,BUS101,85.7,93.6,60.1,60.1,45.4,67.9,60,57,19.1,PASS
S2955,Female,29,Business,ENG101,94.7,93.0,76.1,86.2,26.9,86.5,51,114,17.0,PASS
S2956,Female,22,Mathematics,CS201,85.4,83.2,74.5,54.9,47.4,76.9,51,98,15.0,PASS
S2957,Female,19,Mathematics,CS101,69.4,76.6,54.7,44.9,50.1,84.3,28,81,10.1,PASS
S2958,Female,27,Computer Science,PHY101,68.8,61.0,65.4,53.1,64.3,77.3,32,75,10.8,PASS
S2959,Male,23,Computer Science,BUS101,81.0,79.7,60.8,54.2,54.8,100.0,53,96,20.0,PASS
S2960,Female,27,Physics,PHY101,73.1,71.7,71.8,69.9,32.9,89.3,31,56,13.8,PASS
S2961,Male,26,Computer Science,CS101,93.5,89.3,81.1,61.5,44.1,86.8,42,79,18.5,PASS
S2962,Male,18,Mathematics,BUS101,70.5,73.1,50.6,59.3,41.2,60.9,44,76,14.0,PASS
S2963,Male,21,Computer Science,CS101,100.0,97.1,70.2,69.9,60.4,94.9,53,106,21.8,PASS
S2964,Female,18,Physics,CS201,65.4,65.9,66.5,59.0,37.7,83.0,32,90,12.1,PASS
S2965,Female,18,Engineering,CS201,50.0,45.4,37.8,51.5,43.9,73.0,47,85,9.5,PASS
S2966,Female,25,Engineering,CS101,83.3,84.8,58.9,43.4,55.1,79.6,36,90,12.6,PASS
S2967,Female,28,Business,CS101,59.7,70.1,49.2,36.1,41.5,72.9,40,91,14.6,PASS
S2968,Female,19,Business,MATH101,69.0,68.8,58.0,46.6,45.4,96.0,55,65,17.6,PASS
S2969,Female,18,Engineering,CS101,80.3,80.3,94.8,87.1,39.9,98.0,47,83,18.7,PASS
S2970,Male,28,Business,CS101,65.0,59.1,47.1,63.3,19.2,76.5,26,68,17.6,PASS
S2971,Male,25,Business,PHY101,91.3,95.5,84.2,66.0,53.2,92.0,55,103,18.9,PASS
S2972,Male,21,Computer Science,PHY101,41.0,40.5,27.7,52.5,16.7,77.5,31,63,12.7,FAIL
S2973,Female,20,Computer Science,CS201,81.3,83.3,57.0,59.8,56.4,72.1,50,99,19.7,PASS
S2974,Female,29,Engineering,PHY101,45.1,49.8,46.9,54.0,20.0,67.0,45,78,8.6,FAIL
S2975,Male,21,Computer Science,CS101,93.3,92.4,81.4,67.7,69.9,100.0,35,95,22.5,PASS
S2976,Male,28,Business,ENG101,76.2,81.3,45.4,48.1,53.4,73.2,46,76,17.7,PASS
S2977,Female,22,Computer Science,CS101,63.2,68.6,64.3,63.7,57.9,73.8,49,86,17.4,PASS
S2978,Male,18,Engineering,MATH101,55.2,56.9,67.2,54.5,52.0,75.0,39,76,15.5,PASS
S2979,Female,28,Computer Science,BUS101,31.6,32.6,28.2,26.9,27.8,67.7,42,78,5.0,FAIL
S2980,Female,18,Engineering,CS201,51.1,51.2,51.2,69.2,16.9,66.4,37,49,14.9,FAIL
S2981,Male,20,Computer Science,PHY101,38.5,41.3,42.0,65.3,17.8,68.3,45,70,11.5,FAIL
S2982,Male,23,Computer Science,ENG101,50.4,53.0,36.3,41.0,21.8,56.1,22,69,11.2,FAIL
S2983,Female,18,Computer Science,BUS101,76.0,68.8,71.7,70.2,46.9,89.5,50,78,17.9,PASS
S2984,Female,28,Physics,ENG101,93.4,90.0,83.4,100.0,61.4,87.3,28,119,20.9,PASS
S2985,Female,29,Computer Science,CS201,95.2,99.9,84.7,85.2,53.3,74.5,51,89,23.5,PASS
S2986,Female,19,Business,PHY101,42.4,43.6,52.5,32.1,32.6,67.1,23,38,16.6,FAIL
S2987,Male,29,Computer Science,MATH101,75.9,74.8,72.3,59.4,37.6,61.5,49,96,17.9,PASS
S2988,Male,24,Computer Science,CS201,98.9,100.0,85.0,67.5,31.7,78.4,46,115,21.2,PASS
S2989,Female,18,Engineering,ENG101,35.4,39.5,31.7,41.6,23.9,53.6,31,75,12.4,FAIL
S2990,Female,24,Engineering,ENG101,93.7,99.1,70.6,77.4,52.9,100.0,43,67,17.4,PASS
S2991,Male,21,Physics,CS201,95.2,94.1,85.5,66.4,58.6,91.5,60,97,22.2,PASS
S2992,Female,27,Physics,CS101,51.1,53.0,67.5,50.6,40.0,75.9,34,62,10.9,PASS
S2993,Female,23,Mathematics,CS201,44.3,43.9,30.2,28.9,23.8,64.2,26,95,11.0,FAIL
S2994,Male,25,Business,PHY101,85.1,79.9,45.2,42.8,36.4,88.5,34,86,16.1,PASS
S2995,Male,26,Engineering,PHY101,87.3,88.3,99.0,84.6,45.3,87.9,39,99,15.8,PASS
S2996,Female,23,Engineering,MATH101,55.1,54.9,59.4,41.5,50.1,84.6,28,82,16.2,FAIL
S2997,Male,29,Physics,CS201,39.5,39.2,52.6,49.2,29.0,67.3,32,83,11.2,FAIL
S2998,Male,28,Business,BUS101,64.5,69.5,66.9,49.3,52.7,73.5,37,104,16.1,PASS
S2999,Male,26,Business,PHY101,85.2,84.6,72.1,64.1,45.3,79.4,28,91,19.2,PASS
S3000,Female,21,Computer Science,PHY101,67.7,68.1,55.4,61.0,49.5,78.0,37,66,12.0,PASS
S3001,Female,23,Computer Science,PHY101,63.8,64.4,65.4,44.7,49.9,80.9,21,106,10.7,PASS
S3002,Female,25,Physics,CS101,66.1,68.6,85.0,71.8,21.2,93.1,47,76,20.1,PASS
S3003,Male,26,Engineering,BUS101,45.4,46.8,56.2,65.6,30.8,86.2,32,82,9.5,PASS
S3004,Female,20,Engineering,CS201,64.2,67.7,63.2,56.3,40.9,77.4,29,76,15.6,PASS
S3005,Female,19,Computer Science,CS101,71.2,64.8,82.2,56.3,28.7,100.0,39,84,15.2,PASS
S3006,Female,23,Mathematics,PHY101,78.7,79.4,79.1,56.5,33.2,88.7,51,67,16.6,PASS
S3007,Female,21,Computer Science,BUS101,70.5,69.9,68.1,48.7,66.8,87.0,39,83,17.5,PASS
S3008,Male,18,Mathematics,BUS101,91.4,84.8,75.6,64.3,56.9,95.8,48,103,15.9,PASS
S3009,Female,25,Computer Science,CS101,79.2,72.0,67.5,77.4,62.7,96.6,51,76,15.8,PASS
S3010,Male,26,Mathematics,PHY101,63.7,60.6,43.5,45.3,47.1,89.1,34,100,18.3,PASS
S3011,Female,26,Business,CS101,55.4,52.1,53.4,43.6,33.8,71.1,29,101,13.2,PASS
S3012,Male,19,Computer Science,ENG101,88.7,87.5,78.0,72.0,41.1,83.2,40,96,22.4,PASS
S3013,Male,26,Business,PHY101,79.0,79.6,90.0,65.8,55.2,70.7,50,95,18.8,PASS
S3014,Male,24,Engineering,CS101,68.4,70.9,68.4,50.8,41.1,86.3,42,90,17.5,PASS
S3015,Female,22,Computer Science,CS201,65.7,59.5,65.1,77.1,41.4,89.4,44,76,15.9,PASS
S3016,Male,24,Mathematics,PHY101,84.6,80.1,68.6,59.7,54.1,95.7,35,82,26.3,PASS
S3017,Female,26,Engineering,MATH101,90.3,86.0,87.7,78.2,58.5,90.0,60,83,16.4,PASS
S3018,Male,25,Engineering,PHY101,89.1,88.5,78.2,62.6,60.0,93.3,55,77,13.4,PASS
S3019,Male,23,Computer Science,ENG101,74.8,74.9,88.6,57.5,34.0,66.1,34,79,13.7,PASS
S3020,Female,21,Engineering,CS101,93.1,98.1,75.1,53.3,64.3,83.8,52,112,18.3,PASS
S3021,Male,18,Mathematics,MATH101,97.9,93.3,83.7,71.7,67.6,84.4,42,92,27.4,PASS
S3022,Male,23,Engineering,ENG101,77.6,81.5,84.6,47.2,49.1,98.0,31,97,18.9,PASS
S3023,Female,20,Physics,CS201,80.8,73.4,74.5,72.6,55.7,87.8,47,98,20.5,PASS
S3024,Male,23,Physics,PHY101,52.4,52.5,53.6,49.7,48.7,78.9,38,78,6.4,PASS
S3025,Male,23,Computer Science,MATH101,93.2,96.0,64.1,58.9,66.1,74.7,53,101,17.6,PASS
S3026,Male,21,Computer Science,CS101,59.5,62.6,53.4,39.7,21.9,65.2,45,62,15.9,FAIL
S3027,Female,19,Mathematics,CS101,55.3,63.7,56.7,22.3,26.7,74.7,43,79,13.9,PASS
S3028,Female,26,Engineering,CS201,65.0,76.8,77.2,66.6,36.7,87.2,40,74,10.0,PASS
S3029,Female,19,Computer Science,ENG101,38.8,40.8,35.2,45.9,16.2,62.9,31,88,12.0,FAIL
S3030,Female,20,Computer Science,MATH101,69.6,63.1,48.9,55.9,25.1,95.6,51,92,13.2,PASS
S3031,Male,27,Business,CS201,75.0,94.0,50.7,69.7,56.3,74.8,40,99,17.3,PASS
S3032,Male,18,Mathematics,ENG101,59.3,65.0,86.4,81.8,26.1,83.2,46,77,9.9,PASS
S3033,Female,24,Computer Science,BUS101,78.5,83.6,74.3,54.9,61.8,76.9,28,78,16.7,PASS
S3034,Male,18,Computer Science,BUS101,69.0,66.9,68.5,59.1,22.0,93.3,36,81,19.2,PASS
S3035,Male,28,Physics,ENG101,80.3,79.7,51.5,70.1,57.5,100.0,44,67,15.9,PASS
S3036,Male,26,Mathematics,CS101,60.8,56.7,54.8,60.3,46.8,84.5,43,67,18.3,PASS
S3037,Male,28,Business,CS101,95.9,99.3,72.0,70.0,60.3,82.6,55,77,15.8,PASS
S3038,Female,28,Mathematics,BUS101,56.5,54.2,45.8,34.5,30.9,68.2,45,75,12.2,FAIL
S3039,Male,18,Engineering,CS101,85.1,88.7,65.0,35.7,50.9,78.5,47,105,19.1,PASS
S3040,Male,22,Mathematics,CS101,75.7,72.0,78.5,60.1,45.7,78.2,42,84,14.4,PASS
S3041,Male,24,Engineering,ENG101,82.7,87.4,81.3,88.8,55.2,79.2,54,75,16.4,PASS
S3042,Female,20,Computer Science,PHY101,66.7,68.1,62.4,65.3,37.9,93.0,41,92,11.5,PASS
S3043,Male,26,Business,ENG101,63.9,70.2,76.5,36.1,37.9,80.4,49,56,9.5,PASS
S3044,Male,25,Engineering,CS101,68.4,79.0,68.7,70.9,45.1,86.2,45,66,16.2,PASS
S3045,Female,20,Physics,ENG101,78.6,80.1,64.4,65.5,47.5,71.3,44,93,15.8,PASS
S3046,Female,22,Engineering,MATH101,54.0,60.8,64.2,48.8,21.8,72.9,43,94,16.6,PASS
S3047,Male,24,Physics,BUS101,50.5,57.3,52.2,42.5,20.9,81.4,37,72,9.2,FAIL
S3048,Male,29,Physics,PHY101,64.2,64.1,75.8,54.2,37.6,74.9,41,54,13.3,PASS
S3049,Male,21,Computer Science,MATH101,72.6,73.9,84.5,49.9,22.8,85.0,35,88,13.8,PASS
S3050,Male,22,Mathematics,MATH101,67.7,69.1,64.2,58.0,38.9,76.4,39,112,12.3,PASS
S3051,Male,20,Engineering,CS101,59.1,56.9,77.5,82.5,37.5,89.8,34,95,17.9,PASS
S3052,Male,26,Physics,CS101,74.0,71.8,72.3,65.3,43.3,82.4,44,79,13.1,PASS
S3053,Male,27,Engineering,MATH101,39.7,45.9,46.1,34.0,29.3,65.9,33,65,11.0,FAIL
S3054,Male,26,Business,MATH101,81.4,77.8,58.2,50.4,51.2,87.6,43,99,17.7,PASS
S3055,Female,24,Engineering,CS201,65.9,65.2,57.1,78.8,49.8,83.0,39,91,11.9,PASS
S3056,Female,27,Computer Science,CS201,69.3,67.7,70.6,55.8,43.5,90.5,44,59,17.8,PASS
S3057,Female,19,Computer Science,BUS101,71.4,73.7,57.5,53.3,66.0,69.3,27,87,12.3,PASS
S3058,Male,24,Engineering,MATH101,71.6,83.1,71.2,71.6,43.3,72.3,30,106,19.1,PASS
S3059,Male,24,Mathematics,ENG101,89.4,88.4,61.3,62.3,62.8,89.2,45,92,16.4,PASS
S3060,Female,28,Business,PHY101,57.4,50.2,60.5,56.2,32.2,71.8,47,74,14.9,PASS
S3061,Male,22,Business,CS201,49.1,49.6,42.2,44.4,29.9,76.2,46,100,18.8,PASS
S3062,Male,26,Computer Science,CS101,74.3,69.5,66.6,54.3,33.2,84.8,31,87,19.2,PASS
S3063,Female,29,Engineering,MATH101,58.9,60.2,47.6,50.5,34.1,68.6,60,90,10.0,PASS
S3064,Female,28,Computer Science,ENG101,67.0,63.2,50.2,72.0,30.2,82.9,33,95,7.3,PASS
S3065,Female,20,Mathematics,PHY101,94.9,95.7,63.8,63.6,70.7,83.2,41,101,23.4,PASS
S3066,Male,21,Physics,ENG101,57.8,51.9,54.5,47.7,36.9,61.6,19,67,14.3,FAIL
S3067,Male,18,Engineering,ENG101,55.7,54.4,70.4,77.4,40.2,76.6,31,51,18.0,PASS
S3068,Female,23,Computer Science,CS101,30.7,25.8,30.4,0.0,0.0,65.1,27,55,12.1,FAIL
S3069,Male,21,Computer Science,CS201,83.0,89.2,72.8,97.2,30.3,78.6,57,85,17.4,PASS
S3070,Female,18,Business,ENG101,94.3,90.7,85.5,75.2,52.8,89.4,55,113,22.9,PASS
S3071,Female,19,Business,PHY101,71.6,74.4,49.3,62.3,25.9,86.4,50,94,14.7,PASS
S3072,Female,20,Mathematics,CS201,83.7,84.6,82.4,71.5,16.4,79.6,60,78,22.7,PASS
S3073,Male,26,Computer Science,BUS101,33.2,34.2,26.3,32.6,29.5,78.5,48,60,8.6,FAIL
S3074,Male,25,Mathematics,CS101,93.4,95.3,67.1,52.7,59.9,78.6,60,86,17.8,PASS
S3075,Female,24,Business,CS201,51.6,54.6,52.3,51.1,21.4,69.9,38,59,14.5,PASS
S3076,Female,28,Engineering,CS201,92.1,98.6,92.1,75.4,56.7,100.0,44,93,17.9,PASS
S3077,Female,29,Engineering,ENG101,90.0,94.7,88.1,66.4,76.1,79.2,55,109,20.8,PASS
S3078,Male,21,Computer Science,PHY101,71.5,79.2,63.1,57.7,31.8,81.3,36,65,15.0,PASS
S3079,Male,18,Engineering,ENG101,71.6,66.3,55.0,61.9,53.9,73.9,46,104,17.1,PASS
S3080,Female,25,Mathematics,PHY101,60.8,54.1,38.1,61.7,31.0,92.7,37,83,17.9,PASS
S3081,Female,21,Engineering,CS101,74.8,83.1,71.7,48.6,37.5,74.0,38,90,16.6,PASS
S3082,Female,20,Mathematics,CS201,56.0,58.8,66.6,31.4,18.5,93.7,23,74,12.8,FAIL
S3083,Male,26,Business,MATH101,51.2,45.9,78.2,42.0,32.4,86.2,39,77,12.0,PASS
S3084,Female,27,Computer Science,PHY101,96.7,95.3,78.3,58.1,67.7,93.2,41,97,21.9,PASS
S3085,Female,21,Business,PHY101,84.1,86.8,75.6,75.7,54.2,93.9,50,93,21.0,PASS
S3086,Female,21,Engineering,ENG101,57.3,57.1,63.4,41.3,31.8,96.8,36,71,8.2,PASS
S3087,Male,26,Engineering,ENG101,80.5,83.6,57.2,71.8,40.6,78.8,44,100,19.0,PASS
S3088,Male,29,Computer Science,BUS101,57.5,51.6,75.8,55.6,55.3,78.9,36,47,10.5,PASS
S3089,Female,28,Engineering,PHY101,52.3,52.1,35.7,53.2,24.7,75.6,24,88,11.4,FAIL
S3090,Male,29,Computer Science,CS101,69.2,69.8,61.7,49.8,34.7,73.0,35,93,15.5,PASS
S3091,Male,19,Computer Science,CS201,56.5,53.0,39.8,30.7,15.1,72.9,30,86,13.4,FAIL
S3092,Female,29,Engineering,CS201,71.4,70.0,64.4,54.2,63.9,84.3,34,92,15.3,PASS
S3093,Male,22,Engineering,CS201,60.5,58.2,40.3,20.4,16.0,100.0,31,85,15.0,FAIL
S3094,Female,21,Physics,PHY101,64.1,58.5,68.8,42.8,49.9,68.5,31,93,12.9,PASS
S3095,Male,26,Engineering,ENG101,68.2,65.1,88.3,70.7,48.1,80.3,34,90,16.9,PASS
S3096,Female,29,Mathematics,CS101,100.0,100.0,93.7,85.9,54.2,86.3,44,94,19.4,PASS
S3097,Female,22,Engineering,CS201,92.8,87.9,74.3,72.9,58.4,93.5,52,87,20.0,PASS
S3098,Male,26,Business,PHY101,69.3,65.9,64.3,60.2,47.2,86.6,42,84,14.0,PASS
S3099,Male,28,Computer Science,MATH101,65.3,56.8,66.5,40.4,66.4,66.4,32,104,12.2,PASS
S3100,Male,26,Physics,BUS101,60.4,67.7,56.4,62.2,57.4,79.9,35,92,11.0,PASS
S3101,Male,19,Engineering,BUS101,44.2,48.8,52.1,41.1,35.4,52.5,18,79,10.5,FAIL
S3102,Female,26,Mathematics,CS201,11.3,17.3,57.7,43.5,9.8,74.7,25,9,3.6,FAIL
S3103,Female,20,Engineering,ENG101,60.1,61.9,54.3,57.2,44.1,60.8,36,56,16.9,PASS
S3104,Male,21,Computer Science,BUS101,95.6,97.1,83.3,79.8,60.2,79.6,41,103,20.7,PASS
S3105,Male,18,Business,BUS101,100.0,98.9,77.0,64.7,64.3,94.4,60,118,16.5,PASS
S3106,Male,18,Computer Science,BUS101,69.4,75.9,76.2,64.1,33.8,74.3,39,77,10.2,PASS
S3107,Female,18,Engineering,BUS101,85.7,85.8,89.7,69.9,50.6,89.4,49,94,20.3,PASS
S3108,Male,26,Computer Science,CS201,59.7,49.9,55.8,45.9,45.2,96.0,35,73,15.8,PASS
S3109,Female,28,Business,PHY101,72.3,62.6,67.2,63.5,44.0,92.4,33,69,11.9,PASS
S3110,Female,25,Physics,CS101,51.0,52.8,57.3,34.8,36.5,70.5,37,68,10.9,PASS
S3111,Female,22,Engineering,CS101,67.4,62.6,48.0,58.8,34.3,77.9,36,86,17.1,PASS
S3112,Male,22,Mathematics,ENG101,89.6,90.1,79.7,69.8,53.2,75.0,52,121,11.0,PASS
S3113,Female,26,Engineering,PHY101,76.0,79.8,57.3,71.8,30.8,93.3,40,86,13.3,PASS
S3114,Male,20,Engineering,MATH101,73.0,68.9,73.2,88.0,53.3,86.9,40,87,14.2,PASS
S3115,Male,20,Physics,CS101,72.0,70.5,72.9,55.5,22.2,73.3,50,108,18.1,PASS
S3116,Female,24,Mathematics,MATH101,79.7,78.4,78.7,80.3,53.6,87.2,45,99,16.1,PASS
S3117,Female,26,Mathematics,CS101,63.2,58.9,72.6,69.7,21.5,63.4,40,90,16.8,PASS
S3118,Male,23,Computer Science,CS101,78.2,71.0,60.7,59.1,35.5,87.1,45,99,14.5,PASS
S3119,Male,19,Engineering,ENG101,47.6,42.2,36.9,24.4,16.8,87.2,42,67,13.4,FAIL
S3120,Male,18,Computer Science,BUS101,52.4,44.9,60.3,41.5,41.7,82.9,56,77,13.4,FAIL
S3121,Male,19,Engineering,ENG101,70.7,69.8,66.5,53.1,27.9,84.0,38,92,13.1,PASS
S3122,Male,18,Engineering,CS101,78.3,77.3,74.9,63.8,44.7,94.1,42,83,15.4,PASS
S3123,Male,27,Mathematics,PHY101,80.5,77.8,65.3,83.2,43.3,79.8,39,88,18.1,PASS
S3124,Male,27,Mathematics,BUS101,82.9,75.8,57.0,60.8,46.7,63.3,43,88,17.4,PASS
S3125,Female,26,Engineering,PHY101,49.2,54.7,70.4,62.2,38.5,88.7,38,56,13.7,PASS
S3126,Female,27,Computer Science,PHY101,87.5,84.4,73.4,83.3,51.0,95.2,50,115,20.6,PASS
S3127,Female,29,Mathematics,PHY101,60.0,72.8,45.7,48.5,34.3,81.4,47,74,13.3,PASS
S3128,Male,25,Computer Science,BUS101,70.1,74.5,56.7,36.7,31.1,82.1,38,76,7.3,PASS
S3129,Female,24,Business,PHY101,43.3,33.0,45.2,49.4,14.5,81.3,36,77,8.0,PASS
S3130,Female,20,Computer Science,BUS101,66.6,72.7,64.4,40.4,23.1,88.3,33,107,10.4,PASS
S3131,Female,25,Engineering,MATH101,63.5,60.0,54.1,76.2,33.8,77.4,33,72,10.1,PASS
S3132,Female,19,Physics,CS101,91.2,86.6,91.3,85.6,72.6,100.0,54,95,18.2,PASS
S3133,Female,19,Computer Science,CS201,63.2,61.8,48.8,74.2,40.1,86.7,37,37,15.7,PASS
S3134,Female,28,Engineering,PHY101,81.4,87.1,84.2,44.6,49.5,78.6,39,119,13.4,PASS
S3135,Male,27,Engineering,ENG101,41.4,44.0,50.8,37.6,6.1,95.5,20,61,13.4,FAIL
S3136,Female,20,Physics,MATH101,77.0,77.9,77.2,68.1,59.5,75.4,51,46,18.9,PASS
S3137,Female,24,Mathematics,ENG101,90.9,86.8,83.0,71.2,73.8,67.8,33,111,24.5,PASS
S3138,Female,18,Computer Science,CS201,48.8,53.5,59.7,41.1,19.2,61.5,22,55,15.1,FAIL
S3139,Female,25,Computer Science,BUS101,44.8,39.9,54.6,20.1,15.2,85.4,38,52,14.8,FAIL
S3140,Male,29,Business,CS201,54.7,59.9,73.3,58.9,50.1,88.8,35,60,13.7,PASS
S3141,Male,24,Engineering,ENG101,78.6,80.2,68.7,79.2,51.8,74.0,47,81,14.0,PASS
S3142,Female,21,Business,CS201,52.2,49.2,51.1,77.1,51.9,69.8,33,100,12.0,PASS
S3143,Female,22,Computer Science,CS101,70.7,81.3,48.6,54.4,56.5,75.4,48,63,18.7,PASS
S3144,Female,27,Computer Science,CS201,74.2,78.8,83.6,67.5,21.5,90.8,52,98,15.6,PASS
S3145,Male,18,Business,PHY101,50.1,52.9,58.3,42.3,49.2,63.3,46,63,13.1,PASS
S3146,Male,21,Computer Science,CS101,78.3,78.8,50.7,63.9,48.5,93.4,42,80,19.3,PASS
S3147,Female,18,Mathematics,PHY101,70.0,64.3,70.4,56.6,42.3,82.9,32,79,15.9,PASS
S3148,Female,18,Computer Science,CS201,38.3,38.5,26.9,24.2,23.4,66.1,31,67,10.0,FAIL
S3149,Female,27,Computer Science,CS101,66.9,74.9,48.6,34.0,39.2,75.7,33,88,13.1,PASS
S3150,Male,18,Physics,CS101,94.9,88.0,86.9,88.3,38.7,86.2,44,71,25.3,PASS
S3151,Female,24,Engineering,CS201,65.1,67.9,46.4,48.1,55.7,77.5,55,117,15.8,PASS
S3152,Male,24,Business,MATH101,59.5,66.4,47.6,43.6,29.0,71.0,45,79,10.5,PASS
S3153,Female,21,Computer Science,BUS101,74.6,81.8,75.3,73.1,41.0,100.0,40,68,14.0,PASS
S3154,Male,29,Business,BUS101,70.4,65.9,77.0,54.6,49.2,86.9,40,107,15.5,PASS
S3155,Male,19,Business,BUS101,97.2,94.5,70.7,49.4,79.3,98.3,45,96,21.5,PASS
S3156,Female,29,Engineering,CS101,60.7,61.2,53.1,71.0,35.4,79.8,40,77,13.7,PASS
S3157,Female,20,Mathematics,BUS101,87.8,90.1,83.7,72.4,55.1,89.3,43,107,13.6,PASS
S3158,Male,25,Business,CS101,62.5,68.9,59.3,60.6,54.3,75.6,47,51,8.7,PASS
S3159,Female,25,Engineering,MATH101,39.9,38.9,22.9,36.6,30.7,83.3,32,80,5.6,FAIL
S3160,Male,28,Business,CS201,72.7,77.4,69.1,78.1,49.3,82.7,35,89,17.4,PASS
S3161,Male,28,Business,CS201,84.0,71.1,70.7,74.2,15.6,78.6,57,82,18.1,PASS
S3162,Male,23,Computer Science,CS101,84.6,83.3,76.0,40.1,47.2,58.7,49,87,15.6,PASS
S3163,Male,27,Engineering,CS101,59.0,63.7,60.4,63.3,37.4,69.0,41,68,19.9,PASS
S3164,Male,26,Engineering,MATH101,88.8,92.9,98.0,64.0,55.2,85.0,32,95,18.2,PASS
S3165,Male,28,Engineering,BUS101,84.2,79.4,74.4,57.9,61.5,85.8,45,95,12.7,PASS
S3166,Male,29,Mathematics,MATH101,93.5,98.6,90.0,48.0,41.4,76.4,42,78,18.6,PASS
S3167,Female,26,Engineering,CS201,68.5,61.4,61.8,82.9,28.8,59.1,18,72,16.5,PASS
S3168,Male,21,Physics,CS201,53.1,59.1,32.8,44.9,43.5,98.1,35,46,11.4,FAIL
S3169,Female,29,Computer Science,PHY101,80.4,79.3,90.9,55.7,61.3,84.1,43,72,16.5,PASS
S3170,Male,18,Engineering,BUS101,90.2,88.0,68.4,54.4,41.7,83.8,57,82,20.3,PASS
S3171,Female,18,Mathematics,CS201,100.0,98.5,93.1,100.0,63.2,91.9,45,65,20.6,PASS
S3172,Male,29,Engineering,PHY101,57.0,58.9,53.7,74.8,31.3,66.4,31,84,15.4,PASS
S3173,Male,27,Engineering,CS101,61.7,72.1,55.1,20.7,29.3,89.4,33,91,16.4,PASS
S3174,Male,22,Computer Science,CS201,78.7,84.8,78.8,81.0,32.8,78.8,46,124,12.1,PASS
S3175,Male,19,Engineering,ENG101,82.1,76.4,68.6,61.5,38.5,77.4,54,97,19.0,PASS
S3176,Male,23,Computer Science,BUS101,100.0,94.8,84.1,85.0,50.1,84.1,50,87,21.8,PASS
S3177,Female,24,Physics,PHY101,83.3,73.8,63.1,53.6,68.6,78.3,40,91,18.2,PASS
S3178,Female,18,Engineering,BUS101,68.7,70.2,49.8,37.2,47.2,69.3,39,90,16.3,FAIL
S3179,Female,23,Mathematics,BUS101,35.9,35.0,64.3,39.7,24.9,75.2,36,73,7.7,PASS
S3180,Female,25,Business,ENG101,72.5,75.6,31.0,56.9,30.1,87.6,51,70,20.5,PASS
S3181,Male,29,Engineering,MATH101,76.7,74.2,48.8,67.4,61.9,69.9,52,109,18.2,PASS
S3182,Male,22,Engineering,CS101,52.8,50.9,47.8,40.6,49.0,73.1,35,86,14.9,PASS
S3183,Male,29,Mathematics,BUS101,100.0,92.7,79.6,81.1,62.9,91.3,54,115,24.2,PASS
S3184,Male,24,Mathematics,CS201,68.3,73.8,67.5,58.0,42.6,75.4,47,101,17.8,PASS
S3185,Male,27,Computer Science,CS101,77.1,74.1,63.0,72.2,47.9,91.1,43,101,19.2,PASS
S3186,Female,23,Engineering,CS201,81.6,77.4,73.1,79.1,57.8,100.0,50,99,9.9,PASS
S3187,Male,21,Engineering,CS101,88.1,92.9,64.9,71.3,35.3,91.2,53,101,9.7,PASS
S3188,Male,24,Computer Science,CS101,67.9,60.5,64.2,46.8,28.0,80.4,45,87,14.7,PASS
S3189,Female,27,Business,PHY101,55.5,58.3,47.8,57.0,23.7,69.0,43,74,14.1,FAIL
S3190,Female,26,Mathematics,CS201,82.6,78.8,93.5,72.4,43.9,70.1,60,93,18.4,PASS
S3191,Male,27,Engineering,CS201,80.9,80.3,74.0,82.0,52.2,76.3,38,77,18.0,PASS
S3192,Female,27,Business,CS101,47.7,38.1,31.4,39.5,40.8,81.7,45,87,13.0,PASS
S3193,Female,24,Business,BUS101,92.7,95.6,85.6,77.7,66.8,78.0,49,89,19.3,PASS
S3194,Male,29,Engineering,CS201,87.3,97.6,65.6,66.3,33.5,98.5,46,85,15.8,PASS
S3195,Male,22,Computer Science,ENG101,71.7,65.4,68.8,67.9,65.7,77.6,37,86,11.5,PASS
S3196,Male,24,Business,ENG101,65.2,71.0,53.9,44.4,65.7,68.2,42,84,14.4,PASS
S3197,Female,20,Mathematics,CS101,69.7,69.4,49.6,35.3,61.5,83.1,37,86,13.5,PASS
S3198,Female,19,Business,MATH101,59.1,61.8,83.3,48.0,27.2,69.0,36,91,12.6,PASS
S3199,Male,28,Computer Science,CS101,65.3,59.4,50.1,66.4,33.3,88.2,28,102,9.8,PASS
S3200,Male,22,Computer Science,CS101,67.0,61.9,38.4,70.7,21.3,72.0,41,71,14.5,PASS
S3201,Female,21,Computer Science,BUS101,45.3,45.7,57.5,59.2,30.6,53.3,26,69,12.5,FAIL
S3202,Male,22,Business,BUS101,64.1,63.0,69.9,48.1,41.7,74.0,38,79,10.3,PASS
S3203,Male,25,Mathematics,PHY101,71.5,72.2,81.6,64.4,38.5,65.6,42,86,17.0,PASS
S3204,Female,29,Computer Science,MATH101,65.2,57.9,67.0,62.8,28.2,87.3,32,85,10.7,PASS
S3205,Female,21,Mathematics,MATH101,100.0,100.0,86.0,78.7,62.7,100.0,42,85,21.4,PASS
S3206,Female,26,Business,MATH101,55.1,57.0,53.7,44.9,31.0,70.7,33,87,10.8,PASS
S3207,Female,24,Business,MATH101,86.1,91.6,53.1,51.0,56.3,100.0,40,97,21.0,PASS
S3208,Female,27,Physics,MATH101,47.6,49.2,41.1,23.7,47.3,65.9,35,64,9.8,PASS
S3209,Male,29,Computer Science,CS101,55.7,67.0,54.3,47.2,41.5,73.6,36,85,10.2,PASS
S3210,Female,24,Physics,CS101,61.0,71.0,70.5,47.6,39.5,67.5,46,74,14.0,PASS
S3211,Male,25,Computer Science,PHY101,73.2,73.3,71.0,59.6,46.3,65.2,43,87,17.0,PASS
S3212,Female,29,Engineering,ENG101,28.0,27.9,44.4,43.3,4.4,72.2,31,53,12.0,FAIL
S3213,Male,23,Mathematics,ENG101,73.0,68.9,70.9,42.5,43.2,96.9,41,98,17.7,PASS
S3214,Female,25,Physics,PHY101,72.3,65.5,77.4,59.0,47.1,77.2,29,84,12.9,PASS
S3215,Male,20,Engineering,PHY101,79.8,78.6,80.8,91.1,58.9,84.0,43,94,17.7,PASS
S3216,Male,27,Business,CS201,28.2,25.0,55.3,47.4,25.0,56.0,12,72,5.6,FAIL
S3217,Male,27,Business,CS101,93.2,89.3,100.0,69.2,52.8,82.2,44,109,21.9,PASS
S3218,Male,18,Mathematics,MATH101,36.3,38.1,61.2,45.2,38.3,55.5,35,83,14.4,FAIL
S3219,Female,23,Computer Science,CS201,46.1,38.2,47.9,75.6,4.3,88.8,25,85,12.2,FAIL
S3220,Female,18,Mathematics,BUS101,63.9,58.0,57.7,64.3,45.2,67.2,22,85,13.6,PASS
S3221,Male,26,Engineering,CS101,77.0,67.1,42.9,56.0,34.7,83.1,37,92,21.2,PASS
S3222,Male,19,Engineering,PHY101,81.1,74.3,100.0,76.5,67.0,100.0,46,79,21.2,PASS
S3223,Male,28,Engineering,ENG101,77.8,74.8,61.6,78.5,58.6,84.5,40,100,10.7,PASS
S3224,Male,19,Engineering,CS101,76.9,81.0,68.4,58.1,28.5,82.0,33,65,17.9,PASS
S3225,Male,24,Physics,PHY101,61.0,70.6,76.9,64.8,24.5,81.5,34,91,13.4,PASS
S3226,Female,19,Engineering,CS101,30.7,22.0,45.0,53.6,0.0,56.4,33,54,4.9,FAIL
S3227,Male,27,Physics,CS101,54.5,58.9,50.4,51.3,41.8,58.1,34,99,17.8,FAIL
S3228,Male,25,Computer Science,CS101,52.2,47.4,58.8,68.9,36.8,78.0,42,83,10.0,PASS
S3229,Male,23,Business,BUS101,77.2,78.1,81.8,52.8,57.2,84.4,39,92,19.2,PASS
S3230,Male,24,Mathematics,ENG101,78.8,81.7,73.8,78.5,15.3,86.8,32,90,14.8,PASS
S3231,Male,24,Business,CS101,94.3,100.0,100.0,100.0,46.7,63.0,60,116,15.3,PASS
S3232,Female,23,Business,PHY101,83.7,95.7,78.6,95.2,59.0,71.7,48,79,17.7,PASS
S3233,Male,27,Business,BUS101,87.9,93.2,62.9,64.0,68.1,87.5,57,103,13.1,PASS
S3234,Male,28,Mathematics,CS201,76.1,73.7,62.4,57.8,41.5,81.1,42,98,22.4,PASS
S3235,Male,26,Mathematics,CS101,72.5,64.8,55.1,78.3,47.0,90.8,40,87,17.7,PASS
S3236,Male,26,Computer Science,BUS101,45.4,46.6,46.3,45.1,36.6,76.6,45,72,9.9,PASS
S3237,Male,24,Mathematics,MATH101,49.4,52.7,57.1,42.1,48.2,86.8,47,97,11.9,FAIL
S3238,Female,26,Engineering,CS201,48.0,42.2,61.5,40.3,10.1,85.7,24,59,9.2,FAIL
S3239,Female,27,Computer Science,ENG101,57.9,61.8,62.8,56.7,32.2,83.5,32,55,14.4,PASS
S3240,Female,20,Mathematics,CS101,65.6,63.5,56.5,43.1,21.1,78.6,32,81,10.5,PASS
S3241,Male,20,Engineering,CS101,58.9,53.3,67.8,50.5,40.9,80.9,43,77,9.0,PASS
S3242,Male,18,Mathematics,BUS101,30.5,31.2,32.3,20.2,0.9,73.4,23,66,10.1,FAIL
S3243,Female,22,Computer Science,ENG101,63.3,58.8,46.9,43.6,38.0,91.0,43,73,19.1,PASS
S3244,Female,21,Computer Science,MATH101,72.2,66.4,39.0,76.0,44.7,78.1,48,86,13.0,PASS
S3245,Female,19,Engineering,CS201,50.2,51.6,54.3,55.3,20.4,79.3,50,53,10.2,PASS
S3246,Male,26,Computer Science,PHY101,96.2,98.3,98.9,79.9,69.8,74.9,40,132,18.0,PASS
S3247,Male,20,Mathematics,ENG101,42.1,40.3,45.6,49.8,28.1,68.8,42,55,9.4,FAIL
S3248,Male,25,Computer Science,CS101,89.7,91.1,62.8,70.4,54.4,89.2,45,103,17.4,PASS
S3249,Female,23,Engineering,BUS101,63.9,69.6,60.1,49.8,30.0,83.0,55,81,15.7,PASS
S3250,Female,22,Computer Science,MATH101,59.7,63.8,39.0,26.7,33.4,84.1,46,80,12.9,PASS
S3251,Female,18,Computer Science,BUS101,57.4,53.3,60.3,46.8,23.6,70.0,45,70,8.3,PASS
S3252,Male,21,Mathematics,CS201,71.7,71.9,84.4,56.5,39.3,82.1,36,98,14.5,PASS
S3253,Female,20,Computer Science,ENG101,85.4,81.9,69.7,92.3,51.4,80.6,44,88,18.7,PASS
S3254,Male,18,Business,BUS101,57.9,50.9,65.5,57.7,65.8,95.8,41,76,11.1,PASS
S3255,Male,29,Physics,PHY101,86.2,89.4,84.8,64.4,50.8,70.8,41,78,19.3,PASS
S3256,Male,22,Business,PHY101,72.8,77.8,56.4,63.3,35.2,100.0,47,108,18.7,PASS
S3257,Female,23,Mathematics,BUS101,47.2,44.8,55.2,49.8,12.9,80.9,49,70,12.8,FAIL
S3258,Male,19,Computer Science,CS101,62.1,63.3,32.6,47.4,44.9,51.7,34,72,11.7,FAIL
S3259,Male,20,Computer Science,BUS101,100.0,100.0,84.8,73.5,47.5,85.0,44,100,24.2,PASS
S3260,Female,28,Mathematics,MATH101,79.2,84.3,78.4,58.0,52.1,86.2,39,121,20.0,PASS
S3261,Male,23,Business,ENG101,77.8,74.8,70.3,41.9,63.3,82.8,55,64,17.2,PASS
S3262,Male,21,Business,CS201,65.4,65.0,56.6,49.3,48.3,63.5,38,105,13.5,PASS
S3263,Male,26,Business,PHY101,62.1,58.5,73.7,55.7,26.0,67.0,52,105,17.3,PASS
S3264,Male,22,Engineering,BUS101,71.1,72.3,79.0,67.6,45.5,82.5,48,84,16.5,PASS
S3265,Female,21,Computer Science,MATH101,77.0,77.2,61.3,57.8,61.7,69.2,47,54,19.4,PASS
S3266,Male,19,Mathematics,PHY101,76.8,71.0,85.4,76.2,50.1,91.4,58,84,15.6,PASS
S3267,Male,23,Business,PHY101,84.8,82.6,74.1,60.9,48.4,82.8,39,87,16.4,PASS
S3268,Female,27,Engineering,CS201,63.3,53.0,34.6,63.7,48.7,84.9,25,56,9.4,PASS
S3269,Female,19,Mathematics,PHY101,85.3,80.1,74.5,67.8,57.2,74.6,40,64,22.5,PASS
S3270,Female,29,Engineering,MATH101,62.1,64.2,46.4,56.1,38.9,65.1,37,98,18.2,PASS
S3271,Male,24,Computer Science,PHY101,68.6,69.4,58.0,53.5,49.3,90.9,43,93,13.4,PASS
S3272,Male,20,Mathematics,PHY101,62.9,67.6,28.3,54.1,41.2,78.2,45,64,14.8,PASS
S3273,Female,26,Mathematics,BUS101,70.6,70.8,84.0,70.5,36.8,64.6,44,88,17.6,PASS
S3274,Female,28,Engineering,BUS101,69.1,68.2,83.5,59.2,43.8,72.4,45,63,17.3,PASS
S3275,Female,22,Computer Science,ENG101,25.7,35.0,55.0,27.1,12.3,69.7,27,42,9.7,FAIL
S3276,Female,25,Computer Science,CS101,81.5,79.8,74.4,71.2,62.7,69.7,49,82,15.8,PASS
S3277,Female,28,Business,MATH101,78.3,76.4,81.5,63.4,43.7,55.1,46,77,15.8,PASS
S3278,Male,23,Engineering,CS101,63.2,63.4,58.4,43.5,34.7,63.9,49,76,14.5,PASS
S3279,Male,29,Mathematics,CS101,60.9,57.0,52.3,58.9,46.4,86.0,43,79,13.0,PASS
S3280,Female,27,Physics,PHY101,69.7,71.0,59.3,70.3,39.0,63.5,47,73,21.1,PASS
S3281,Male,25,Mathematics,CS201,24.4,20.8,19.7,22.8,15.8,76.9,48,71,8.2,FAIL
S3282,Male,28,Engineering,CS201,39.6,37.4,62.5,66.7,19.6,74.6,30,84,10.5,FAIL
S3283,Female,29,Mathematics,PHY101,87.5,83.8,91.1,85.5,43.1,78.8,54,71,17.1,PASS
S3284,Female,20,Engineering,MATH101,71.4,62.5,51.3,49.0,39.3,92.9,42,113,12.3,PASS
S3285,Male,20,Computer Science,CS101,66.6,54.5,71.1,45.5,32.6,66.5,38,77,17.5,PASS
S3286,Male,22,Computer Science,ENG101,64.9,57.8,63.8,57.4,71.9,73.2,38,82,9.6,PASS
S3287,Male,28,Engineering,CS101,90.7,96.4,64.1,72.6,51.1,86.4,54,93,19.6,PASS
S3288,Female,27,Physics,CS201,52.6,53.0,48.3,35.7,25.8,71.1,35,82,8.9,FAIL
S3289,Female,20,Computer Science,CS101,58.7,56.3,58.8,36.4,45.6,78.1,24,83,15.2,PASS
S3290,Male,25,Computer Science,BUS101,66.7,61.5,76.6,47.0,49.8,85.7,36,90,18.2,PASS
S3291,Male,27,Physics,BUS101,88.3,94.6,70.1,82.2,42.1,80.2,58,67,20.1,PASS
S3292,Female,29,Computer Science,ENG101,74.6,71.4,86.9,88.7,47.5,97.2,48,117,13.9,PASS
S3293,Male,25,Mathematics,MATH101,75.1,70.9,64.3,44.2,41.9,73.1,25,104,13.3,PASS
S3294,Female,19,Engineering,CS101,62.4,53.0,42.7,38.4,40.9,75.8,33,60,14.1,PASS
S3295,Female,29,Computer Science,BUS101,76.2,65.0,83.3,61.3,42.5,87.1,34,82,13.0,PASS
S3296,Male,21,Physics,MATH101,100.0,100.0,93.0,75.0,35.2,88.0,35,64,17.7,PASS
S3297,Female,27,Computer Science,BUS101,75.4,83.8,60.3,53.5,51.8,68.1,42,62,15.0,PASS
S3298,Male,18,Business,MATH101,63.0,64.4,63.2,43.1,43.2,78.4,49,78,16.1,PASS
S3299,Male,21,Computer Science,MATH101,44.0,45.4,60.4,36.0,11.6,63.3,26,79,18.1,FAIL
S3300,Female,29,Computer Science,BUS101,86.1,95.1,82.4,65.9,63.6,100.0,41,106,18.4,PASS
S3301,Male,28,Computer Science,PHY101,83.7,86.2,75.5,75.9,62.2,99.3,43,72,15.7,PASS
S3302,Female,21,Computer Science,CS201,62.2,62.2,50.4,20.8,51.8,79.7,24,111,17.8,PASS
S3303,Female,27,Computer Science,MATH101,61.8,64.6,57.1,78.4,18.5,75.4,56,91,17.3,PASS
S3304,Male,26,Mathematics,PHY101,80.5,85.0,74.1,73.2,58.4,94.7,51,71,19.5,PASS
S3305,Male,20,Engineering,CS101,84.8,87.3,80.9,64.9,40.7,97.2,47,95,20.9,PASS
S3306,Male,19,Engineering,PHY101,46.8,44.3,45.8,32.5,13.4,78.7,29,67,17.5,FAIL
S3307,Male,26,Engineering,BUS101,55.4,57.4,42.8,38.6,27.1,90.5,26,59,5.9,FAIL
S3308,Male,26,Physics,PHY101,75.6,72.1,69.3,56.3,42.6,86.2,36,80,16.0,PASS
S3309,Male,18,Physics,CS201,85.5,85.3,64.0,56.6,45.1,86.9,54,92,14.4,PASS
S3310,Male,23,Business,BUS101,71.5,73.5,75.9,71.6,57.2,84.2,36,62,17.3,PASS
S3311,Female,27,Mathematics,ENG101,90.3,99.5,63.2,81.5,41.7,81.1,47,91,19.6,PASS
S3312,Female,25,Engineering,CS101,78.6,80.8,52.8,45.5,58.9,91.3,44,96,17.9,PASS
S3313,Female,20,Engineering,ENG101,66.2,66.3,60.8,58.9,34.5,77.5,60,99,13.5,PASS
S3314,Male,28,Business,PHY101,62.0,60.0,42.6,56.0,38.4,81.5,34,88,15.3,FAIL
S3315,Male,26,Business,MATH101,61.1,58.2,51.1,63.7,33.4,75.3,29,74,15.6,PASS
S3316,Female,19,Engineering,PHY101,71.9,70.0,81.0,56.2,33.5,85.9,27,86,14.5,PASS
S3317,Male,23,Engineering,MATH101,97.8,98.0,84.2,72.7,48.7,91.6,44,104,16.4,PASS
S3318,Male,18,Physics,ENG101,49.5,54.1,58.8,49.0,14.0,84.6,54,78,16.9,FAIL
S3319,Female,24,Mathematics,ENG101,62.1,55.7,74.3,53.0,20.4,72.9,43,80,16.8,PASS
S3320,Female,20,Engineering,MATH101,67.2,71.1,64.8,47.7,38.3,74.0,52,82,3.9,PASS
S3321,Female,24,Business,CS201,82.9,80.1,76.9,44.8,66.2,91.7,49,84,14.0,PASS
S3322,Male,21,Computer Science,CS101,65.2,61.7,69.4,72.0,25.7,96.3,37,83,13.5,PASS
S3323,Female,26,Computer Science,BUS101,87.5,90.1,82.8,78.6,54.6,83.4,52,89,20.2,PASS
S3324,Female,22,Engineering,ENG101,57.4,55.5,84.0,36.3,32.7,83.3,30,61,7.6,PASS
S3325,Female,20,Engineering,CS101,64.0,66.4,56.5,47.9,53.9,70.3,44,93,10.8,PASS
S3326,Female,25,Computer Science,BUS101,92.2,94.1,59.7,48.1,61.0,82.7,56,100,18.1,PASS
S3327,Female,23,Mathematics,PHY101,62.3,66.3,51.4,41.9,29.6,79.1,47,72,14.8,FAIL
S3328,Male,19,Engineering,BUS101,71.2,77.8,55.4,66.0,28.4,84.4,40,83,13.6,PASS
S3329,Male,20,Business,ENG101,78.5,69.9,74.2,100.0,24.0,85.9,53,90,17.7,PASS
S3330,Female,25,Computer Science,CS201,65.8,66.8,54.6,54.0,30.3,77.3,31,94,13.2,PASS
S3331,Female,27,Computer Science,CS201,78.3,74.6,74.8,73.2,72.9,68.9,49,84,12.2,PASS
S3332,Female,24,Mathematics,CS101,60.2,62.3,57.6,51.8,29.1,65.1,40,80,14.9,PASS
S3333,Male,27,Business,PHY101,62.7,55.7,38.8,52.0,15.0,91.9,33,103,16.4,PASS
S3334,Male,23,Physics,CS101,74.0,74.3,81.0,63.5,24.6,78.1,33,37,19.0,PASS
S3335,Female,18,Physics,MATH101,63.0,53.6,50.3,68.3,56.8,78.5,38,67,10.7,PASS
S3336,Female,26,Engineering,CS201,51.2,51.5,35.5,50.4,25.4,77.2,36,82,14.3,FAIL
S3337,Female,20,Computer Science,CS101,53.2,53.2,60.3,52.3,36.8,99.1,31,90,14.1,PASS
S3338,Female,22,Mathematics,MATH101,84.8,81.4,81.2,81.2,54.6,82.7,35,76,23.2,PASS
S3339,Female,24,Physics,PHY101,73.8,71.9,77.7,82.0,36.7,92.1,49,73,13.0,PASS
S3340,Female,24,Business,BUS101,66.6,64.8,41.6,40.2,34.3,70.2,48,84,15.3,PASS
S3341,Female,20,Mathematics,CS101,52.1,44.4,36.3,51.0,20.0,70.5,52,51,12.7,FAIL
S3342,Female,21,Mathematics,MATH101,59.3,52.8,68.1,66.3,13.7,82.6,32,77,9.0,PASS
S3343,Female,27,Engineering,CS201,80.7,81.6,76.7,76.0,60.7,90.4,45,88,21.2,PASS
S3344,Male,24,Business,BUS101,58.8,64.2,64.9,66.5,44.9,81.5,45,76,11.1,PASS
S3345,Male,25,Mathematics,CS101,68.4,72.4,64.3,59.1,40.8,80.9,49,70,12.8,PASS
S3346,Female,19,Business,CS201,58.1,47.9,64.4,60.4,35.7,76.6,40,70,13.1,PASS
S3347,Male,26,Computer Science,BUS101,58.6,64.8,61.2,75.6,47.0,90.2,43,53,11.3,PASS
S3348,Male,24,Engineering,ENG101,76.5,83.0,72.8,56.4,18.5,97.9,38,69,18.2,PASS
S3349,Male,25,Computer Science,CS201,77.1,73.3,73.2,60.8,52.5,82.1,44,83,16.6,PASS
S3350,Male,23,Computer Science,ENG101,63.9,60.3,84.9,48.7,50.7,78.7,32,91,8.6,PASS
S3351,Male,23,Physics,PHY101,69.9,67.3,60.4,59.3,64.7,78.2,46,88,10.1,PASS
S3352,Male,26,Computer Science,CS101,71.6,73.3,60.4,66.7,54.1,76.5,50,96,17.2,PASS
S3353,Female,21,Computer Science,MATH101,78.8,77.2,79.3,49.3,66.4,91.3,60,94,14.6,PASS
S3354,Male,28,Engineering,CS101,65.0,66.9,35.1,39.8,36.4,77.8,51,103,14.5,PASS
S3355,Male,28,Business,CS201,86.1,79.6,79.4,77.2,51.9,88.0,32,82,18.9,PASS
S3356,Male,22,Engineering,ENG101,67.8,62.5,83.6,53.0,31.0,84.4,32,91,11.8,PASS
S3357,Female,26,Computer Science,ENG101,87.6,83.3,83.9,92.8,45.3,54.8,58,98,14.2,PASS
S3358,Male,18,Computer Science,BUS101,54.7,50.6,56.5,48.9,44.2,70.1,41,78,15.1,PASS
S3359,Female,21,Computer Science,CS101,66.8,68.9,78.0,57.4,45.3,80.9,41,75,13.8,PASS
S3360,Female,24,Engineering,CS101,60.3,61.5,52.1,38.7,42.5,85.4,38,69,17.6,PASS
S3361,Female,28,Computer Science,CS201,55.3,58.6,40.7,46.4,14.8,92.1,29,71,15.2,FAIL
S3362,Male,26,Physics,ENG101,71.9,77.3,74.8,62.9,49.1,81.7,26,66,16.8,PASS
S3363,Female,28,Engineering,CS201,43.0,45.0,49.9,37.1,42.3,58.1,25,53,17.2,FAIL
S3364,Male,29,Computer Science,CS201,70.8,61.9,72.1,53.6,47.9,86.7,40,85,13.9,PASS
S3365,Female,27,Business,PHY101,82.5,80.4,97.8,73.0,38.0,83.6,46,91,16.0,PASS
S3366,Female,23,Engineering,ENG101,72.1,70.7,63.0,74.1,42.8,100.0,39,84,17.7,PASS
S3367,Male,29,Business,CS201,58.2,59.5,37.0,32.3,52.0,89.7,27,57,13.6,PASS
S3368,Male,25,Computer Science,ENG101,51.0,46.3,64.7,83.9,34.4,62.5,31,53,10.5,PASS
S3369,Male,26,Business,CS201,95.7,100.0,91.9,84.6,72.7,82.1,50,89,17.4,PASS
S3370,Female,27,Mathematics,MATH101,63.7,61.7,81.0,60.6,61.3,93.9,41,111,10.6,PASS
S3371,Male,21,Physics,CS201,57.4,55.8,59.1,70.2,32.3,78.3,34,64,13.9,PASS
S3372,Female,18,Computer Science,CS201,41.3,40.3,34.8,11.5,12.1,78.2,29,81,13.3,FAIL
S3373,Male,25,Engineering,MATH101,91.7,89.1,65.0,51.4,49.1,84.9,54,89,18.5,PASS
S3374,Female,19,Engineering,CS101,54.2,45.5,68.2,23.3,55.7,94.3,38,59,15.5,PASS
S3375,Female,28,Physics,ENG101,77.4,83.6,43.2,46.1,56.5,84.7,40,88,16.4,PASS
S3376,Female,18,Physics,BUS101,100.0,96.8,95.0,88.1,63.0,98.1,53,88,19.1,PASS
S3377,Female,24,Computer Science,MATH101,71.3,74.5,49.3,49.0,55.8,67.0,25,88,16.7,PASS
S3378,Male,29,Computer Science,CS101,75.3,73.2,66.4,52.5,39.9,70.4,40,89,15.6,PASS
S3379,Male,27,Engineering,CS201,56.3,53.2,57.5,47.7,30.0,97.6,36,49,13.3,PASS
S3380,Female,26,Computer Science,PHY101,86.7,80.4,61.9,61.3,43.6,74.5,46,101,17.7,PASS
S3381,Male,28,Engineering,CS101,61.1,52.2,62.2,58.3,62.8,84.5,31,66,10.2,PASS
S3382,Male,29,Computer Science,MATH101,61.4,59.2,72.9,55.6,39.2,87.7,44,84,15.0,PASS
S3383,Male,29,Business,PHY101,50.7,48.3,31.4,23.2,29.3,78.1,25,77,9.2,FAIL
S3384,Male,26,Physics,CS201,74.9,82.1,68.4,60.0,47.7,92.3,29,106,15.1,PASS
S3385,Male,20,Physics,CS101,83.7,84.0,63.3,64.3,49.2,66.8,44,91,23.8,PASS
S3386,Female,23,Engineering,BUS101,100.0,100.0,93.1,100.0,49.8,100.0,45,104,23.3,PASS
S3387,Male,24,Business,ENG101,78.3,70.8,74.7,47.9,60.0,59.8,33,70,14.6,PASS
S3388,Female,27,Mathematics,ENG101,78.1,78.3,63.0,60.5,26.7,92.0,47,108,13.8,PASS
S3389,Male,26,Computer Science,MATH101,80.7,83.5,85.4,39.4,51.0,100.0,44,97,16.0,PASS
S3390,Female,19,Business,CS201,57.6,58.2,79.8,77.3,42.2,89.9,45,70,14.3,PASS
S3391,Male,25,Engineering,CS201,43.8,44.5,58.4,45.9,8.0,74.0,36,88,6.2,FAIL
S3392,Female,24,Computer Science,ENG101,61.3,60.0,74.9,77.5,42.4,76.1,37,91,13.0,PASS
S3393,Female,21,Engineering,CS101,49.7,43.7,44.5,65.3,24.5,74.7,26,70,16.0,FAIL
S3394,Male,19,Computer Science,CS201,71.8,65.0,70.9,69.4,23.5,70.8,32,58,14.9,PASS
S3395,Female,25,Business,BUS101,56.2,59.7,72.3,52.8,36.0,75.0,34,80,10.5,PASS
S3396,Female,28,Computer Science,BUS101,59.1,55.8,54.1,34.7,46.6,63.1,34,75,10.2,PASS
S3397,Female,22,Engineering,CS201,60.1,58.0,62.3,53.2,73.4,69.4,44,107,10.3,PASS
S3398,Female,23,Computer Science,CS201,62.1,58.8,52.9,45.4,32.6,87.6,45,87,18.1,PASS
S3399,Male,28,Mathematics,ENG101,71.5,67.1,60.0,45.7,48.9,89.5,29,68,16.4,PASS
S3400,Female,24,Engineering,MATH101,81.7,74.3,72.5,40.5,60.2,88.6,35,105,17.0,PASS
S3401,Male,27,Business,ENG101,70.3,78.0,67.5,56.3,43.8,82.8,27,71,18.1,PASS
S3402,Male,18,Business,MATH101,88.2,78.0,76.7,58.1,61.7,69.0,41,93,20.6,PASS
S3403,Female,25,Engineering,BUS101,63.5,67.0,64.7,45.1,33.0,75.2,48,81,14.3,PASS
S3404,Male,21,Computer Science,MATH101,85.9,91.4,74.7,51.9,49.4,85.0,49,80,19.5,PASS
S3405,Female,26,Business,ENG101,72.4,73.1,51.7,67.4,28.4,65.9,43,58,12.1,PASS
S3406,Female,18,Computer Science,CS201,77.2,76.3,93.6,64.7,41.8,69.2,42,97,16.3,PASS
S3407,Female,28,Computer Science,MATH101,85.6,86.7,60.5,59.2,31.6,95.3,40,95,17.5,PASS
S3408,Female,19,Business,ENG101,49.2,47.2,54.0,50.5,10.9,78.0,42,67,8.2,PASS
S3409,Male,23,Computer Science,BUS101,97.5,100.0,81.2,74.4,69.1,77.7,54,81,18.4,PASS
S3410,Male,28,Engineering,PHY101,79.9,85.5,74.9,85.9,32.4,97.6,52,107,22.9,PASS
S3411,Male,27,Engineering,MATH101,64.5,67.2,32.9,28.6,49.9,89.2,32,70,16.0,PASS
S3412,Male,28,Engineering,BUS101,67.6,59.4,59.4,61.4,38.7,79.0,38,71,14.8,PASS
S3413,Male,18,Business,BUS101,52.9,56.3,55.9,59.1,29.9,63.2,26,66,9.7,PASS
S3414,Male,21,Business,CS101,55.7,62.1,76.0,51.6,24.5,92.7,30,81,18.6,PASS
S3415,Female,25,Business,PHY101,85.4,88.4,80.0,97.8,50.8,100.0,40,89,20.8,PASS
S3416,Female,27,Business,MATH101,41.3,46.3,43.4,66.8,43.3,84.1,36,104,13.2,FAIL
S3417,Male,22,Computer Science,ENG101,49.9,46.3,55.7,38.1,21.3,86.1,38,92,11.2,PASS
S3418,Female,26,Engineering,MATH101,73.5,71.2,65.8,63.8,40.0,81.5,51,62,9.3,PASS
S3419,Male,28,Engineering,MATH101,88.2,94.8,71.3,85.7,62.4,87.5,29,96,22.3,PASS
S3420,Male,28,Engineering,PHY101,79.9,83.2,80.7,70.0,34.1,97.6,42,106,21.1,PASS
S3421,Female,23,Physics,BUS101,88.6,87.4,100.0,81.6,38.2,89.1,60,97,18.3,PASS
S3422,Female,18,Mathematics,BUS101,100.0,98.6,86.0,100.0,59.4,81.7,55,82,16.1,PASS
S3423,Female,23,Computer Science,BUS101,56.5,56.6,52.1,63.0,48.3,67.7,35,89,14.6,FAIL
S3424,Male,23,Computer Science,BUS101,71.5,70.0,68.2,81.7,41.8,92.4,48,85,15.1,PASS
S3425,Female,23,Computer Science,PHY101,41.7,41.7,56.4,43.1,21.7,93.6,26,64,16.0,FAIL
S3426,Female,25,Computer Science,ENG101,65.2,80.9,65.3,50.1,38.7,84.9,31,84,14.7,PASS
S3427,Female,23,Computer Science,CS201,90.8,87.2,70.9,74.7,53.4,100.0,47,97,18.2,PASS
S3428,Female,22,Engineering,CS101,65.2,56.2,67.1,71.0,31.3,59.9,42,67,13.4,PASS
S3429,Female,28,Mathematics,BUS101,87.9,84.6,60.8,70.7,63.9,74.0,52,70,17.2,PASS
S3430,Female,19,Business,BUS101,73.2,76.0,50.7,40.2,46.6,76.8,48,119,12.7,PASS
S3431,Female,21,Computer Science,CS101,67.8,70.9,47.9,44.7,34.6,60.5,34,74,18.3,PASS
S3432,Female,27,Engineering,BUS101,74.7,69.3,73.5,64.4,45.6,80.2,45,84,12.4,PASS
S3433,Female,22,Engineering,CS201,93.0,91.1,86.5,50.9,51.9,99.7,56,101,18.6,PASS
S3434,Male,27,Mathematics,MATH101,35.4,39.7,52.3,48.1,4.2,50.3,37,75,11.3,FAIL
S3435,Female,21,Mathematics,CS101,62.0,61.4,50.5,30.2,63.2,87.8,44,76,9.5,PASS
S3436,Male,19,Physics,ENG101,57.4,52.2,65.8,45.3,36.0,64.9,41,79,11.9,PASS
S3437,Male,24,Engineering,CS101,86.6,82.5,79.0,82.3,40.0,77.8,50,101,18.5,PASS
S3438,Female,27,Business,CS201,75.4,82.4,78.0,70.7,31.5,81.3,42,79,16.1,PASS
S3439,Female,27,Computer Science,PHY101,68.2,66.0,57.1,64.3,23.1,79.9,55,71,15.2,PASS
S3440,Female,19,Business,ENG101,39.1,39.4,53.9,51.4,14.6,81.8,38,60,6.7,FAIL
S3441,Male,18,Computer Science,MATH101,42.7,34.7,49.6,63.9,11.4,70.9,30,102,7.7,PASS
S3442,Female,22,Engineering,BUS101,66.7,65.5,60.9,72.7,37.4,86.9,26,92,16.9,PASS
S3443,Male,29,Business,CS101,53.9,68.0,51.6,77.4,52.0,86.8,54,65,16.0,PASS
S3444,Female,18,Computer Science,ENG101,54.2,63.2,59.2,45.6,24.1,77.5,30,81,16.6,FAIL
S3445,Female,18,Computer Science,CS101,84.5,85.7,67.1,67.5,89.9,100.0,34,92,17.5,PASS
S3446,Female,18,Computer Science,MATH101,56.3,64.4,64.5,31.2,41.7,70.7,45,90,15.3,PASS
S3447,Female,23,Computer Science,CS101,72.7,75.8,30.7,64.7,70.0,73.7,42,115,11.3,PASS
S3448,Female,26,Computer Science,ENG101,97.2,100.0,75.8,80.4,42.8,81.3,54,91,15.7,PASS
S3449,Female,27,Computer Science,CS201,52.8,56.2,46.8,43.7,23.3,98.1,26,69,11.8,PASS
S3450,Male,28,Computer Science,PHY101,69.2,75.9,76.0,56.4,33.7,89.2,47,85,15.1,PASS
S3451,Male,29,Computer Science,ENG101,58.4,47.8,79.2,65.2,34.1,89.5,49,73,12.4,PASS
S3452,Female,18,Physics,CS101,65.6,67.5,61.4,59.8,47.5,86.6,39,72,13.9,PASS
S3453,Female,22,Engineering,MATH101,90.1,87.0,66.2,60.5,35.8,86.1,42,112,14.8,PASS
S3454,Male,26,Computer Science,BUS101,62.2,65.0,75.3,58.5,47.7,80.2,32,65,12.5,PASS
S3455,Female,26,Engineering,BUS101,48.0,50.6,30.5,41.3,20.4,64.5,41,68,8.1,FAIL
S3456,Male,18,Mathematics,MATH101,49.3,56.2,52.9,52.6,51.5,95.6,44,101,15.8,FAIL
S3457,Male,25,Business,CS101,68.4,73.6,68.2,60.2,45.3,79.5,38,67,12.1,PASS
S3458,Female,18,Computer Science,PHY101,45.8,38.7,51.8,16.3,42.5,65.1,29,66,13.9,FAIL
S3459,Female,25,Business,MATH101,69.2,59.9,68.1,68.5,36.0,66.1,41,86,15.2,PASS
S3460,Female,18,Business,CS101,64.3,63.3,47.6,54.7,45.2,96.5,37,74,16.2,PASS
S3461,Male,29,Business,ENG101,43.6,47.4,54.1,50.9,20.5,83.6,22,67,11.7,FAIL
S3462,Male,22,Business,PHY101,100.0,100.0,94.0,80.8,67.3,95.0,35,68,18.5,PASS
S3463,Female,25,Mathematics,CS201,77.4,77.7,60.0,48.0,49.3,64.5,41,93,15.3,PASS
S3464,Female,23,Mathematics,CS101,69.5,72.6,64.8,50.0,60.1,84.8,35,95,18.3,PASS
S3465,Male,26,Business,BUS101,81.1,85.2,68.6,66.3,59.9,81.7,50,81,14.9,PASS
S3466,Female,18,Engineering,BUS101,81.6,81.9,73.8,58.7,54.6,79.4,37,99,16.4,PASS
S3467,Male,26,Business,PHY101,87.1,90.2,74.6,65.6,54.6,100.0,26,89,23.1,PASS
S3468,Female,18,Mathematics,CS201,62.6,66.1,52.5,48.4,38.5,65.4,36,104,13.5,PASS
S3469,Female,27,Computer Science,CS101,84.2,84.0,80.2,76.4,32.6,70.8,51,58,17.7,PASS
S3470,Male,27,Physics,CS201,86.0,93.4,69.3,46.9,38.0,69.2,60,89,12.7,PASS
S3471,Male,20,Computer Science,ENG101,60.1,54.1,54.8,69.2,25.2,68.9,54,102,13.3,PASS
S3472,Female,18,Engineering,CS201,71.8,80.1,66.7,57.1,63.0,67.6,37,95,15.4,PASS
S3473,Female,20,Mathematics,ENG101,100.0,100.0,72.7,85.9,53.6,99.1,42,85,19.1,PASS
S3474,Female,29,Computer Science,BUS101,68.2,79.0,61.7,90.1,35.5,71.4,41,71,16.6,PASS
S3475,Female,28,Engineering,ENG101,65.3,57.7,64.8,68.2,46.5,81.6,43,69,14.4,PASS
S3476,Female,19,Computer Science,CS101,88.8,87.0,69.4,43.2,42.2,80.2,42,110,16.1,PASS
S3477,Female,19,Engineering,PHY101,88.4,90.8,84.1,53.1,70.0,96.4,42,122,16.8,PASS
S3478,Female,26,Computer Science,PHY101,62.5,63.8,49.3,60.0,6.8,86.0,48,73,15.7,FAIL
S3479,Male,25,Engineering,CS101,75.1,72.9,61.3,53.5,59.9,83.0,34,104,12.3,PASS
S3480,Male,18,Engineering,CS101,86.9,88.4,77.0,86.2,74.4,100.0,46,103,17.2,PASS
S3481,Male,29,Physics,CS101,74.9,81.1,70.6,52.4,49.1,76.8,51,89,16.5,PASS
S3482,Female,21,Physics,MATH101,61.2,61.9,55.0,59.5,28.4,74.8,47,71,18.2,FAIL
S3483,Male,18,Computer Science,ENG101,67.5,60.7,76.5,61.5,51.9,81.8,48,80,19.8,PASS
S3484,Female,18,Business,CS101,74.0,84.3,59.3,56.5,35.5,88.6,60,100,17.6,PASS
S3485,Female,29,Computer Science,PHY101,77.1,72.3,63.3,73.5,71.6,64.0,47,78,16.3,PASS
S3486,Female,29,Computer Science,CS201,83.5,77.4,81.7,36.8,56.9,96.5,44,104,21.1,PASS
S3487,Male,21,Computer Science,CS201,81.2,77.6,80.6,66.4,37.7,78.2,36,81,20.1,PASS
S3488,Male,19,Physics,MATH101,60.4,57.3,64.8,62.6,46.2,84.7,33,73,15.2,PASS
S3489,Male,20,Physics,ENG101,77.7,79.1,78.1,48.9,34.2,75.6,26,90,19.1,PASS
S3490,Male,28,Computer Science,ENG101,39.1,52.1,36.0,42.0,14.0,85.1,34,49,9.7,FAIL
S3491,Male,26,Computer Science,ENG101,65.5,61.0,66.4,56.3,48.6,89.9,42,78,10.6,PASS
S3492,Female,19,Computer Science,PHY101,83.6,89.1,82.2,61.6,41.7,95.5,43,105,20.0,PASS
S3493,Female,21,Engineering,PHY101,69.3,79.0,53.5,61.0,43.1,85.2,33,72,14.6,PASS
S3494,Female,18,Business,MATH101,73.5,71.4,59.1,77.8,51.1,80.2,42,99,16.2,PASS
S3495,Female,19,Computer Science,ENG101,95.1,94.6,93.5,83.3,49.0,71.5,47,85,19.7,PASS
S3496,Male,22,Mathematics,ENG101,39.7,41.2,34.7,27.9,17.3,72.5,26,93,13.8,FAIL
S3497,Female,27,Engineering,CS101,55.7,53.4,58.7,48.7,54.0,88.2,37,133,11.4,PASS
S3498,Female,18,Physics,ENG101,78.3,69.2,81.5,65.4,55.2,91.5,51,66,12.4,PASS
S3499,Male,28,Business,PHY101,94.9,100.0,70.4,82.6,56.8,81.1,45,82,20.0,PASS
S3500,Female,24,Engineering,CS101,93.5,94.3,67.2,68.5,55.1,100.0,43,109,22.6,PASS
S3501,Male,21,Mathematics,CS101,63.1,60.3,62.4,67.0,23.6,89.5,36,82,10.3,PASS
S3502,Female,23,Mathematics,ENG101,60.2,59.9,42.1,52.4,41.8,70.5,35,68,14.6,PASS
S3503,Female,25,Computer Science,CS201,53.2,51.6,54.5,54.9,33.3,70.1,40,65,13.8,FAIL
S3504,Male,23,Engineering,BUS101,83.2,86.1,97.2,54.4,60.9,74.6,48,86,22.9,PASS
S3505,Female,19,Physics,PHY101,58.2,53.7,43.1,57.0,9.7,76.1,41,74,15.3,FAIL
S3506,Female,18,Computer Science,CS201,94.0,92.1,70.6,95.4,54.0,100.0,48,90,15.8,PASS
S3507,Female,25,Computer Science,ENG101,64.5,65.2,58.6,80.4,37.6,83.9,41,71,15.9,PASS
S3508,Male,25,Engineering,ENG101,48.6,38.7,47.6,39.6,33.2,91.1,21,46,12.7,FAIL
S3509,Female,26,Mathematics,CS201,63.5,62.3,48.1,32.5,40.9,94.9,31,81,15.6,PASS
S3510,Male,23,Mathematics,ENG101,52.6,49.2,63.8,49.2,37.9,89.5,36,85,7.9,PASS
S3511,Male,29,Physics,PHY101,58.7,61.7,56.1,49.1,32.9,94.5,38,81,10.3,PASS
S3512,Male,18,Engineering,CS101,66.3,67.6,67.5,44.3,24.8,79.9,47,96,11.8,PASS
S3513,Female,26,Computer Science,MATH101,69.3,75.6,81.9,89.5,24.1,82.5,37,88,20.9,PASS
S3514,Female,29,Business,ENG101,76.0,66.0,45.8,96.1,44.9,69.0,28,84,16.5,PASS
S3515,Female,20,Mathematics,ENG101,66.5,63.4,47.0,29.6,75.9,85.9,44,84,12.2,PASS
S3516,Female,28,Computer Science,CS201,59.8,60.8,41.2,38.4,42.9,80.3,23,75,14.7,PASS
S3517,Male,23,Computer Science,CS101,67.4,73.9,35.8,42.1,70.9,100.0,37,72,15.8,PASS
S3518,Male,27,Computer Science,CS201,48.7,43.2,44.6,29.6,37.6,71.0,21,45,13.6,FAIL
S3519,Male,27,Business,PHY101,56.1,52.1,64.2,70.3,21.0,66.5,52,85,10.1,PASS
S3520,Male,28,Mathematics,CS201,91.3,97.9,91.6,74.2,53.3,72.9,38,88,19.4,PASS
S3521,Male,29,Business,ENG101,72.7,84.2,67.3,68.0,74.0,95.7,42,62,14.7,PASS
S3522,Male,26,Physics,CS101,76.4,84.9,40.8,77.4,55.1,84.7,41,93,14.3,PASS
S3523,Male,28,Computer Science,PHY101,63.0,71.6,58.4,64.4,46.8,75.9,25,43,18.3,PASS
S3524,Male,20,Physics,ENG101,51.1,53.2,42.1,34.8,22.3,77.7,47,75,16.7,FAIL
S3525,Male,22,Mathematics,PHY101,94.3,95.0,91.2,83.8,56.7,75.6,54,108,20.0,PASS
S3526,Male,22,Engineering,ENG101,48.2,57.7,33.6,54.7,16.1,61.4,31,86,10.6,FAIL
S3527,Female,27,Physics,ENG101,60.5,58.9,70.4,58.0,31.1,95.5,28,54,14.4,PASS
S3528,Female,24,Computer Science,ENG101,69.5,64.4,65.0,43.5,43.6,82.8,32,80,5.0,PASS
S3529,Female,21,Mathematics,MATH101,83.9,85.3,76.2,82.9,42.9,89.3,31,92,22.1,PASS
S3530,Male,28,Mathematics,BUS101,56.6,54.8,39.5,51.4,45.4,77.1,35,74,18.2,PASS
S3531,Male,21,Mathematics,CS101,98.7,94.8,92.4,83.1,52.3,83.3,52,125,24.4,PASS
S3532,Female,24,Business,MATH101,69.8,74.1,47.5,45.8,45.7,74.6,51,107,12.9,PASS
S3533,Male,26,Computer Science,BUS101,57.1,55.8,70.1,67.3,46.1,66.8,44,77,13.5,PASS
S3534,Male,28,Engineering,PHY101,68.1,69.1,66.6,57.9,65.8,91.8,47,101,19.0,PASS
S3535,Male,21,Engineering,BUS101,98.8,100.0,92.3,89.5,63.7,94.4,53,90,15.5,PASS
S3536,Male,21,Mathematics,BUS101,46.3,37.5,63.9,34.5,15.5,68.5,36,79,12.6,FAIL
S3537,Male,23,Mathematics,MATH101,54.7,60.9,58.8,56.6,32.6,83.8,35,73,11.8,PASS
S3538,Male,23,Physics,CS101,46.6,58.1,55.7,60.9,51.5,65.9,40,96,5.6,PASS
S3539,Female,24,Computer Science,CS201,35.6,42.0,42.8,49.0,32.8,80.9,26,81,11.9,PASS
S3540,Male,18,Mathematics,BUS101,97.3,79.3,77.5,71.7,60.7,80.8,49,106,20.2,PASS
S3541,Male,28,Physics,CS201,81.9,83.0,70.0,66.3,56.0,86.1,46,103,17.5,PASS
S3542,Female,20,Mathematics,CS201,60.0,50.7,48.0,36.9,39.3,71.2,44,62,10.6,FAIL
S3543,Male,26,Computer Science,ENG101,84.0,90.0,75.6,76.5,35.1,100.0,41,82,21.1,PASS
S3544,Male,23,Computer Science,CS201,61.5,67.5,60.9,66.9,39.4,92.9,52,75,15.4,PASS
S3545,Female,23,Computer Science,PHY101,64.1,66.0,53.2,59.0,30.1,86.5,60,98,16.0,PASS
S3546,Male,22,Business,PHY101,75.3,62.1,79.3,64.8,38.6,81.9,30,86,19.2,PASS
S3547,Male,28,Business,ENG101,63.4,63.5,42.2,60.0,34.6,74.3,43,79,16.3,FAIL
S3548,Male,20,Physics,CS101,49.0,43.4,46.5,49.9,4.4,76.8,45,65,10.4,FAIL
S3549,Male,28,Engineering,CS101,85.6,86.3,63.6,64.9,49.4,78.7,41,90,19.4,PASS
S3550,Female,22,Engineering,PHY101,73.5,73.4,66.4,67.8,23.9,90.9,47,65,16.3,PASS
S3551,Female,18,Business,ENG101,88.5,93.7,71.6,86.4,63.1,84.6,42,109,18.5,PASS
S3552,Male,20,Mathematics,CS101,68.4,67.6,46.0,58.2,16.4,81.5,36,90,17.1,FAIL
S3553,Female,21,Physics,BUS101,89.2,97.6,81.9,63.8,32.7,89.2,46,95,15.3,PASS
S3554,Male,22,Mathematics,CS101,61.9,63.8,67.4,48.7,14.5,94.1,30,75,6.7,PASS
S3555,Male,27,Engineering,ENG101,77.2,74.6,78.1,62.7,50.1,82.7,41,77,15.6,PASS
S3556,Female,26,Business,PHY101,88.0,87.6,85.1,96.5,52.8,100.0,38,100,13.3,PASS
S3557,Male,21,Mathematics,BUS101,97.4,100.0,85.1,91.9,78.9,97.9,49,82,18.4,PASS
S3558,Male,20,Engineering,CS201,68.9,76.0,63.5,72.2,46.5,89.3,41,73,10.3,PASS
S3559,Male,27,Computer Science,CS201,75.8,62.4,73.8,79.1,24.3,76.6,44,91,16.6,PASS
S3560,Male,18,Computer Science,CS201,66.7,60.7,75.9,51.3,29.9,68.1,44,77,14.7,PASS
S3561,Male,27,Computer Science,PHY101,41.8,38.7,52.7,63.6,27.4,73.5,35,30,11.0,PASS
S3562,Female,23,Business,ENG101,100.0,100.0,100.0,93.6,64.0,79.4,57,106,21.7,PASS
S3563,Male,24,Computer Science,CS201,54.3,60.6,74.9,51.4,11.1,58.4,32,73,16.5,PASS
S3564,Male,27,Computer Science,CS101,88.5,93.5,79.2,54.8,63.9,81.9,54,74,16.5,PASS
S3565,Male,25,Computer Science,CS201,80.6,86.3,63.7,49.9,38.0,68.0,47,86,17.7,PASS
S3566,Female,29,Business,MATH101,71.3,79.8,64.2,66.7,32.6,91.1,40,97,16.4,PASS
S3567,Female,18,Engineering,PHY101,66.4,69.2,64.8,52.6,52.7,68.6,36,95,10.6,PASS
S3568,Female,29,Business,MATH101,65.2,70.7,63.5,62.5,39.3,63.1,27,83,17.5,PASS
S3569,Female,21,Computer Science,CS201,49.3,51.4,58.4,50.1,33.6,69.3,26,72,9.6,FAIL
S3570,Female,28,Computer Science,CS201,79.0,84.3,78.3,47.6,53.8,89.6,57,90,14.6,PASS
S3571,Male,22,Engineering,MATH101,47.2,44.8,42.3,69.4,9.6,69.8,25,76,11.1,FAIL
S3572,Female,19,Engineering,PHY101,77.5,73.1,77.6,54.8,49.5,91.4,38,98,13.5,PASS
S3573,Female,18,Computer Science,PHY101,67.2,63.9,71.5,49.7,63.4,86.5,38,93,12.5,PASS
S3574,Female,25,Computer Science,CS201,46.6,45.3,50.9,50.3,25.5,77.2,34,91,13.4,FAIL
S3575,Female,23,Mathematics,PHY101,46.9,50.9,39.4,49.0,32.6,67.8,31,102,8.5,FAIL
S3576,Male,22,Business,BUS101,83.4,91.6,61.4,39.8,80.5,89.3,50,132,20.3,PASS
S3577,Male,26,Computer Science,PHY101,71.2,68.2,53.4,68.9,61.3,57.3,43,85,12.8,PASS
S3578,Male,28,Computer Science,MATH101,55.4,68.0,51.7,62.8,28.0,75.5,41,71,15.7,PASS
S3579,Female,28,Physics,ENG101,60.9,59.8,76.8,91.3,42.4,90.0,49,84,15.4,PASS
S3580,Male,19,Business,MATH101,83.2,83.3,71.8,67.0,59.0,78.7,47,93,14.3,PASS
S3581,Male,27,Engineering,CS101,62.8,64.2,72.8,59.4,63.5,82.1,37,81,11.5,PASS
S3582,Female,29,Business,BUS101,51.8,48.6,58.7,39.7,20.1,57.3,18,71,14.5,FAIL
S3583,Male,25,Mathematics,ENG101,55.6,53.1,54.1,37.3,70.2,84.1,55,93,16.5,PASS
S3584,Female,28,Mathematics,CS201,41.7,40.2,38.1,43.8,28.5,69.5,46,89,11.4,FAIL
S3585,Male,27,Engineering,CS101,66.5,60.6,65.9,42.3,36.2,76.8,50,93,18.4,PASS
S3586,Male,26,Engineering,CS101,74.0,69.9,66.4,75.5,51.9,78.8,44,94,19.7,PASS
S3587,Male,18,Computer Science,BUS101,56.7,56.3,49.1,42.8,29.7,79.9,36,74,10.9,PASS
S3588,Female,24,Physics,ENG101,62.7,60.7,51.1,69.1,33.6,74.4,39,92,18.3,PASS
S3589,Male,25,Business,CS101,80.7,77.4,73.4,63.0,41.6,85.4,47,96,19.1,PASS
S3590,Male,20,Computer Science,ENG101,90.0,95.1,49.3,69.6,47.5,74.6,54,107,16.0,PASS
S3591,Female,21,Physics,ENG101,40.2,31.5,52.4,33.5,3.9,67.8,26,73,9.3,FAIL
S3592,Male,20,Physics,PHY101,100.0,100.0,93.1,90.0,40.4,92.9,47,97,23.4,PASS
S3593,Female,24,Physics,CS101,98.5,99.3,82.9,72.8,49.5,87.8,47,102,24.3,PASS
S3594,Female,26,Mathematics,ENG101,51.7,53.2,45.6,30.8,34.3,79.0,40,97,12.2,FAIL
S3595,Male,20,Physics,BUS101,60.3,54.2,51.7,64.6,27.5,84.2,46,67,21.1,PASS
S3596,Female,23,Computer Science,CS101,78.6,75.9,64.1,73.3,72.6,89.7,54,94,21.4,PASS
S3597,Male,25,Mathematics,BUS101,70.3,72.2,69.1,55.2,49.8,87.8,43,77,17.6,PASS
S3598,Female,23,Mathematics,BUS101,48.7,46.0,53.3,61.3,21.2,54.4,49,74,14.1,FAIL
S3599,Male,19,Computer Science,ENG101,68.0,60.4,46.8,43.8,62.5,68.7,41,63,17.0,PASS
S3600,Female,24,Computer Science,ENG101,71.2,69.9,53.2,43.3,40.1,99.5,55,119,11.1,PASS
S3601,Male,19,Physics,PHY101,74.4,73.5,78.2,64.9,42.0,92.1,50,85,14.4,PASS
S3602,Female,19,Computer Science,PHY101,60.1,63.7,80.4,72.6,43.7,74.1,35,68,13.9,PASS
S3603,Male,19,Mathematics,CS101,100.0,100.0,93.4,100.0,59.1,95.9,60,124,18.9,PASS
S3604,Male,28,Computer Science,PHY101,26.4,27.1,53.7,59.4,17.0,62.0,17,57,10.9,FAIL
S3605,Male,18,Computer Science,CS201,65.6,67.8,42.5,34.2,47.5,86.2,52,85,15.4,PASS
S3606,Male,28,Engineering,CS101,49.1,54.4,66.7,33.7,15.8,65.1,33,66,14.2,FAIL
S3607,Female,18,Computer Science,BUS101,77.4,76.4,73.0,59.7,45.1,87.1,29,62,16.1,PASS
S3608,Male,24,Business,PHY101,85.0,87.7,67.6,54.4,39.7,83.6,60,94,21.8,PASS
S3609,Female,29,Business,PHY101,44.4,37.3,68.7,87.6,30.8,80.8,36,78,12.4,PASS
S3610,Female,22,Computer Science,PHY101,88.4,85.6,84.7,78.5,36.1,100.0,45,118,17.7,PASS
S3611,Female,28,Computer Science,ENG101,54.5,63.1,45.6,46.3,51.6,77.1,35,87,15.3,PASS
S3612,Male,20,Engineering,BUS101,56.8,61.9,63.6,46.5,27.0,58.2,46,79,15.9,FAIL
S3613,Male,18,Computer Science,PHY101,44.9,49.1,48.8,49.2,22.9,75.5,34,65,12.1,FAIL
S3614,Female,28,Mathematics,MATH101,66.7,62.3,56.1,33.1,38.7,79.1,57,92,10.6,PASS
S3615,Male,27,Engineering,MATH101,73.3,65.7,69.1,67.5,32.4,58.2,39,110,19.0,PASS
S3616,Male,23,Computer Science,BUS101,92.7,88.0,57.4,84.7,58.4,80.1,39,80,14.2,PASS
S3617,Female,28,Engineering,PHY101,100.0,100.0,100.0,58.0,73.3,97.3,53,68,16.1,PASS
S3618,Female,18,Computer Science,CS201,100.0,100.0,92.0,81.9,56.0,100.0,53,123,20.4,PASS
S3619,Female,26,Computer Science,CS201,47.4,55.3,31.4,53.1,23.3,84.7,26,58,10.9,FAIL
S3620,Male,19,Computer Science,CS101,75.6,69.5,77.8,66.9,53.1,99.0,32,63,16.7,PASS
S3621,Female,18,Mathematics,CS101,73.5,70.6,75.1,74.0,51.1,79.2,35,86,20.5,PASS
S3622,Male,29,Physics,PHY101,100.0,100.0,52.4,53.9,61.5,80.2,47,89,21.4,PASS
S3623,Male,24,Mathematics,CS101,100.0,92.1,74.2,81.5,74.6,74.4,44,74,17.9,PASS
S3624,Female,23,Engineering,ENG101,73.1,74.2,68.1,68.2,48.8,81.9,53,89,18.7,PASS
S3625,Male,23,Computer Science,CS201,57.1,47.5,55.0,40.5,55.5,71.1,35,79,9.5,PASS
S3626,Male,22,Engineering,BUS101,100.0,98.3,83.1,83.8,56.4,81.4,60,108,18.2,PASS
S3627,Male,28,Business,PHY101,77.2,87.0,71.1,71.0,32.6,66.7,26,102,16.6,PASS
S3628,Female,21,Physics,PHY101,64.8,67.5,62.9,49.7,55.5,75.6,43,85,13.1,PASS
S3629,Female,28,Computer Science,MATH101,55.5,62.1,55.4,55.9,12.1,68.4,39,90,15.5,FAIL
S3630,Female,21,Computer Science,CS201,72.2,74.9,58.4,62.6,33.2,74.4,52,65,16.1,PASS
S3631,Female,20,Business,CS201,83.5,86.2,70.3,68.1,38.3,100.0,45,60,18.5,PASS
S3632,Male,27,Mathematics,CS201,85.1,76.9,67.0,65.4,51.8,85.3,38,80,18.2,PASS
S3633,Male,25,Mathematics,CS101,68.7,79.0,56.8,66.6,40.3,79.0,43,81,18.2,PASS
S3634,Male,24,Business,ENG101,68.6,76.8,68.0,59.6,55.7,88.7,42,83,12.4,PASS
S3635,Male,26,Physics,BUS101,81.3,77.6,63.6,45.2,49.6,79.5,39,96,12.4,PASS
S3636,Male,18,Engineering,CS101,68.3,75.9,65.1,43.3,34.1,85.3,39,103,17.6,PASS
S3637,Female,24,Physics,ENG101,94.8,100.0,77.0,50.9,53.5,95.2,45,103,17.2,PASS
S3638,Male,27,Physics,CS201,78.4,81.7,73.3,42.1,35.8,73.8,57,91,13.9,PASS
S3639,Male,21,Mathematics,ENG101,67.3,68.3,73.8,61.0,48.3,77.7,40,73,15.6,PASS
S3640,Male,24,Engineering,CS101,69.4,68.9,82.0,65.3,59.5,66.2,40,101,16.2,PASS
S3641,Male,29,Computer Science,CS201,55.4,64.1,53.7,50.2,35.8,65.5,35,83,16.7,FAIL
S3642,Female,18,Engineering,CS101,76.1,76.8,71.9,62.3,45.4,75.5,40,77,16.8,PASS
S3643,Male,22,Engineering,BUS101,50.3,52.6,63.9,42.5,35.7,78.6,37,56,12.7,PASS
S3644,Male,20,Mathematics,CS201,51.3,59.6,45.1,55.4,25.3,64.6,30,90,10.8,PASS
S3645,Female,22,Computer Science,ENG101,68.0,73.8,58.2,67.6,39.1,81.7,40,92,19.8,PASS
S3646,Male,21,Computer Science,CS101,56.8,50.6,45.0,70.6,32.1,74.2,25,96,17.0,PASS
S3647,Male,19,Mathematics,MATH101,79.1,76.2,92.1,66.5,55.9,80.8,46,75,11.7,PASS
S3648,Male,28,Computer Science,ENG101,100.0,95.9,80.5,100.0,55.4,97.5,52,64,24.3,PASS
S3649,Female,21,Engineering,ENG101,94.0,96.3,88.4,73.0,31.0,100.0,39,101,17.4,PASS
S3650,Female,20,Engineering,CS201,73.0,70.6,36.6,69.1,30.2,65.6,47,62,19.2,PASS
S3651,Female,18,Business,PHY101,56.5,54.6,49.2,57.1,61.6,82.3,34,89,14.7,PASS
S3652,Male,29,Computer Science,ENG101,65.4,64.2,84.1,70.3,37.3,99.6,51,83,17.8,PASS
S3653,Female,27,Mathematics,CS101,55.7,57.5,67.6,24.3,39.4,86.3,35,101,16.1,PASS
S3654,Male,25,Engineering,MATH101,73.4,72.1,50.8,48.4,43.0,88.0,53,87,17.4,FAIL
S3655,Male,22,Physics,BUS101,83.7,88.6,64.0,54.0,49.4,67.0,50,72,19.7,PASS
S3656,Male,21,Engineering,MATH101,71.9,66.5,60.5,50.2,29.7,94.0,32,94,13.3,PASS
S3657,Male,27,Computer Science,CS101,72.5,65.1,82.9,76.2,64.0,98.4,38,88,25.3,PASS
S3658,Male,29,Computer Science,CS201,72.3,69.1,62.7,61.8,34.4,88.3,55,83,13.8,PASS
S3659,Female,22,Computer Science,CS101,80.0,75.0,69.8,71.8,38.8,93.3,51,95,18.2,PASS
S3660,Female,21,Engineering,PHY101,80.4,80.7,69.1,75.6,52.9,94.6,36,94,17.4,PASS
S3661,Male,20,Computer Science,PHY101,75.3,73.3,81.5,54.7,59.2,89.4,47,78,17.5,PASS
S3662,Male,22,Engineering,PHY101,87.4,80.9,60.3,92.3,49.1,94.3,41,121,15.0,PASS
S3663,Male,21,Business,ENG101,87.3,80.8,85.2,64.3,29.9,70.0,44,118,18.2,PASS
S3664,Male,18,Computer Science,CS201,58.6,59.5,86.8,79.6,13.1,100.0,49,79,11.4,PASS
S3665,Female,29,Computer Science,PHY101,68.4,72.9,85.2,79.5,59.6,90.2,45,81,10.3,PASS
S3666,Male,20,Mathematics,BUS101,32.6,29.0,60.8,29.1,20.4,79.0,20,47,8.6,FAIL
S3667,Female,27,Physics,BUS101,67.4,67.0,58.3,57.8,56.4,83.9,41,93,20.5,PASS
S3668,Male,27,Computer Science,CS101,88.3,85.0,83.4,71.5,55.8,67.1,56,75,16.6,PASS
S3669,Male,25,Computer Science,PHY101,66.1,65.4,77.2,57.4,29.4,56.7,43,80,16.2,PASS
S3670,Male,24,Physics,ENG101,74.0,82.8,62.8,97.0,49.1,87.2,42,97,17.7,PASS
S3671,Male,19,Computer Science,BUS101,100.0,100.0,91.8,83.8,63.2,89.6,46,142,22.7,PASS
S3672,Male,18,Physics,MATH101,70.4,68.2,29.8,62.4,48.2,88.7,41,85,16.1,PASS
S3673,Female,20,Computer Science,CS201,71.6,69.0,46.3,78.0,43.9,78.5,18,101,18.3,PASS
S3674,Male,22,Mathematics,MATH101,88.4,90.6,87.7,55.5,47.3,83.0,47,77,19.8,PASS
S3675,Female,27,Engineering,BUS101,76.4,77.0,82.8,56.0,59.6,80.3,35,79,21.3,PASS
S3676,Male,28,Physics,BUS101,81.0,84.4,78.7,53.0,47.9,79.8,35,82,14.7,PASS
S3677,Male,29,Engineering,CS101,55.5,54.9,58.5,59.3,36.1,66.1,39,76,16.3,PASS
S3678,Male,18,Business,CS101,45.0,44.1,45.9,72.3,15.3,61.0,35,51,12.8,FAIL
S3679,Female,20,Computer Science,PHY101,44.7,46.9,57.0,35.4,13.9,78.3,32,66,10.2,PASS
S3680,Male,20,Computer Science,CS201,84.1,85.3,47.9,44.8,40.8,91.4,44,69,17.6,PASS
S3681,Female,22,Mathematics,PHY101,73.0,70.6,58.4,52.4,30.8,52.4,37,103,21.3,PASS
S3682,Male,20,Engineering,CS101,52.8,53.4,42.8,65.3,5.8,73.8,22,70,12.7,FAIL
S3683,Female,26,Physics,ENG101,91.1,91.7,80.5,57.1,47.2,85.1,47,85,21.5,PASS
S3684,Male,18,Engineering,CS201,58.1,44.3,65.4,41.5,53.1,82.0,42,64,14.6,PASS
S3685,Female,21,Mathematics,ENG101,54.8,54.5,44.9,67.0,27.8,81.3,28,71,17.3,PASS
S3686,Female,27,Engineering,PHY101,45.5,50.1,58.7,44.6,12.2,80.6,30,78,11.4,PASS
S3687,Female,27,Physics,CS101,91.8,89.6,58.4,76.7,63.6,84.1,46,83,21.9,PASS
S3688,Male,21,Physics,CS201,63.3,59.6,62.3,75.5,36.6,71.9,38,84,13.6,PASS
S3689,Male,18,Engineering,PHY101,56.9,53.2,68.1,62.2,29.6,59.9,37,86,14.3,PASS
S3690,Male,19,Mathematics,BUS101,72.9,74.6,73.3,62.1,29.4,80.8,42,85,12.4,PASS
S3691,Female,28,Mathematics,PHY101,77.7,72.7,60.4,49.1,46.7,67.6,35,71,13.8,PASS
S3692,Female,18,Computer Science,MATH101,63.4,64.6,67.5,48.3,38.4,72.0,43,90,14.7,PASS
S3693,Female,23,Business,BUS101,61.2,62.0,70.2,60.9,40.4,64.5,35,89,13.9,PASS
S3694,Male,20,Computer Science,ENG101,73.8,67.1,62.0,82.2,45.1,95.7,48,103,11.3,PASS
S3695,Male,24,Mathematics,BUS101,68.9,73.6,73.8,62.5,39.6,67.8,42,89,16.1,PASS
S3696,Male,22,Computer Science,PHY101,53.8,60.0,56.9,44.5,32.3,67.5,39,64,13.6,FAIL
S3697,Female,26,Computer Science,BUS101,88.0,89.2,82.2,78.6,51.5,91.9,54,95,15.5,PASS
S3698,Female,24,Engineering,MATH101,100.0,100.0,97.2,70.9,42.3,100.0,54,101,23.1,PASS
S3699,Female,21,Business,PHY101,56.3,53.8,57.4,62.4,57.3,69.6,43,56,13.6,PASS
S3700,Male,22,Mathematics,MATH101,70.6,68.3,77.6,46.6,49.6,96.4,53,56,12.7,PASS
S3701,Female,22,Physics,BUS101,51.8,49.6,50.3,54.1,32.8,72.7,26,85,15.1,FAIL
S3702,Female,28,Engineering,MATH101,55.9,59.6,45.6,49.5,30.7,88.4,32,74,7.6,FAIL
S3703,Male,22,Computer Science,BUS101,84.8,87.7,66.6,64.6,48.9,85.9,41,83,12.8,PASS
S3704,Female,27,Business,CS201,84.9,75.1,95.3,92.8,54.5,72.3,56,105,13.6,PASS
S3705,Female,26,Business,BUS101,71.1,63.7,62.0,66.1,59.5,72.6,41,103,16.4,PASS
S3706,Female,27,Engineering,CS101,65.4,61.2,57.9,61.5,31.0,78.4,34,70,16.7,PASS
S3707,Female,20,Engineering,MATH101,63.6,61.3,47.5,47.4,41.4,89.6,31,110,12.0,PASS
S3708,Male,23,Engineering,MATH101,46.4,48.6,64.1,46.8,8.4,79.4,40,54,13.1,FAIL
S3709,Male,25,Engineering,ENG101,81.9,79.2,75.9,57.4,58.9,97.2,47,96,21.4,PASS
S3710,Female,28,Mathematics,ENG101,74.0,76.1,38.2,56.8,48.5,75.2,30,82,14.4,PASS
S3711,Male,26,Engineering,CS101,67.5,75.5,80.8,68.1,39.3,64.3,35,103,11.0,PASS
S3712,Female,24,Mathematics,MATH101,75.1,72.2,50.5,62.3,19.1,88.5,27,91,23.3,PASS
S3713,Female,29,Engineering,MATH101,96.0,91.5,100.0,100.0,50.7,93.3,55,90,20.1,PASS
S3714,Female,20,Computer Science,ENG101,47.0,41.4,51.8,60.4,16.9,72.5,34,99,8.5,FAIL
S3715,Female,18,Mathematics,ENG101,66.0,60.8,50.8,47.8,28.6,74.7,38,77,13.4,FAIL
S3716,Male,21,Business,BUS101,64.8,67.6,60.8,83.1,16.6,75.3,28,85,7.2,PASS
S3717,Male,23,Computer Science,PHY101,64.6,68.4,45.9,54.8,34.4,71.8,34,55,11.5,FAIL
S3718,Male,20,Business,MATH101,87.2,90.3,86.6,76.7,74.2,89.6,51,66,18.5,PASS
S3719,Male,18,Engineering,MATH101,90.2,84.9,77.1,77.6,62.6,93.4,45,80,19.4,PASS
S3720,Male,23,Mathematics,BUS101,85.9,83.9,82.5,73.8,52.2,98.8,42,90,12.7,PASS
S3721,Male,18,Engineering,MATH101,87.4,85.5,74.6,40.6,59.1,86.3,60,118,19.4,PASS
S3722,Female,26,Business,CS101,35.9,44.5,45.9,51.5,47.9,74.1,18,67,9.2,FAIL
S3723,Female,28,Computer Science,ENG101,79.6,81.0,49.6,53.2,35.7,67.3,39,105,18.0,PASS
S3724,Male,29,Engineering,ENG101,53.9,54.4,66.1,47.7,22.9,77.2,29,69,17.4,PASS
S3725,Male,18,Physics,PHY101,56.7,58.1,62.9,38.4,28.2,83.1,41,102,15.8,PASS
S3726,Female,23,Mathematics,ENG101,64.3,62.2,50.9,53.6,21.6,71.2,41,91,14.6,FAIL
S3727,Male,18,Computer Science,CS201,72.4,74.4,65.1,63.3,47.3,95.9,41,86,14.8,PASS
S3728,Male,29,Computer Science,CS101,82.9,80.5,70.4,64.6,46.0,76.8,36,106,14.7,PASS
S3729,Male,24,Engineering,CS101,60.6,67.8,62.3,49.9,43.9,80.8,40,79,10.1,PASS
S3730,Female,20,Business,BUS101,60.0,55.7,44.4,100.0,46.0,79.8,23,81,11.4,PASS
S3731,Male,23,Mathematics,CS201,69.8,70.7,55.2,48.8,57.7,72.2,38,94,17.8,PASS
S3732,Female,24,Business,MATH101,38.3,41.7,35.9,56.1,31.7,69.9,27,76,10.0,FAIL
S3733,Male,18,Engineering,PHY101,80.4,80.0,77.0,76.4,43.7,84.7,51,69,12.0,PASS
S3734,Male,18,Mathematics,CS101,62.8,63.4,64.7,72.8,31.6,79.8,43,82,12.6,PASS
S3735,Male,22,Engineering,CS201,75.8,74.8,68.8,55.1,33.6,67.3,47,102,20.0,PASS
S3736,Male,23,Computer Science,CS201,77.0,72.4,69.0,83.8,46.8,86.6,44,91,15.5,PASS
S3737,Female,26,Business,CS101,47.0,55.7,68.8,52.6,32.5,84.1,44,78,7.7,FAIL
S3738,Female,18,Physics,BUS101,66.3,64.5,59.5,56.8,21.9,88.7,46,96,15.9,PASS
S3739,Female,21,Mathematics,CS201,87.2,80.7,73.2,72.4,66.2,93.7,38,103,18.6,PASS
S3740,Female,27,Business,ENG101,75.7,72.1,53.3,63.3,45.8,72.9,39,73,14.3,PASS
S3741,Female,25,Business,CS201,74.0,80.7,87.9,68.6,39.9,89.1,47,67,17.1,PASS
S3742,Female,27,Physics,MATH101,77.6,89.0,51.5,50.7,34.4,68.2,45,111,17.5,PASS
S3743,Female,26,Engineering,CS101,48.5,50.3,53.0,53.3,46.0,72.7,34,69,12.4,PASS
S3744,Male,20,Engineering,MATH101,60.0,64.0,84.4,66.2,42.1,66.7,41,72,18.0,PASS
S3745,Male,28,Physics,BUS101,92.6,100.0,55.4,59.9,65.9,97.6,32,95,19.7,PASS
S3746,Male,19,Mathematics,PHY101,66.7,61.9,44.0,50.6,38.7,81.0,43,104,14.8,PASS
S3747,Female,21,Engineering,ENG101,67.5,69.5,62.1,35.5,59.9,60.7,49,83,15.5,PASS
S3748,Male,19,Engineering,CS101,56.9,66.1,50.7,68.1,44.0,73.7,43,77,14.2,PASS
S3749,Male,18,Engineering,CS201,52.2,56.4,55.0,71.3,47.2,61.2,57,68,14.1,PASS
S3750,Female,29,Computer Science,ENG101,60.3,58.9,67.7,61.3,50.1,72.5,42,65,13.9,PASS
S3751,Female,20,Physics,CS201,60.3,62.1,64.9,59.4,28.7,74.6,37,53,18.5,PASS
S3752,Female,24,Engineering,BUS101,66.3,75.6,71.3,59.5,42.2,86.4,52,84,11.9,PASS
S3753,Male,18,Mathematics,PHY101,78.9,79.7,52.4,71.7,63.4,92.7,37,74,19.3,PASS
S3754,Female,19,Computer Science,CS101,85.1,80.5,89.6,73.0,56.9,71.3,42,86,16.2,PASS
S3755,Male,18,Engineering,BUS101,86.0,89.1,87.6,79.9,39.7,82.8,45,86,18.0,PASS
S3756,Male,25,Computer Science,BUS101,80.1,75.6,75.6,70.0,49.1,80.1,37,97,20.5,PASS
S3757,Male,22,Mathematics,PHY101,91.6,87.9,73.4,85.6,64.8,74.7,53,53,20.6,PASS
S3758,Male,25,Business,BUS101,88.7,86.3,61.1,71.2,35.7,83.8,54,118,18.6,PASS
S3759,Male,20,Business,BUS101,74.2,74.1,77.6,76.6,32.9,90.9,38,91,15.9,PASS
S3760,Female,29,Computer Science,CS201,72.2,68.0,69.5,49.2,26.3,71.2,44,93,12.4,PASS
S3761,Male,24,Computer Science,MATH101,64.5,66.5,72.1,33.2,44.4,87.9,42,66,18.7,PASS
S3762,Female,25,Computer Science,CS201,77.0,75.3,64.7,62.8,64.9,69.4,46,86,16.9,PASS
S3763,Female,23,Computer Science,PHY101,80.7,84.7,82.1,91.4,24.0,100.0,42,96,18.6,PASS
S3764,Male,24,Business,ENG101,82.6,82.8,72.8,69.7,52.1,84.4,39,101,21.5,PASS
S3765,Male,29,Business,PHY101,55.7,54.9,50.9,62.5,25.8,69.1,48,88,12.4,FAIL
S3766,Male,19,Business,PHY101,61.8,61.3,45.2,35.1,57.6,84.8,33,85,10.9,FAIL
S3767,Female,25,Engineering,PHY101,57.4,64.7,30.1,49.6,37.1,100.0,35,72,11.5,PASS
S3768,Male,22,Computer Science,PHY101,74.2,78.7,54.9,47.3,54.8,95.8,50,67,12.7,PASS
S3769,Male,24,Computer Science,BUS101,79.7,72.6,68.5,68.0,64.6,83.3,44,86,22.1,PASS
S3770,Male,18,Computer Science,PHY101,28.8,26.3,42.6,33.8,19.4,81.5,47,93,7.9,FAIL
S3771,Female,22,Mathematics,ENG101,44.9,45.4,80.3,59.5,5.3,96.3,26,52,6.1,FAIL
S3772,Female,18,Business,PHY101,62.8,51.9,60.6,52.7,36.2,75.1,32,58,10.2,PASS
S3773,Male,29,Computer Science,CS201,66.8,68.9,57.1,74.5,42.6,81.7,38,113,21.3,PASS
S3774,Female,25,Computer Science,BUS101,52.2,48.0,52.2,65.7,17.2,67.5,43,77,13.7,PASS
S3775,Female,21,Mathematics,CS201,56.0,52.3,60.7,62.4,10.9,72.9,37,54,16.1,PASS
S3776,Female,21,Business,BUS101,57.4,53.9,49.7,90.2,17.9,74.4,42,80,9.8,PASS
S3777,Female,19,Business,CS201,60.3,66.6,70.8,43.3,52.1,73.7,51,76,17.3,PASS
S3778,Female,22,Engineering,CS101,73.9,76.9,72.0,55.2,30.3,93.9,25,111,12.3,PASS
S3779,Female,18,Computer Science,MATH101,79.6,77.4,59.9,53.3,81.4,65.1,30,112,16.2,PASS
S3780,Female,26,Physics,MATH101,78.2,75.4,51.2,41.2,64.1,83.7,38,95,17.6,PASS
S3781,Male,22,Mathematics,BUS101,65.5,66.3,75.0,63.3,50.3,79.1,38,93,14.9,PASS
S3782,Male,23,Engineering,CS101,84.6,92.6,83.6,69.0,32.2,80.7,35,90,18.3,PASS
S3783,Male,19,Mathematics,ENG101,58.7,57.4,64.4,69.4,52.1,85.8,48,108,11.4,PASS
S3784,Female,27,Mathematics,CS101,94.3,85.0,99.2,77.2,50.6,96.3,49,99,18.5,PASS
S3785,Female,27,Computer Science,BUS101,77.7,78.6,59.5,68.5,24.7,83.8,54,78,13.4,PASS
S3786,Male,18,Engineering,CS101,70.2,71.6,76.7,60.3,45.2,84.2,40,105,19.7,PASS
S3787,Female,21,Computer Science,ENG101,91.1,93.0,71.4,60.2,60.1,86.8,47,100,18.3,PASS
S3788,Male,24,Computer Science,BUS101,51.2,51.0,57.9,54.3,21.1,81.6,27,73,9.5,FAIL
S3789,Male,23,Business,MATH101,77.2,77.9,83.0,77.0,39.1,98.9,43,78,21.9,PASS
S3790,Female,27,Computer Science,PHY101,58.2,53.3,64.0,51.9,32.8,88.1,47,74,12.3,PASS
S3791,Male,18,Mathematics,CS101,38.5,44.0,41.8,46.4,20.6,93.9,36,89,13.0,PASS
S3792,Male,18,Physics,MATH101,45.4,42.8,71.9,47.5,36.2,82.0,39,72,10.3,PASS
S3793,Female,25,Computer Science,MATH101,53.9,52.6,55.0,63.4,29.1,57.8,32,76,13.3,PASS
S3794,Female,21,Engineering,CS201,50.7,52.7,54.7,65.2,50.2,81.7,28,48,14.7,PASS
S3795,Male,22,Mathematics,ENG101,82.5,83.6,85.6,30.4,53.3,77.4,40,88,16.7,PASS
S3796,Female,24,Mathematics,PHY101,56.7,64.6,63.6,52.3,14.1,90.1,41,78,15.1,PASS
S3797,Female,25,Mathematics,CS101,91.7,98.2,67.3,68.0,68.9,84.8,39,101,22.2,PASS
S3798,Male,27,Engineering,MATH101,72.5,70.0,74.0,72.0,33.4,68.5,40,80,13.1,PASS
S3799,Male,24,Engineering,MATH101,62.6,72.5,48.7,54.2,51.2,82.2,33,88,9.3,PASS
S3800,Female,19,Business,ENG101,81.1,85.8,64.4,41.1,52.8,81.6,37,101,15.9,PASS
S3801,Male,21,Physics,PHY101,100.0,100.0,68.3,43.9,50.2,94.2,57,90,22.7,PASS
S3802,Female,27,Engineering,PHY101,79.8,76.5,80.4,36.0,42.9,87.5,44,117,15.4,PASS
S3803,Female,29,Physics,MATH101,76.6,76.3,54.6,81.0,51.4,86.6,51,74,20.0,PASS
S3804,Female,18,Computer Science,MATH101,89.9,80.3,87.1,53.9,57.2,90.7,44,69,20.3,PASS
S3805,Male,27,Physics,MATH101,59.4,62.1,51.6,68.0,47.1,86.5,46,88,15.9,PASS
S3806,Female,26,Business,MATH101,92.8,86.2,84.8,66.9,60.8,89.6,53,98,18.5,PASS
S3807,Male,20,Engineering,CS201,71.5,73.9,60.0,48.4,42.9,80.2,35,94,13.8,PASS
S3808,Male,29,Business,CS201,86.3,83.9,74.0,88.6,53.0,83.3,54,86,17.3,PASS
S3809,Male,20,Computer Science,PHY101,81.2,81.9,68.8,72.9,46.5,80.8,38,109,17.2,PASS
S3810,Male,27,Computer Science,BUS101,82.3,79.2,56.2,41.9,55.7,82.0,56,103,17.3,PASS
S3811,Female,26,Computer Science,CS101,58.8,55.1,61.2,60.9,40.3,86.2,50,126,14.1,PASS
S3812,Male,27,Computer Science,ENG101,63.3,67.0,45.2,68.5,41.1,92.3,41,76,13.6,PASS
S3813,Male,20,Engineering,BUS101,64.8,61.7,56.0,45.4,66.5,87.4,39,78,13.6,PASS
S3814,Female,25,Mathematics,CS201,54.1,49.6,50.3,75.5,37.0,79.3,28,66,16.5,FAIL
S3815,Male,19,Business,CS201,77.0,71.8,66.3,50.0,61.0,84.1,60,75,13.8,PASS
S3816,Female,20,Computer Science,CS201,77.2,81.5,73.2,43.3,38.5,85.6,32,93,16.0,PASS
S3817,Male,19,Mathematics,BUS101,69.5,63.9,72.3,80.8,41.8,83.4,30,67,20.0,PASS
S3818,Female,18,Business,CS201,49.3,49.3,65.3,39.7,3.9,68.9,29,55,12.0,PASS
S3819,Female,19,Physics,BUS101,53.4,64.5,65.0,36.8,33.1,68.9,40,79,15.6,PASS
S3820,Male,25,Business,CS201,65.8,62.3,67.8,52.9,32.1,80.6,20,103,13.3,PASS
S3821,Male,26,Computer Science,MATH101,72.7,68.8,54.8,43.0,35.1,73.3,35,60,12.9,PASS
S3822,Male,19,Engineering,MATH101,90.9,96.3,66.2,82.7,57.1,79.4,46,102,24.0,PASS
S3823,Female,24,Business,CS101,65.4,59.4,81.0,47.4,34.4,72.9,54,75,11.8,PASS
S3824,Male,22,Computer Science,CS201,80.1,85.5,90.0,51.7,29.5,95.9,41,62,17.1,PASS
S3825,Male,20,Computer Science,CS101,57.2,55.3,66.5,50.5,31.9,92.1,35,70,18.2,PASS
S3826,Male,26,Computer Science,BUS101,68.4,72.9,68.2,46.3,83.6,80.6,51,99,11.8,PASS
S3827,Male,23,Computer Science,CS101,74.2,76.4,63.5,61.2,49.6,82.9,40,98,18.1,PASS
S3828,Male,28,Engineering,CS201,58.4,61.3,72.5,53.7,38.4,84.8,26,52,15.3,PASS
S3829,Female,18,Engineering,BUS101,76.6,74.4,79.3,61.9,32.4,74.0,47,89,16.5,PASS
S3830,Male,22,Computer Science,BUS101,67.0,65.0,39.4,52.4,25.3,81.3,26,102,20.4,FAIL
S3831,Male,24,Business,MATH101,65.8,63.2,60.1,83.4,28.2,99.6,40,106,15.7,PASS
S3832,Female,21,Business,BUS101,71.3,78.0,60.6,70.4,46.2,80.8,49,83,16.1,PASS
S3833,Female,25,Computer Science,BUS101,51.4,51.4,28.6,47.8,16.2,74.4,32,71,10.2,PASS
S3834,Male,27,Computer Science,CS101,70.3,80.0,52.9,58.6,59.3,80.2,37,93,15.4,PASS
S3835,Male,22,Computer Science,PHY101,93.3,94.4,73.6,68.8,42.0,85.6,56,107,20.8,PASS
S3836,Male,26,Engineering,BUS101,90.2,89.3,84.4,77.0,63.8,91.3,46,85,21.1,PASS
S3837,Female,26,Computer Science,ENG101,77.0,75.9,83.9,53.1,49.4,86.2,39,90,18.7,PASS
S3838,Male,26,Engineering,PHY101,71.7,68.2,63.6,58.0,61.1,61.1,43,82,10.8,PASS
S3839,Female,18,Business,MATH101,35.1,36.2,52.4,30.8,7.9,76.3,43,78,10.1,FAIL
S3840,Female,19,Engineering,MATH101,100.0,99.6,90.5,87.0,96.8,80.4,45,93,17.6,PASS
S3841,Female,20,Computer Science,BUS101,88.0,84.9,80.9,76.2,55.1,93.1,46,78,13.8,PASS
S3842,Male,21,Engineering,CS101,88.6,88.3,59.3,76.3,67.5,86.9,30,65,16.5,PASS
S3843,Male,27,Business,PHY101,68.7,66.2,61.5,71.8,45.9,82.0,50,90,14.0,PASS
S3844,Male,26,Mathematics,MATH101,34.2,35.6,19.2,44.2,7.8,72.4,24,52,7.3,FAIL
S3845,Male,27,Mathematics,MATH101,69.6,73.1,100.0,82.8,32.5,75.5,43,81,15.5,PASS
S3846,Female,23,Business,ENG101,57.0,53.8,54.9,68.2,34.5,71.2,50,78,15.8,PASS
S3847,Female,18,Engineering,BUS101,52.9,50.6,51.7,45.2,22.5,83.3,37,67,14.4,PASS
S3848,Female,29,Engineering,PHY101,79.0,74.5,65.6,63.5,49.2,78.5,54,95,15.5,PASS
S3849,Female,26,Mathematics,MATH101,89.9,95.5,77.5,83.3,64.5,76.4,56,133,21.0,PASS
S3850,Male,23,Computer Science,MATH101,87.5,78.7,68.3,60.5,67.9,91.1,49,119,16.2,PASS
S3851,Male,21,Physics,MATH101,88.4,85.1,78.5,68.3,73.1,90.9,28,79,23.0,PASS
S3852,Male,21,Business,MATH101,86.5,90.0,74.9,70.1,51.3,85.6,27,82,18.6,PASS
S3853,Female,20,Business,CS101,63.3,60.1,63.5,27.1,32.9,81.2,49,69,17.1,FAIL
S3854,Female,24,Computer Science,CS201,79.1,75.7,79.9,49.7,26.7,84.9,47,65,15.5,PASS
S3855,Female,20,Business,ENG101,84.7,88.1,87.0,85.7,22.5,91.5,48,95,17.0,PASS
S3856,Male,19,Engineering,CS101,71.1,59.8,52.7,65.8,41.5,89.7,38,93,16.0,PASS
S3857,Male,27,Computer Science,ENG101,58.7,58.9,53.5,19.3,50.3,82.9,34,82,13.5,PASS
S3858,Female,25,Computer Science,MATH101,53.5,50.8,55.2,13.6,33.6,85.0,35,80,11.9,PASS
S3859,Male,21,Mathematics,ENG101,69.0,66.3,65.1,82.4,46.4,96.9,37,56,11.4,PASS
S3860,Female,25,Engineering,BUS101,76.2,81.6,75.9,73.9,33.5,87.5,46,61,14.6,PASS
S3861,Female,18,Engineering,BUS101,61.9,61.8,80.4,80.2,31.8,78.0,44,91,11.0,PASS
S3862,Female,22,Computer Science,CS201,60.7,55.0,55.2,46.0,50.5,62.6,31,79,9.0,PASS
S3863,Male,26,Business,CS201,81.3,73.9,78.5,55.4,54.1,71.4,51,104,17.8,PASS
S3864,Male,18,Business,ENG101,53.2,52.9,57.5,76.5,26.3,79.7,37,62,10.7,PASS
S3865,Male,28,Business,CS101,73.3,66.4,57.2,57.8,52.0,79.4,41,82,19.7,PASS
S3866,Male,21,Engineering,CS101,63.1,69.2,61.5,51.0,39.3,74.0,41,74,12.3,PASS
S3867,Male,23,Engineering,MATH101,59.2,53.7,59.1,48.2,48.6,83.5,29,104,11.3,PASS
S3868,Female,27,Business,CS101,88.6,88.6,44.2,44.6,59.0,93.7,41,118,21.4,PASS
S3869,Female,25,Computer Science,CS201,65.0,55.3,43.4,70.9,35.1,82.9,21,67,16.5,PASS
S3870,Male,20,Physics,CS101,53.9,44.4,62.1,29.5,29.7,72.2,39,79,16.0,PASS
S3871,Male,22,Business,MATH101,48.8,47.8,47.2,54.3,12.8,94.4,34,87,11.6,FAIL
S3872,Male,24,Engineering,BUS101,66.3,82.3,57.0,67.7,20.4,79.1,39,98,10.1,PASS
S3873,Male,18,Engineering,CS101,95.6,92.8,71.2,74.3,52.0,97.8,47,86,21.2,PASS
S3874,Female,24,Mathematics,CS101,51.8,55.3,35.7,42.7,47.3,73.4,39,82,15.5,FAIL
S3875,Male,29,Computer Science,CS201,62.1,59.6,62.5,76.3,42.4,68.1,33,83,13.4,PASS
S3876,Male,28,Computer Science,ENG101,50.9,56.0,66.4,43.7,27.0,76.1,37,74,17.4,FAIL
S3877,Male,25,Business,BUS101,68.0,67.5,56.1,58.3,48.7,100.0,49,45,16.8,PASS
S3878,Female,25,Engineering,ENG101,80.1,73.8,74.8,66.2,61.4,93.8,29,82,17.1,PASS
S3879,Female,26,Mathematics,MATH101,93.1,91.9,83.4,72.2,48.5,87.0,46,91,20.8,PASS
S3880,Male,23,Computer Science,MATH101,62.1,53.2,75.6,60.4,30.0,84.3,32,92,11.7,PASS
S3881,Male,29,Mathematics,ENG101,84.9,80.5,86.1,75.7,89.2,82.3,54,89,18.1,PASS
S3882,Female,23,Computer Science,CS201,72.1,74.0,57.8,65.9,32.5,88.6,45,105,11.8,PASS
S3883,Female,19,Computer Science,PHY101,69.5,66.3,61.3,66.0,35.1,100.0,47,62,15.9,PASS
S3884,Male,20,Mathematics,CS201,84.9,82.7,70.1,79.3,46.6,80.2,51,113,18.3,PASS
S3885,Female,21,Business,PHY101,49.1,53.8,55.1,61.5,17.5,77.5,48,65,13.0,FAIL
S3886,Female,21,Engineering,PHY101,67.9,65.4,78.1,82.4,17.6,84.2,43,75,14.7,PASS
S3887,Female,25,Computer Science,CS201,55.1,57.6,60.0,73.7,34.1,72.7,30,73,10.4,FAIL
S3888,Female,18,Business,PHY101,91.3,88.4,79.1,60.5,47.3,83.1,51,71,24.8,PASS
S3889,Female,27,Engineering,PHY101,80.1,84.7,47.3,60.7,53.4,85.8,41,91,14.2,PASS
S3890,Male,21,Physics,PHY101,90.0,96.5,88.6,80.2,44.0,80.6,50,138,15.1,PASS
S3891,Female,28,Physics,BUS101,93.6,83.8,91.3,77.6,71.3,98.4,48,82,18.8,PASS
S3892,Female,29,Business,MATH101,79.6,74.7,92.1,72.9,47.1,82.3,37,83,16.6,PASS
S3893,Female,28,Engineering,PHY101,70.6,69.4,66.9,52.6,32.3,79.9,39,94,16.2,PASS
S3894,Male,28,Engineering,MATH101,61.5,58.1,71.1,52.8,28.7,69.1,25,79,16.4,PASS
S3895,Female,21,Business,MATH101,47.0,51.3,40.7,38.3,25.2,65.9,31,89,9.1,FAIL
S3896,Female,18,Computer Science,BUS101,78.9,80.0,81.9,62.0,63.8,78.8,42,66,20.8,PASS
S3897,Male,20,Engineering,MATH101,93.2,88.4,82.4,58.7,48.9,83.1,38,79,18.0,PASS
S3898,Female,22,Computer Science,ENG101,82.1,89.2,67.8,78.4,29.9,74.4,41,95,12.6,PASS
S3899,Female,23,Computer Science,CS101,62.3,69.3,43.1,31.4,58.3,87.2,54,30,15.7,PASS
S3900,Female,26,Computer Science,BUS101,84.9,78.3,77.6,92.5,29.3,99.9,50,72,17.3,PASS
S3901,Male,26,Engineering,CS101,95.9,92.9,72.4,84.6,85.8,87.2,38,69,19.8,PASS
S3902,Male,26,Mathematics,ENG101,36.0,40.1,37.7,43.3,0.0,61.8,27,69,13.0,FAIL
S3903,Female,28,Engineering,CS201,62.9,67.6,64.9,66.8,33.0,70.6,31,74,18.2,PASS
S3904,Male,18,Engineering,CS201,85.6,92.6,66.3,71.4,46.1,87.9,52,71,15.2,PASS
S3905,Female,29,Computer Science,PHY101,46.7,59.0,45.7,39.0,38.5,75.1,27,75,5.0,FAIL
S3906,Male,26,Business,CS201,52.5,54.6,51.9,44.8,39.9,60.2,32,88,11.8,FAIL
S3907,Male,25,Computer Science,BUS101,87.8,94.2,79.2,68.6,76.0,65.4,54,73,16.4,PASS
S3908,Male,19,Business,CS201,63.3,76.6,65.5,64.8,19.7,80.0,42,79,13.8,PASS
S3909,Female,28,Physics,BUS101,51.3,51.2,50.9,42.5,10.0,82.7,34,79,8.0,PASS
S3910,Male,18,Computer Science,BUS101,71.5,67.5,61.3,47.2,55.5,93.5,42,94,14.5,PASS
S3911,Male,18,Computer Science,CS101,66.9,68.1,62.7,72.0,67.4,73.9,34,59,12.7,PASS
S3912,Male,29,Engineering,CS201,62.2,70.2,62.5,64.5,52.0,90.1,51,65,11.2,PASS
S3913,Male,23,Physics,MATH101,78.2,87.2,68.7,53.6,55.7,81.0,35,87,11.6,PASS
S3914,Female,26,Mathematics,CS201,87.7,88.4,82.9,82.0,66.9,74.7,50,93,16.8,PASS
S3915,Female,24,Mathematics,CS201,61.6,60.8,58.1,49.9,20.8,96.7,43,115,17.7,PASS
S3916,Male,22,Engineering,CS201,57.1,50.7,51.1,49.2,31.5,61.0,50,91,12.5,PASS
S3917,Female,28,Physics,PHY101,82.7,83.1,63.5,94.3,50.0,83.2,43,85,11.7,PASS
S3918,Male,19,Computer Science,MATH101,90.1,84.2,70.5,70.4,52.8,80.6,39,90,23.4,PASS
S3919,Female,18,Computer Science,MATH101,82.4,77.5,59.1,54.1,55.8,88.6,48,87,12.0,PASS
S3920,Female,19,Mathematics,BUS101,95.0,96.2,84.6,65.7,56.7,98.1,41,79,18.9,PASS
S3921,Female,18,Physics,MATH101,97.9,91.5,94.5,80.0,53.4,71.3,44,94,17.8,PASS
S3922,Male,20,Computer Science,BUS101,53.5,55.3,37.3,45.4,18.3,69.8,25,107,11.1,FAIL
S3923,Female,23,Computer Science,CS101,97.1,100.0,69.6,80.8,56.6,98.7,43,60,17.9,PASS
S3924,Male,25,Computer Science,BUS101,77.6,72.3,82.3,52.5,31.0,74.8,41,89,18.3,PASS
S3925,Female,20,Computer Science,CS201,40.6,37.6,51.2,34.9,23.2,56.8,24,101,10.8,FAIL
S3926,Male,27,Computer Science,ENG101,79.4,72.2,93.6,62.4,51.6,79.5,39,116,19.5,PASS
S3927,Female,26,Physics,ENG101,89.8,92.8,79.3,60.0,46.0,81.0,52,108,25.4,PASS
S3928,Female,27,Business,PHY101,57.2,49.8,40.6,36.2,43.3,85.1,39,79,15.7,FAIL
S3929,Female,22,Mathematics,CS201,73.8,77.3,54.8,63.8,56.6,82.9,49,100,18.0,PASS
S3930,Male,24,Mathematics,BUS101,63.9,65.3,70.0,67.0,32.3,71.9,45,87,13.6,PASS
S3931,Female,25,Engineering,CS201,54.3,65.1,51.5,69.8,28.0,86.0,38,102,15.7,PASS
S3932,Male,20,Mathematics,PHY101,74.1,82.4,59.8,65.1,53.2,82.3,40,98,16.8,PASS
S3933,Female,19,Business,MATH101,94.6,88.6,82.5,79.8,44.6,74.7,48,86,17.5,PASS
S3934,Male,19,Engineering,BUS101,96.1,100.0,93.0,74.7,44.4,82.3,43,127,19.4,PASS
S3935,Male,22,Business,CS201,58.2,55.5,70.3,81.5,30.7,72.4,29,76,12.3,PASS
S3936,Female,18,Engineering,MATH101,31.8,27.8,46.3,29.3,18.9,89.4,36,50,11.9,FAIL
S3937,Male,19,Mathematics,PHY101,98.0,95.4,69.7,68.3,52.2,87.7,55,104,15.4,PASS
S3938,Male,26,Physics,MATH101,99.1,97.7,81.5,89.8,66.4,77.0,53,112,19.6,PASS
S3939,Male,24,Engineering,BUS101,82.9,93.7,52.0,49.5,33.4,83.4,43,90,19.8,PASS
S3940,Male,23,Mathematics,PHY101,57.3,43.2,63.7,56.2,39.8,84.2,39,81,17.1,PASS
S3941,Female,26,Computer Science,PHY101,63.5,72.7,46.7,50.4,31.6,78.3,46,107,13.7,PASS
S3942,Female,24,Mathematics,PHY101,71.7,75.9,72.2,61.3,62.1,92.4,32,83,18.0,PASS
S3943,Male,28,Engineering,CS101,87.7,88.6,69.4,83.1,63.6,93.9,45,106,21.5,PASS
S3944,Male,22,Computer Science,PHY101,66.5,63.5,48.7,59.3,41.4,86.8,50,101,14.5,PASS
S3945,Male,26,Engineering,CS101,88.4,88.0,52.9,66.3,52.6,93.3,48,83,22.5,PASS
S3946,Male,23,Business,MATH101,65.3,69.5,56.6,56.5,33.0,92.4,46,82,13.7,PASS
S3947,Female,23,Computer Science,CS101,92.4,97.2,79.7,63.2,23.5,98.5,60,118,14.9,PASS
S3948,Female,28,Physics,MATH101,39.3,35.2,33.6,14.5,24.9,60.9,42,86,8.6,FAIL
S3949,Male,21,Computer Science,CS101,71.5,75.3,76.3,70.5,56.5,70.6,32,78,15.3,PASS
S3950,Male,29,Physics,MATH101,86.6,83.7,53.7,67.8,40.7,91.9,55,89,20.3,PASS
S3951,Male,18,Business,MATH101,87.7,86.9,87.0,78.2,42.8,77.4,49,40,14.0,PASS
S3952,Female,22,Engineering,PHY101,98.1,100.0,82.3,45.2,60.1,78.3,58,115,19.8,PASS
S3953,Female,28,Engineering,PHY101,93.6,97.6,68.6,61.1,41.0,97.0,27,105,23.6,PASS
S3954,Male,26,Business,MATH101,51.3,43.2,55.9,44.9,22.0,71.1,41,49,11.7,FAIL
S3955,Male,25,Business,PHY101,71.9,72.6,64.9,52.3,37.8,88.8,44,97,17.2,PASS
S3956,Female,25,Business,MATH101,64.7,66.8,72.5,70.0,40.3,85.4,43,85,14.8,PASS
S3957,Female,22,Engineering,PHY101,69.4,70.1,66.0,40.7,66.4,81.1,32,94,15.5,PASS
S3958,Male,29,Engineering,ENG101,68.9,56.4,64.6,55.3,40.8,89.4,43,93,12.3,PASS
S3959,Male,26,Physics,CS101,80.9,74.1,57.9,60.7,53.1,89.3,49,88,13.6,PASS
S3960,Male,20,Computer Science,MATH101,41.1,32.2,40.3,61.0,23.7,81.0,45,50,11.5,FAIL
S3961,Female,20,Engineering,CS201,63.4,60.2,64.5,59.5,41.6,65.2,43,73,16.1,PASS
S3962,Male,18,Computer Science,PHY101,85.6,86.3,81.5,62.6,53.2,84.1,50,85,19.4,PASS
S3963,Male,26,Mathematics,PHY101,60.2,57.6,52.8,72.7,47.7,64.2,38,53,16.0,PASS
S3964,Female,23,Mathematics,BUS101,100.0,96.9,100.0,68.9,80.2,86.7,39,101,21.4,PASS
S3965,Male,19,Computer Science,CS201,72.4,63.7,61.3,52.8,41.7,71.6,48,97,15.3,PASS
S3966,Female,25,Computer Science,CS201,45.0,38.7,46.1,19.7,22.6,63.6,34,59,9.7,FAIL
S3967,Male,29,Computer Science,ENG101,70.0,65.2,72.3,83.4,70.5,81.5,52,90,18.2,PASS
S3968,Male,26,Engineering,CS101,41.0,45.4,43.2,52.0,45.0,88.4,27,79,9.1,FAIL
S3969,Female,26,Engineering,ENG101,64.3,66.5,66.3,60.9,42.8,82.7,44,91,14.7,PASS
S3970,Male,19,Physics,CS101,66.3,70.2,37.8,69.2,54.9,82.5,39,71,9.1,PASS
S3971,Female,19,Engineering,MATH101,56.2,58.5,55.1,48.0,53.3,62.6,48,112,18.0,PASS
S3972,Female,24,Computer Science,ENG101,91.4,95.5,89.8,65.0,52.2,100.0,43,96,17.4,PASS
S3973,Male,28,Mathematics,BUS101,59.5,52.7,26.9,57.3,47.4,79.9,39,61,8.3,PASS
S3974,Female,21,Engineering,CS101,68.9,75.6,50.5,48.2,43.5,91.8,39,78,19.4,PASS
S3975,Male,18,Business,ENG101,64.5,69.7,53.2,48.2,41.2,75.0,49,59,14.5,PASS
S3976,Female,25,Computer Science,BUS101,95.3,93.4,59.7,74.2,67.0,95.2,52,91,19.2,PASS
S3977,Male,19,Engineering,CS201,73.6,78.4,40.7,60.6,65.4,67.9,28,105,21.0,PASS
S3978,Female,20,Physics,PHY101,58.4,64.4,74.3,59.4,41.8,80.7,30,87,12.4,PASS
S3979,Male,22,Business,MATH101,78.8,78.5,73.6,59.8,58.6,91.0,25,113,21.1,PASS
S3980,Male,20,Engineering,MATH101,52.1,54.7,64.3,31.0,42.5,92.4,41,79,9.0,PASS
S3981,Female,24,Business,CS201,50.9,48.4,59.5,56.8,46.7,95.6,13,94,14.0,PASS
S3982,Female,24,Physics,ENG101,76.3,82.9,79.1,69.3,53.2,91.1,47,69,17.4,PASS
S3983,Male,19,Computer Science,PHY101,24.4,22.1,27.4,33.5,17.9,55.5,25,45,10.9,FAIL
S3984,Male,24,Engineering,CS201,52.6,54.2,63.9,41.3,27.9,71.0,46,82,9.9,PASS
S3985,Female,28,Physics,BUS101,69.0,68.8,71.2,30.7,49.8,76.1,33,98,10.6,PASS
S3986,Female,23,Computer Science,PHY101,71.5,68.5,76.8,75.1,38.8,93.6,37,98,22.6,PASS
S3987,Male,27,Business,CS101,75.0,66.4,67.9,53.1,46.6,82.4,44,70,19.3,PASS
S3988,Male,26,Business,ENG101,75.5,79.9,58.8,66.4,33.4,85.6,34,111,15.7,PASS
S3989,Male,26,Business,PHY101,74.1,73.9,62.9,68.0,70.4,100.0,42,54,17.7,PASS
S3990,Female,19,Engineering,CS101,65.3,74.5,73.9,42.8,26.6,78.5,32,107,13.0,PASS
S3991,Male,24,Engineering,CS201,87.6,93.7,66.2,54.0,59.8,76.1,51,74,18.4,PASS
S3992,Male,22,Business,MATH101,60.8,66.8,49.0,81.7,27.7,83.5,44,104,11.7,PASS
S3993,Female,23,Computer Science,PHY101,96.4,100.0,98.1,74.1,41.9,79.9,57,89,19.0,PASS
S3994,Male,18,Engineering,PHY101,60.9,64.7,52.1,58.0,42.9,70.6,30,83,10.5,PASS
S3995,Male,24,Computer Science,CS101,70.1,70.8,71.2,72.3,60.7,80.8,48,84,20.7,PASS
S3996,Male,23,Computer Science,CS101,81.4,85.6,70.5,63.1,40.2,100.0,32,68,16.8,PASS
S3997,Male,21,Physics,MATH101,84.2,82.0,72.0,82.5,58.2,82.1,35,93,15.6,PASS
S3998,Male,18,Engineering,CS101,62.2,50.0,47.5,64.3,59.6,84.9,41,63,11.5,PASS
S3999,Female,26,Physics,CS101,71.5,75.1,55.8,72.3,71.1,79.2,31,76,20.6,PASS
S4000,Male,21,Computer Science,PHY101,42.2,45.9,62.8,47.0,22.7,74.3,42,110,11.3,FAIL
S4001,Female,19,Business,MATH101,83.6,77.0,67.4,65.0,50.3,99.0,52,94,21.8,PASS
S4002,Female,25,Computer Science,MATH101,60.6,63.1,35.7,29.0,38.5,85.7,56,74,14.7,FAIL
S4003,Female,19,Mathematics,PHY101,81.1,83.6,73.4,70.4,58.2,84.7,41,103,19.1,PASS
S4004,Male,22,Mathematics,CS201,86.5,91.9,83.0,91.8,50.6,83.3,50,102,18.7,PASS
S4005,Male,28,Computer Science,CS201,92.0,91.5,84.0,70.4,63.9,100.0,48,80,15.2,PASS
S4006,Male,23,Physics,PHY101,72.5,64.9,52.3,49.4,43.7,99.4,41,70,19.8,PASS
S4007,Male,28,Computer Science,CS101,55.8,53.4,60.6,52.2,25.2,77.6,48,97,14.3,PASS
S4008,Male,25,Business,ENG101,65.1,62.7,62.5,48.4,45.3,88.4,37,87,13.0,PASS
S4009,Female,28,Physics,CS201,85.1,84.6,89.2,70.8,45.0,96.6,46,125,17.7,PASS
S4010,Male,18,Mathematics,CS201,68.1,68.7,54.6,52.6,29.8,73.3,45,55,16.3,PASS
S4011,Male,18,Physics,PHY101,77.8,76.6,56.9,43.0,47.5,81.6,51,108,15.5,PASS
S4012,Male,29,Engineering,PHY101,66.5,68.5,90.7,60.8,30.9,87.4,35,91,12.5,PASS
S4013,Female,21,Computer Science,ENG101,74.5,69.0,60.3,77.7,41.2,85.3,51,72,13.0,PASS
S4014,Male,22,Computer Science,ENG101,65.4,67.2,55.9,59.8,51.8,73.5,45,90,14.0,PASS
S4015,Female,26,Engineering,MATH101,67.4,63.6,59.0,68.6,34.1,74.3,41,64,18.3,PASS
S4016,Male,28,Mathematics,PHY101,83.5,82.5,78.9,63.8,36.5,93.1,42,99,15.7,PASS
S4017,Female,24,Computer Science,CS201,72.1,62.9,64.9,45.1,51.1,72.3,53,102,14.1,PASS
S4018,Female,24,Business,BUS101,69.8,74.5,65.6,56.6,55.8,77.3,52,82,14.6,PASS
S4019,Male,25,Engineering,BUS101,36.8,35.3,47.4,61.1,17.6,62.8,23,64,9.5,FAIL
S4020,Male,22,Engineering,CS101,79.6,81.3,78.1,41.7,64.7,89.2,33,77,17.7,PASS
S4021,Male,22,Business,CS201,51.8,47.7,57.2,27.7,38.7,87.2,36,92,12.4,PASS
S4022,Male,18,Engineering,BUS101,89.9,87.1,68.5,61.0,72.1,62.0,38,98,16.9,PASS
S4023,Female,26,Mathematics,CS201,54.4,49.6,45.4,64.9,22.0,65.9,31,71,13.6,PASS
S4024,Female,23,Computer Science,PHY101,48.4,49.2,57.8,36.8,8.2,71.0,25,96,14.9,FAIL
S4025,Female,26,Mathematics,CS201,80.7,83.6,73.4,71.3,55.5,93.1,52,109,19.1,PASS
S4026,Female,20,Computer Science,BUS101,71.6,66.5,63.3,60.3,43.6,67.3,35,86,14.7,PASS
S4027,Male,22,Computer Science,CS201,85.0,85.7,73.0,74.8,54.5,92.9,43,94,19.5,PASS
S4028,Male,19,Business,ENG101,93.1,91.9,100.0,100.0,61.7,100.0,54,112,19.0,PASS
S4029,Female,27,Mathematics,CS101,100.0,100.0,71.4,69.9,79.3,91.0,59,100,18.6,PASS
S4030,Male,22,Computer Science,MATH101,69.9,65.4,58.9,53.3,34.8,85.0,37,64,10.1,PASS
S4031,Female,25,Engineering,BUS101,42.4,44.7,48.5,46.1,46.4,72.2,39,74,12.3,FAIL
S4032,Male,28,Engineering,PHY101,86.8,85.4,83.1,64.3,46.6,70.6,54,104,17.6,PASS
S4033,Male,19,Computer Science,MATH101,34.3,33.6,47.0,67.8,27.1,65.5,22,86,12.6,FAIL
S4034,Female,25,Mathematics,CS101,78.0,89.7,69.8,51.4,52.1,92.8,52,114,22.2,PASS
S4035,Male,21,Mathematics,ENG101,74.4,65.6,65.5,72.4,35.7,90.7,47,117,13.7,PASS
S4036,Female,27,Computer Science,ENG101,71.4,74.1,64.0,55.6,48.8,88.4,32,81,11.7,PASS
S4037,Female,27,Engineering,ENG101,94.8,97.0,74.4,71.5,45.4,86.9,51,98,15.9,PASS
S4038,Female,18,Mathematics,ENG101,61.6,64.8,49.9,53.6,14.0,85.1,29,55,15.4,PASS
S4039,Female,22,Engineering,BUS101,70.6,73.5,71.0,48.1,54.4,81.7,36,75,14.6,PASS
S4040,Female,18,Business,BUS101,73.5,74.5,93.9,76.9,56.9,65.0,40,61,16.5,PASS
S4041,Female,24,Computer Science,CS201,100.0,100.0,83.1,83.0,43.1,81.2,57,122,19.5,PASS
S4042,Male,25,Business,PHY101,100.0,100.0,91.5,100.0,57.2,83.7,52,100,22.7,PASS
S4043,Male,20,Computer Science,CS201,68.8,67.9,51.5,53.2,28.2,68.0,44,87,15.4,FAIL
S4044,Female,20,Mathematics,PHY101,75.1,74.2,61.3,41.4,52.9,81.7,38,99,13.0,PASS
S4045,Male,24,Engineering,CS101,55.9,50.6,51.1,47.9,47.1,84.2,35,78,11.0,PASS
S4046,Male,21,Computer Science,CS201,75.0,70.9,62.7,87.4,34.6,100.0,31,90,19.0,PASS
S4047,Male,20,Mathematics,CS101,64.4,65.5,57.6,53.8,12.6,73.0,43,77,13.0,PASS
S4048,Female,25,Computer Science,CS101,81.8,83.6,82.5,86.6,55.1,78.4,47,95,19.1,PASS
S4049,Female,20,Engineering,CS101,79.0,78.4,57.5,64.7,54.7,92.9,51,109,17.1,PASS
S4050,Male,24,Engineering,ENG101,76.2,79.5,93.1,76.6,35.4,76.4,49,116,19.0,PASS
S4051,Female,19,Computer Science,MATH101,68.8,66.7,82.1,32.6,35.3,91.8,24,74,19.5,PASS
S4052,Female,28,Physics,MATH101,79.7,92.1,57.5,66.5,38.6,84.1,38,106,14.7,PASS
S4053,Female,28,Mathematics,BUS101,35.1,35.8,71.3,79.2,21.2,67.3,48,48,13.7,FAIL
S4054,Female,18,Computer Science,CS101,81.9,85.3,80.0,63.2,59.2,82.3,45,71,14.3,PASS
S4055,Female,29,Business,ENG101,66.7,67.5,51.3,66.5,45.0,97.5,52,76,17.6,PASS
S4056,Male,23,Engineering,CS201,76.6,73.6,70.7,61.1,52.6,82.4,43,80,15.1,PASS
S4057,Female,25,Physics,CS201,100.0,97.5,96.4,68.2,44.7,77.3,47,94,13.5,PASS
S4058,Male,18,Engineering,BUS101,81.6,75.9,73.1,69.3,42.3,100.0,36,86,23.4,PASS
S4059,Female,27,Business,BUS101,69.0,60.4,76.8,31.1,55.6,88.6,42,93,15.0,PASS
S4060,Female,29,Engineering,CS101,51.6,56.3,58.3,52.6,16.6,77.7,32,96,15.0,PASS
S4061,Male,26,Engineering,CS101,78.4,75.4,51.4,70.1,37.1,54.5,50,117,16.0,PASS
S4062,Male,20,Engineering,CS201,85.3,85.0,70.2,94.9,58.8,79.2,55,103,20.4,PASS
S4063,Female,20,Computer Science,CS201,94.5,100.0,100.0,76.5,34.9,87.6,41,116,17.0,PASS
S4064,Male,21,Mathematics,CS201,52.8,58.7,42.2,63.1,19.7,62.7,29,64,11.5,PASS
S4065,Female,28,Engineering,CS201,88.1,88.9,100.0,61.2,62.4,81.7,46,106,20.0,PASS
S4066,Male,18,Physics,MATH101,41.7,40.6,55.4,48.8,6.7,62.2,29,62,10.9,FAIL
S4067,Male,26,Computer Science,CS101,90.7,89.9,81.0,77.2,45.3,90.3,46,113,15.8,PASS
S4068,Female,28,Business,CS101,28.4,39.4,35.1,33.5,24.3,76.9,29,70,10.6,FAIL
S4069,Female,20,Physics,CS201,57.8,58.7,57.8,46.3,21.4,85.0,50,83,14.7,PASS
S4070,Female,27,Business,ENG101,88.0,100.0,82.4,88.9,63.1,94.0,52,83,17.7,PASS
S4071,Male,21,Mathematics,CS201,95.4,88.9,86.1,100.0,60.5,82.0,60,89,17.4,PASS
S4072,Female,18,Mathematics,PHY101,67.4,67.6,64.1,70.9,37.3,97.4,33,61,14.8,PASS
S4073,Female,21,Engineering,BUS101,69.6,75.4,69.5,48.2,19.0,83.6,46,76,17.9,PASS
S4074,Female,18,Business,PHY101,63.4,68.8,62.8,59.4,38.3,59.4,51,70,13.5,PASS
S4075,Female,22,Computer Science,ENG101,78.3,81.4,44.9,51.6,28.1,89.1,43,77,11.9,PASS
S4076,Female,22,Engineering,BUS101,79.0,76.0,62.6,68.1,26.8,75.6,44,84,16.3,PASS
S4077,Male,28,Computer Science,ENG101,66.1,59.5,48.3,74.9,44.4,77.4,37,116,14.8,PASS
S4078,Male,24,Business,BUS101,44.1,43.2,56.6,44.3,29.8,75.9,36,96,12.2,PASS
S4079,Female,25,Engineering,CS201,52.2,57.4,64.5,54.4,7.2,79.7,23,98,13.3,PASS
S4080,Male,21,Engineering,CS201,37.3,45.8,46.8,43.6,19.1,81.8,36,61,12.5,FAIL
S4081,Female,24,Computer Science,ENG101,93.0,93.5,72.2,70.0,61.4,89.9,48,97,18.6,PASS
S4082,Male,21,Physics,BUS101,63.2,62.7,55.3,83.7,41.1,92.2,26,75,14.0,PASS
S4083,Female,20,Computer Science,MATH101,85.7,86.7,61.4,68.1,53.8,81.6,51,75,18.6,PASS
S4084,Female,23,Computer Science,ENG101,65.1,66.2,71.5,45.1,36.0,90.3,50,83,9.6,PASS
S4085,Male,21,Computer Science,ENG101,92.7,98.6,96.8,72.5,68.5,74.9,47,100,17.6,PASS
S4086,Male,20,Physics,PHY101,94.1,92.2,83.0,86.1,58.5,75.2,49,114,17.9,PASS
S4087,Male,26,Physics,CS101,68.6,68.0,53.5,66.9,54.7,85.5,30,86,14.7,PASS
S4088,Female,22,Business,ENG101,64.6,66.9,51.2,32.7,39.3,67.2,29,46,11.2,PASS
S4089,Female,24,Mathematics,MATH101,99.3,96.1,84.2,85.6,45.9,98.7,52,87,20.2,PASS
S4090,Male,29,Computer Science,CS201,77.4,72.8,54.8,56.0,48.5,87.2,30,80,15.8,PASS
S4091,Female,23,Physics,BUS101,63.7,70.7,64.4,45.1,22.1,89.3,34,57,10.2,PASS
S4092,Male,27,Computer Science,CS101,66.4,66.3,44.6,66.6,45.0,87.0,29,75,13.3,PASS
S4093,Male,22,Computer Science,BUS101,80.2,84.7,61.9,78.4,71.0,95.3,41,104,17.2,PASS
S4094,Female,24,Computer Science,CS201,90.8,94.2,63.2,68.2,55.2,98.0,54,87,21.9,PASS
S4095,Male,28,Business,ENG101,71.0,64.1,67.7,71.6,41.4,83.6,40,97,20.2,PASS
S4096,Male,23,Mathematics,PHY101,91.5,88.3,57.7,59.3,65.8,86.7,55,97,18.3,PASS
S4097,Male,27,Engineering,MATH101,64.2,64.5,56.5,48.1,41.6,90.5,38,96,18.0,PASS
S4098,Male,19,Physics,CS101,63.3,62.1,49.4,50.3,66.5,96.9,46,60,17.5,PASS
S4099,Male,20,Engineering,MATH101,69.7,70.9,59.9,57.3,41.3,78.3,37,92,17.1,PASS
S4100,Male,19,Computer Science,MATH101,73.6,74.5,70.7,52.0,48.0,93.4,53,76,13.5,PASS
S4101,Female,29,Engineering,MATH101,63.4,67.3,52.9,60.6,50.5,76.8,35,101,16.4,PASS
S4102,Male,20,Business,MATH101,61.6,61.4,71.3,60.9,19.4,75.1,40,62,12.2,PASS
S4103,Female,18,Mathematics,CS201,79.8,80.1,95.5,55.4,56.5,90.1,31,106,19.5,PASS
S4104,Male,25,Engineering,MATH101,65.5,58.3,43.4,48.5,34.0,87.8,47,83,14.2,PASS
S4105,Male,23,Business,PHY101,97.3,94.3,78.6,61.2,54.7,95.1,37,104,19.2,PASS
S4106,Female,19,Computer Science,MATH101,48.9,46.1,39.7,46.6,38.5,76.3,42,76,14.1,FAIL
S4107,Female,25,Business,CS201,54.2,52.0,48.2,69.1,24.2,78.2,31,51,17.9,FAIL
S4108,Male,23,Physics,BUS101,68.5,66.6,61.9,57.8,38.2,67.7,31,94,16.7,PASS
S4109,Female,24,Computer Science,CS201,86.4,89.4,92.6,69.5,50.0,87.2,47,90,23.6,PASS
S4110,Female,28,Mathematics,PHY101,74.9,83.8,74.0,44.4,43.9,96.1,35,107,13.7,PASS
S4111,Female,18,Business,PHY101,66.7,60.0,59.2,67.6,31.7,91.6,46,92,13.5,PASS
S4112,Male,24,Computer Science,ENG101,31.2,30.2,52.9,41.8,25.4,63.4,26,79,9.0,FAIL
S4113,Male,20,Physics,CS201,58.6,54.3,65.7,49.4,20.9,83.7,37,77,12.2,PASS
S4114,Male,28,Engineering,BUS101,46.7,40.0,61.9,28.7,5.4,79.0,32,82,14.5,FAIL
S4115,Female,29,Engineering,ENG101,71.5,68.8,80.4,67.3,39.3,98.4,29,97,14.1,PASS
S4116,Male,25,Computer Science,ENG101,63.4,58.2,42.7,38.4,44.5,88.5,41,98,12.8,PASS
S4117,Female,23,Computer Science,CS101,84.9,86.1,69.8,58.7,57.7,89.0,42,105,13.5,PASS
S4118,Male,21,Mathematics,MATH101,83.9,83.1,51.0,45.0,54.1,92.2,39,110,17.6,PASS
S4119,Male,28,Business,ENG101,85.4,84.0,87.0,48.6,47.2,78.9,44,81,21.2,PASS
S4120,Female,25,Physics,ENG101,65.4,66.9,47.9,78.8,44.0,82.7,55,82,16.5,PASS
S4121,Male,26,Computer Science,PHY101,70.2,63.1,62.7,66.4,40.5,100.0,32,79,21.7,PASS
S4122,Female,27,Computer Science,BUS101,61.1,56.0,70.0,75.0,35.8,79.1,24,87,17.4,PASS
S4123,Female,19,Computer Science,ENG101,71.8,73.5,47.0,57.8,12.7,77.9,47,83,19.2,PASS
S4124,Female,23,Engineering,BUS101,75.1,70.0,75.1,57.7,39.7,95.4,38,77,22.0,PASS
S4125,Female,22,Physics,MATH101,90.7,80.5,80.7,55.7,30.8,84.0,42,88,20.5,PASS
S4126,Female,22,Business,PHY101,82.2,90.2,69.5,74.6,74.7,75.7,39,89,13.8,PASS
S4127,Female,27,Engineering,CS101,70.6,72.3,64.5,68.9,52.7,96.7,49,82,17.4,PASS
S4128,Female,28,Mathematics,CS101,71.2,76.3,52.8,61.7,57.1,77.0,41,72,17.3,PASS
S4129,Male,20,Mathematics,MATH101,58.7,55.1,84.2,54.3,29.1,77.1,31,79,13.3,PASS
S4130,Male,29,Computer Science,MATH101,66.0,59.1,56.3,63.9,38.7,77.6,40,85,12.7,PASS
S4131,Male,25,Mathematics,PHY101,86.3,87.7,70.9,57.0,36.2,100.0,49,83,19.9,PASS
S4132,Male,25,Engineering,PHY101,66.4,60.9,61.3,71.5,26.0,59.9,37,75,14.3,PASS
S4133,Female,29,Computer Science,CS201,58.0,63.1,50.0,30.7,31.6,83.4,39,100,12.6,FAIL
S4134,Female,22,Computer Science,ENG101,76.3,77.5,66.5,47.4,39.1,70.4,46,63,22.7,PASS
S4135,Female,25,Engineering,ENG101,63.8,64.7,64.2,52.1,43.7,90.0,21,84,18.6,PASS
S4136,Male,27,Engineering,ENG101,72.3,73.4,61.6,45.0,48.2,76.4,54,112,11.5,PASS
S4137,Female,25,Computer Science,BUS101,100.0,100.0,83.8,67.0,55.2,87.4,53,96,27.8,PASS
S4138,Male,20,Computer Science,CS201,66.0,69.3,62.8,61.7,49.6,77.4,26,96,15.8,PASS
S4139,Female,19,Mathematics,ENG101,78.3,77.3,75.5,67.4,33.1,84.5,51,65,19.1,PASS
S4140,Female,26,Physics,BUS101,66.3,66.9,50.8,51.2,24.7,70.5,53,56,18.1,PASS
S4141,Male,19,Mathematics,BUS101,67.1,62.7,54.8,60.4,46.3,90.9,42,83,18.9,PASS
S4142,Male,26,Computer Science,CS101,95.3,92.7,84.2,79.6,63.7,82.6,47,84,22.1,PASS
S4143,Male,21,Computer Science,BUS101,45.8,52.1,32.5,45.4,37.7,69.6,41,82,9.9,FAIL
S4144,Female,29,Computer Science,MATH101,73.2,73.4,61.7,78.6,26.6,71.9,40,92,17.9,PASS
S4145,Female,19,Computer Science,PHY101,72.3,76.1,56.1,68.5,33.4,91.9,38,113,19.1,PASS
S4146,Female,27,Business,BUS101,73.8,69.4,75.0,77.8,47.9,80.4,41,97,19.8,PASS
S4147,Male,18,Business,MATH101,57.5,61.7,52.0,66.9,38.4,92.7,40,76,10.6,PASS
S4148,Male,21,Business,MATH101,68.1,67.1,51.6,68.6,63.6,49.8,42,92,17.7,PASS
S4149,Female,26,Business,CS101,93.6,94.8,59.8,44.5,43.9,96.2,50,95,21.9,PASS
S4150,Female,29,Computer Science,CS101,40.0,40.3,63.2,46.6,49.6,60.1,19,50,8.7,PASS
S4151,Male,26,Engineering,BUS101,69.0,69.9,79.8,65.8,47.6,73.4,36,96,17.4,PASS
S4152,Male,21,Business,CS101,79.9,79.3,74.3,63.8,61.9,83.9,52,98,16.4,PASS
S4153,Female,26,Engineering,CS101,67.2,73.6,55.6,58.3,47.6,86.8,35,73,13.3,PASS
S4154,Male,29,Computer Science,PHY101,28.3,20.7,67.0,32.2,8.1,96.7,16,87,6.7,FAIL
S4155,Male,23,Engineering,ENG101,62.6,65.3,63.8,72.1,30.9,71.3,55,71,13.6,PASS
S4156,Male,18,Computer Science,BUS101,66.4,63.1,61.0,58.9,39.9,73.3,55,111,17.4,PASS
S4157,Female,27,Computer Science,BUS101,52.2,47.4,46.5,54.1,13.0,69.3,46,74,5.7,FAIL
S4158,Female,23,Mathematics,BUS101,72.8,83.5,73.5,50.8,24.1,77.9,41,62,12.4,PASS
S4159,Female,26,Mathematics,CS101,75.4,70.7,64.9,80.6,37.8,93.1,47,116,14.9,PASS
S4160,Female,19,Computer Science,PHY101,90.7,81.7,66.0,81.9,62.9,88.1,40,111,22.2,PASS
S4161,Male,23,Computer Science,CS101,58.9,63.7,64.7,70.9,27.4,94.2,34,94,13.6,PASS
S4162,Male,19,Business,MATH101,69.7,67.2,68.7,85.4,41.0,94.6,34,45,19.3,PASS
S4163,Female,21,Computer Science,CS201,59.4,65.8,58.8,51.9,33.9,84.8,43,48,12.7,PASS
S4164,Male,25,Engineering,CS201,67.1,55.8,64.3,62.4,52.3,76.7,60,99,10.5,PASS
S4165,Female,24,Computer Science,CS201,72.8,82.1,70.2,73.3,48.8,63.8,40,103,11.7,PASS
S4166,Male,28,Computer Science,ENG101,68.0,72.7,62.3,51.0,51.1,79.4,49,63,13.5,PASS
S4167,Male,29,Mathematics,CS101,95.3,94.2,74.8,72.9,71.2,81.0,58,104,14.4,PASS
S4168,Male,26,Mathematics,MATH101,48.0,39.3,51.0,50.0,17.0,73.8,37,73,12.5,FAIL
S4169,Male,24,Computer Science,MATH101,51.5,44.8,58.3,48.3,5.9,72.3,41,58,18.4,FAIL
S4170,Male,18,Engineering,CS201,43.7,40.3,62.2,33.7,21.3,69.4,36,65,7.6,FAIL
S4171,Male,19,Computer Science,PHY101,100.0,100.0,100.0,74.8,73.6,89.9,58,128,22.4,PASS
S4172,Female,23,Computer Science,ENG101,75.2,70.9,53.7,37.0,53.4,65.1,31,75,20.7,PASS
S4173,Male,24,Physics,ENG101,41.7,31.4,41.4,62.0,20.5,67.5,35,45,10.1,FAIL
S4174,Female,20,Business,CS201,60.3,61.5,62.4,56.6,59.2,90.8,38,73,13.2,PASS
S4175,Female,26,Engineering,CS201,70.2,75.2,50.7,47.3,51.4,91.1,40,40,11.7,PASS
S4176,Female,24,Mathematics,CS101,59.8,70.8,72.2,42.0,28.7,77.7,32,76,9.9,FAIL
S4177,Female,23,Mathematics,PHY101,49.4,44.3,36.2,62.8,43.6,58.2,46,50,13.0,PASS
S4178,Female,23,Mathematics,ENG101,96.2,91.6,76.9,96.0,38.7,85.9,51,82,26.3,PASS
S4179,Male,18,Computer Science,MATH101,93.4,78.4,68.3,76.1,60.0,82.6,57,100,17.3,PASS
S4180,Male,22,Computer Science,CS201,56.4,48.6,70.2,73.9,27.5,78.7,39,56,15.3,PASS
S4181,Male,27,Business,CS101,70.1,64.7,74.6,54.0,41.2,82.6,50,70,12.7,PASS
S4182,Female,20,Engineering,MATH101,57.3,52.8,66.1,33.4,41.6,82.1,42,102,11.7,PASS
S4183,Female,24,Physics,ENG101,84.6,81.9,60.2,76.5,61.8,71.4,44,95,14.6,PASS
S4184,Male,27,Business,CS201,47.2,50.1,53.8,52.9,29.6,55.3,45,78,9.9,FAIL
S4185,Male,20,Physics,PHY101,46.0,48.6,47.3,57.0,25.0,69.4,39,83,12.3,FAIL
S4186,Female,22,Computer Science,CS201,90.1,87.5,76.9,62.1,33.4,76.6,46,95,13.4,PASS
S4187,Male,24,Mathematics,PHY101,69.0,69.1,76.3,56.2,22.7,82.6,27,99,15.0,PASS
S4188,Female,20,Engineering,CS101,99.7,92.9,95.5,53.1,28.9,90.6,55,109,13.6,PASS
S4189,Female,27,Physics,CS101,63.5,60.7,51.9,64.4,40.1,66.6,55,66,13.1,PASS
S4190,Female,19,Computer Science,ENG101,56.0,49.6,50.6,53.0,44.7,79.6,44,84,9.7,PASS
S4191,Female,23,Engineering,PHY101,100.0,96.3,83.0,66.8,31.4,96.9,53,77,24.2,PASS
S4192,Female,25,Mathematics,CS201,75.1,84.4,98.2,73.4,57.7,98.6,37,46,16.8,PASS
S4193,Male,21,Engineering,CS101,86.8,87.5,62.2,68.7,68.8,74.7,33,113,17.4,PASS
S4194,Female,26,Engineering,CS201,81.5,78.6,82.5,62.6,51.1,82.4,52,89,13.1,PASS
S4195,Female,29,Physics,ENG101,63.9,66.3,71.1,67.7,56.8,73.2,42,98,14.5,PASS
S4196,Male,29,Engineering,PHY101,79.7,77.7,51.4,70.8,47.3,100.0,35,89,16.1,PASS
S4197,Male,25,Business,CS201,85.0,93.4,67.9,61.2,35.9,67.9,43,102,18.5,PASS
S4198,Male,24,Computer Science,MATH101,94.0,95.8,86.2,65.8,52.5,95.7,46,116,18.4,PASS
S4199,Male,24,Mathematics,CS201,62.7,56.8,81.8,46.1,56.8,74.7,43,59,12.1,PASS
S4200,Female,20,Business,BUS101,86.3,92.9,80.0,63.6,44.4,75.8,46,100,17.9,PASS
S4201,Female,23,Engineering,BUS101,62.1,65.2,47.6,66.3,42.3,76.6,48,91,9.9,PASS
S4202,Male,22,Computer Science,ENG101,100.0,100.0,100.0,93.0,66.5,92.1,60,109,11.7,PASS
S4203,Male,18,Business,ENG101,60.6,64.7,55.7,62.0,50.4,59.4,42,57,11.3,PASS
S4204,Female,28,Computer Science,ENG101,55.2,58.9,33.8,65.3,10.8,73.9,20,77,9.0,FAIL
S4205,Male,20,Computer Science,MATH101,100.0,100.0,100.0,100.0,76.6,86.9,56,111,23.5,PASS
S4206,Male,29,Business,PHY101,64.3,63.5,44.2,53.0,27.2,63.4,45,92,18.5,PASS
S4207,Female,18,Computer Science,MATH101,68.4,72.9,60.2,67.8,59.2,88.8,47,111,17.4,PASS
S4208,Female,21,Computer Science,CS201,50.0,49.1,59.5,59.4,25.6,64.9,47,84,12.1,PASS
S4209,Male,27,Business,CS101,79.4,86.1,71.5,60.5,43.4,96.4,53,79,13.9,PASS
S4210,Male,20,Computer Science,PHY101,91.8,94.3,76.4,74.2,64.3,81.8,51,111,18.7,PASS
S4211,Male,28,Engineering,BUS101,69.3,70.2,74.9,88.9,57.2,59.3,25,99,12.5,PASS
S4212,Female,21,Computer Science,BUS101,52.6,55.7,43.6,49.6,25.9,90.8,41,61,10.5,PASS
S4213,Female,26,Business,BUS101,66.8,67.6,64.9,64.9,36.7,67.6,47,122,12.6,PASS
S4214,Male,20,Business,CS201,96.3,100.0,79.8,60.6,50.5,82.8,60,137,21.9,PASS
S4215,Female,29,Business,CS201,86.7,91.4,74.2,77.3,45.1,78.8,57,85,17.1,PASS
S4216,Female,23,Computer Science,ENG101,70.0,70.4,58.8,52.9,48.0,75.5,52,62,7.7,PASS
S4217,Male,23,Computer Science,CS101,70.2,53.9,58.8,63.5,41.0,82.7,35,68,12.9,PASS
S4218,Male,24,Computer Science,ENG101,57.9,62.2,64.4,36.5,49.9,89.0,39,60,13.3,PASS
S4219,Female,26,Engineering,CS201,67.6,69.7,53.5,44.2,32.2,60.1,25,62,15.5,PASS
S4220,Male,29,Physics,MATH101,28.2,40.3,31.8,18.0,25.9,66.5,21,54,4.6,FAIL
S4221,Male,24,Computer Science,ENG101,74.1,67.6,73.5,82.8,53.0,92.6,45,69,18.0,PASS
S4222,Female,18,Computer Science,PHY101,69.5,68.5,62.7,52.4,38.4,81.3,38,109,18.4,PASS
S4223,Female,25,Computer Science,CS201,77.6,69.8,56.8,64.2,43.5,86.2,42,63,17.9,PASS
S4224,Female,22,Business,CS201,25.7,22.0,22.5,15.4,21.3,78.3,40,68,9.0,FAIL
S4225,Female,26,Business,MATH101,83.5,91.3,74.2,65.4,41.8,69.7,24,87,19.1,PASS
S4226,Female,27,Business,MATH101,71.4,63.1,56.0,35.2,38.5,83.1,49,92,16.8,PASS
S4227,Male,29,Mathematics,MATH101,26.5,19.6,58.5,28.3,0.3,76.1,41,61,6.1,FAIL
S4228,Female,22,Engineering,CS101,82.1,85.0,65.6,76.7,38.3,89.1,48,93,20.2,PASS
S4229,Male,22,Computer Science,PHY101,57.7,58.7,56.3,51.4,22.2,71.4,39,98,16.9,PASS
S4230,Male,29,Computer Science,CS201,65.6,63.9,56.0,52.9,28.1,61.7,48,74,9.6,PASS
S4231,Female,29,Business,MATH101,100.0,87.2,84.9,47.1,38.9,92.9,53,76,15.5,PASS
S4232,Female,19,Business,CS101,87.7,94.1,73.0,86.9,32.8,80.6,43,93,18.8,PASS
S4233,Male,29,Engineering,BUS101,100.0,98.8,100.0,90.1,70.4,95.9,60,88,20.9,PASS
S4234,Female,28,Business,PHY101,62.0,56.9,39.8,63.7,35.5,70.6,27,86,17.0,PASS
S4235,Male,20,Business,BUS101,77.8,79.4,62.2,56.0,61.6,97.1,40,78,19.4,PASS
S4236,Male,27,Mathematics,BUS101,90.7,97.0,85.4,57.2,67.0,97.6,44,83,20.2,PASS
S4237,Male,26,Business,CS201,72.8,71.4,50.5,70.0,38.1,69.3,41,106,15.7,PASS
S4238,Female,24,Mathematics,CS101,92.4,89.1,100.0,81.6,44.3,100.0,45,129,16.0,PASS
S4239,Female,18,Computer Science,CS101,70.7,70.9,77.7,64.9,44.2,67.8,28,71,18.3,PASS
S4240,Male,20,Business,BUS101,36.6,38.5,49.2,35.3,16.6,77.0,38,69,12.5,FAIL
S4241,Female,29,Physics,PHY101,60.4,62.8,50.7,61.5,43.9,75.6,45,74,16.8,PASS
S4242,Male,19,Engineering,ENG101,64.7,63.5,54.6,32.1,15.0,78.1,36,87,10.8,PASS
S4243,Female,18,Mathematics,BUS101,64.8,70.9,61.4,68.7,42.9,90.4,45,77,18.1,PASS
S4244,Male,26,Business,CS201,77.1,72.7,71.5,58.0,65.3,86.7,55,99,19.8,PASS
S4245,Male,25,Computer Science,BUS101,79.9,79.1,66.0,64.6,43.2,71.5,43,74,14.1,PASS
S4246,Female,22,Business,PHY101,84.2,83.3,66.9,95.9,57.9,80.0,52,111,18.2,PASS
S4247,Male,28,Computer Science,PHY101,57.1,49.4,80.9,60.6,19.5,81.9,35,76,14.9,PASS
S4248,Male,29,Physics,BUS101,70.9,72.7,65.8,59.1,35.3,92.0,47,112,18.5,PASS
S4249,Female,19,Mathematics,CS101,73.9,74.3,75.2,50.9,33.8,90.7,59,114,15.6,PASS
S4250,Female,18,Computer Science,BUS101,90.5,89.5,85.7,67.9,72.7,85.1,54,99,17.7,PASS
S4251,Male,24,Computer Science,MATH101,72.6,75.1,65.9,56.0,67.1,78.2,40,80,15.8,PASS
S4252,Male,28,Business,MATH101,55.5,54.5,60.7,52.9,27.4,96.6,37,68,10.5,PASS
S4253,Male,28,Engineering,ENG101,70.5,77.5,64.7,59.9,57.9,90.2,37,92,15.6,PASS
S4254,Male,19,Computer Science,CS201,73.3,75.7,58.5,53.4,51.0,80.1,42,94,17.6,PASS
S4255,Male,18,Engineering,CS201,46.7,48.6,51.1,48.1,23.4,74.3,29,67,13.9,FAIL
S4256,Female,19,Engineering,CS101,80.1,76.8,95.8,70.3,67.2,73.5,44,77,16.2,PASS
S4257,Female,24,Computer Science,CS201,66.8,57.4,65.0,57.9,33.1,76.7,25,67,17.0,PASS
S4258,Male,24,Mathematics,ENG101,86.1,90.1,99.1,100.0,43.9,80.0,42,110,18.4,PASS
S4259,Male,27,Physics,MATH101,79.3,69.8,69.4,86.5,35.3,80.0,43,72,16.9,PASS
S4260,Male,23,Mathematics,CS101,48.7,47.4,71.6,56.3,39.9,85.7,47,64,18.2,PASS
S4261,Male,22,Mathematics,PHY101,61.3,65.7,47.7,46.3,25.3,65.6,46,82,15.0,PASS
S4262,Female,20,Computer Science,MATH101,46.8,42.5,49.0,51.8,26.3,72.1,34,86,11.6,PASS
S4263,Male,29,Computer Science,ENG101,75.9,73.6,67.6,56.2,41.4,73.3,33,92,16.8,PASS
S4264,Male,20,Computer Science,CS101,52.0,45.0,57.5,44.8,24.9,78.2,35,59,12.8,PASS
S4265,Female,28,Mathematics,BUS101,41.4,36.8,30.9,38.0,22.1,85.9,30,63,10.6,FAIL
S4266,Male,29,Physics,CS201,44.7,40.7,51.1,35.5,21.8,80.5,28,61,13.8,FAIL
S4267,Female,26,Business,ENG101,61.0,58.7,54.4,41.2,55.6,80.5,45,96,14.4,PASS
S4268,Male,21,Mathematics,CS101,84.7,85.4,67.5,57.8,56.1,95.5,41,104,20.9,PASS
S4269,Female,26,Business,MATH101,66.5,67.6,53.4,86.6,41.0,88.9,38,65,14.6,PASS
S4270,Female,21,Engineering,CS101,78.6,85.8,75.5,71.5,42.2,79.3,32,86,21.9,PASS
S4271,Female,19,Engineering,BUS101,53.0,50.6,53.1,30.2,16.8,58.8,37,80,12.9,FAIL
S4272,Female,21,Computer Science,ENG101,86.4,89.2,70.1,59.1,44.3,97.6,53,71,18.1,PASS
S4273,Male,23,Computer Science,CS101,91.3,88.1,83.1,83.0,54.5,75.6,42,111,17.1,PASS
S4274,Male,23,Business,PHY101,63.5,71.9,51.1,55.9,37.3,67.4,48,85,15.6,PASS
S4275,Female,22,Engineering,ENG101,75.1,75.7,50.0,69.6,46.9,79.9,50,98,22.3,PASS
S4276,Female,18,Business,ENG101,64.5,63.5,68.6,46.6,56.3,73.5,37,60,14.8,PASS
S4277,Male,20,Business,MATH101,67.4,63.5,60.5,56.0,35.1,68.5,51,84,17.6,PASS
S4278,Male,22,Computer Science,CS201,91.3,95.9,74.0,63.7,71.7,86.5,57,94,18.2,PASS
S4279,Male,23,Engineering,PHY101,81.7,82.4,67.7,58.3,46.6,81.6,50,77,9.9,PASS
S4280,Male,18,Engineering,BUS101,70.6,71.6,60.4,49.8,44.7,86.0,58,81,20.5,PASS
S4281,Male,26,Engineering,CS101,73.7,68.5,60.9,58.3,43.1,82.3,50,100,17.6,PASS
S4282,Female,20,Mathematics,CS201,64.9,60.9,58.2,64.1,54.9,82.7,49,69,22.5,PASS
S4283,Male,27,Engineering,MATH101,63.3,54.5,52.5,19.0,27.9,77.5,39,82,14.9,FAIL
S4284,Male,20,Business,CS201,63.8,61.3,69.6,51.7,47.8,82.5,32,105,14.0,PASS
S4285,Female,28,Mathematics,ENG101,85.3,82.9,76.0,59.9,72.1,81.4,40,67,17.7,PASS
S4286,Female,19,Mathematics,ENG101,95.7,89.0,71.8,72.1,56.2,87.4,49,97,21.5,PASS
S4287,Female,25,Mathematics,BUS101,54.9,54.6,51.8,60.7,0.0,68.0,43,68,12.7,FAIL
S4288,Female,20,Computer Science,PHY101,60.4,58.6,43.6,54.5,22.8,69.4,37,88,12.7,PASS
S4289,Male,23,Computer Science,CS101,40.0,36.4,36.2,56.9,18.8,72.5,39,66,8.8,FAIL
S4290,Female,19,Computer Science,CS101,65.1,60.8,54.5,39.0,43.8,97.9,25,97,14.9,PASS
S4291,Female,24,Computer Science,MATH101,67.9,68.8,77.4,86.1,56.6,84.7,33,91,18.0,PASS
S4292,Male,21,Physics,BUS101,61.3,57.4,45.9,54.0,35.5,73.5,34,84,15.2,PASS
S4293,Female,26,Business,CS101,64.1,72.3,70.9,41.0,33.2,64.5,32,94,15.1,PASS
S4294,Female,27,Computer Science,PHY101,55.9,55.0,58.7,54.8,41.5,83.9,42,75,13.1,PASS
S4295,Male,26,Computer Science,ENG101,61.5,66.1,49.8,51.2,34.9,89.9,38,72,11.2,PASS
S4296,Male,24,Computer Science,BUS101,42.2,36.5,37.5,66.6,25.7,77.8,27,74,12.7,FAIL
S4297,Male,29,Business,CS201,81.0,80.2,72.5,81.9,42.8,88.9,49,85,15.3,PASS
S4298,Male,25,Business,BUS101,66.8,62.0,86.1,74.3,59.7,65.9,53,66,15.6,PASS
S4299,Male,20,Mathematics,BUS101,79.6,81.7,64.9,28.8,50.0,85.1,49,74,20.6,PASS
S4300,Female,28,Physics,PHY101,92.5,92.2,79.2,61.3,69.6,81.8,43,77,18.2,PASS
S4301,Male,22,Computer Science,PHY101,82.8,92.7,68.8,78.6,54.2,91.0,47,91,14.5,PASS
S4302,Female,19,Engineering,CS101,43.9,42.0,47.3,54.8,39.8,62.4,28,72,13.5,PASS
S4303,Female,27,Computer Science,MATH101,50.0,41.2,53.7,41.1,40.2,74.3,42,51,14.2,PASS
S4304,Female,24,Engineering,MATH101,43.8,43.5,47.4,36.3,36.4,80.6,35,88,8.9,FAIL
S4305,Female,25,Physics,PHY101,53.3,54.2,79.3,62.5,37.5,68.8,47,93,10.3,PASS
S4306,Male,26,Business,CS101,57.0,53.9,63.1,32.2,15.9,73.4,38,75,14.8,FAIL
S4307,Male,28,Business,CS101,75.2,71.4,52.7,41.5,26.4,91.3,44,101,19.6,PASS
S4308,Female,28,Engineering,CS101,98.8,92.8,92.0,100.0,47.0,100.0,38,93,21.8,PASS
S4309,Female,24,Computer Science,PHY101,73.2,75.6,54.9,64.1,58.1,89.2,27,63,14.5,PASS
S4310,Female,27,Computer Science,MATH101,82.4,85.4,100.0,52.4,57.2,85.5,47,89,21.6,PASS
S4311,Male,27,Engineering,CS101,95.1,100.0,78.4,59.9,53.1,82.3,36,92,18.0,PASS
S4312,Female,25,Business,PHY101,82.1,81.3,55.8,62.9,66.8,82.3,38,95,20.9,PASS
S4313,Male,29,Computer Science,CS201,83.3,84.1,67.5,69.4,62.1,91.6,48,102,21.3,PASS
S4314,Female,26,Business,CS201,97.5,96.3,94.2,60.7,64.8,84.1,46,115,21.7,PASS
S4315,Female,23,Mathematics,ENG101,68.7,82.2,59.6,48.1,49.8,76.0,32,69,13.1,PASS
S4316,Male,29,Engineering,CS201,51.2,54.3,55.8,67.6,37.8,62.5,30,105,16.4,PASS
S4317,Female,29,Business,BUS101,100.0,100.0,70.4,62.9,45.3,100.0,60,86,25.8,PASS
S4318,Male,27,Engineering,ENG101,84.1,94.6,76.0,61.4,51.1,94.9,46,92,21.2,PASS
S4319,Male,19,Business,CS201,55.4,55.1,46.5,53.8,39.8,72.6,40,84,10.2,PASS
S4320,Male,19,Mathematics,BUS101,59.0,76.7,41.3,52.4,35.0,91.3,39,76,10.2,PASS
S4321,Female,21,Physics,CS201,71.5,79.8,69.0,84.6,34.4,85.4,53,54,17.1,PASS
S4322,Female,26,Engineering,PHY101,65.2,65.1,69.6,45.7,18.5,70.4,42,64,11.3,PASS
S4323,Female,24,Engineering,BUS101,63.7,66.3,55.1,51.7,28.5,73.7,44,77,15.2,PASS
S4324,Male,19,Computer Science,CS101,56.9,57.6,59.5,51.1,45.3,67.0,24,82,13.5,PASS
S4325,Female,25,Computer Science,PHY101,28.0,31.8,41.6,34.5,23.5,71.8,28,49,6.8,FAIL
S4326,Female,28,Business,BUS101,34.5,31.6,48.3,53.4,1.7,91.9,29,74,12.9,FAIL
S4327,Male,24,Physics,PHY101,37.2,47.7,40.6,49.3,31.4,71.1,22,74,7.8,PASS
S4328,Female,26,Engineering,CS101,60.7,57.4,53.6,90.3,20.7,71.9,27,90,16.4,PASS
S4329,Male,25,Computer Science,BUS101,45.0,46.3,45.9,47.8,24.7,71.8,31,72,11.4,FAIL
S4330,Female,20,Computer Science,BUS101,45.3,47.1,60.4,52.4,36.9,90.6,55,67,11.9,FAIL
S4331,Male,18,Engineering,PHY101,69.4,67.8,62.0,38.7,37.8,88.3,33,91,15.1,PASS
S4332,Male,19,Computer Science,CS201,82.7,76.3,64.3,63.4,32.9,86.5,47,89,17.2,PASS
S4333,Male,19,Computer Science,BUS101,82.3,83.5,70.8,77.9,18.0,69.0,44,110,22.1,PASS
S4334,Female,21,Business,CS201,96.1,97.3,89.6,76.5,46.3,91.2,54,82,13.1,PASS
S4335,Male,23,Computer Science,BUS101,52.3,50.6,39.6,37.2,26.2,68.4,51,99,17.1,PASS
S4336,Male,21,Engineering,MATH101,70.3,68.8,72.6,52.2,46.9,95.0,25,94,9.4,PASS
S4337,Female,26,Mathematics,ENG101,79.9,80.6,89.2,33.8,40.7,74.2,36,90,20.3,PASS
S4338,Female,21,Computer Science,CS201,45.6,51.8,56.0,32.9,21.2,65.3,46,75,11.5,FAIL
S4339,Male,23,Business,CS201,62.3,68.2,70.5,76.1,31.2,84.4,42,82,16.0,PASS
S4340,Male,23,Business,CS101,74.1,76.5,81.3,65.0,35.9,83.0,38,86,15.6,PASS
S4341,Male,27,Business,MATH101,34.6,32.5,26.6,56.4,43.0,62.3,27,86,10.0,FAIL
S4342,Male,28,Engineering,CS101,67.4,65.7,83.2,44.1,43.5,69.2,27,106,15.4,PASS
S4343,Female,27,Engineering,MATH101,90.4,89.2,88.5,76.6,42.9,100.0,50,100,19.2,PASS
S4344,Female,18,Mathematics,MATH101,99.0,96.8,74.0,70.8,34.1,88.8,50,108,17.7,PASS
S4345,Female,25,Mathematics,PHY101,55.8,50.3,51.1,50.8,35.0,77.8,37,61,9.6,PASS
S4346,Male,29,Engineering,PHY101,95.7,91.8,75.1,65.4,74.8,89.8,45,89,11.4,PASS
S4347,Female,20,Computer Science,PHY101,38.6,41.6,68.2,36.5,29.3,53.1,33,75,10.7,FAIL
S4348,Female,23,Computer Science,BUS101,74.8,71.6,73.6,48.8,75.6,91.0,35,86,23.5,PASS
S4349,Female,20,Computer Science,CS101,73.5,73.6,56.5,58.6,37.1,75.8,37,92,11.0,PASS
S4350,Female,28,Business,ENG101,64.9,64.9,86.9,69.0,45.3,73.1,42,63,19.8,PASS
S4351,Female,19,Computer Science,MATH101,69.6,71.9,72.7,51.7,23.8,81.4,38,89,16.2,PASS
S4352,Female,22,Engineering,MATH101,87.4,84.1,76.4,55.0,31.3,65.0,47,125,18.0,PASS
S4353,Male,18,Mathematics,CS201,57.0,40.5,50.5,55.2,32.0,59.5,34,65,15.7,PASS
S4354,Female,26,Computer Science,BUS101,60.9,57.8,58.4,50.8,50.5,86.7,42,85,13.3,PASS
S4355,Female,28,Mathematics,ENG101,65.0,60.4,37.3,53.3,59.2,86.1,35,77,12.7,PASS
S4356,Female,24,Business,PHY101,42.7,32.2,45.2,43.4,26.3,64.8,35,85,6.8,FAIL
S4357,Male,20,Computer Science,MATH101,63.5,60.7,74.6,86.1,27.2,90.2,45,84,14.5,PASS
S4358,Female,21,Business,CS201,80.2,76.8,90.8,82.1,21.7,97.6,44,83,16.5,PASS
S4359,Female,23,Business,CS101,91.4,91.3,100.0,94.6,47.6,73.9,46,85,17.7,PASS
S4360,Male,20,Engineering,MATH101,71.2,73.8,77.2,69.8,42.0,84.8,38,92,18.5,PASS
S4361,Male,29,Computer Science,CS201,100.0,100.0,89.8,69.7,53.0,84.7,48,94,19.0,PASS
S4362,Female,24,Engineering,CS101,78.4,78.8,65.3,54.3,25.3,59.0,55,126,19.2,PASS
S4363,Female,23,Physics,BUS101,39.1,39.2,42.9,38.4,23.3,58.5,40,72,7.0,FAIL
S4364,Female,26,Business,PHY101,64.1,74.1,69.8,66.9,34.1,82.8,43,89,17.6,PASS
S4365,Male,29,Computer Science,CS101,76.1,69.7,82.3,54.3,51.0,73.6,39,61,20.3,PASS
S4366,Female,22,Business,MATH101,97.5,91.5,67.5,55.2,48.5,100.0,60,101,19.8,PASS
S4367,Male,21,Engineering,ENG101,65.5,68.5,70.1,61.3,34.6,81.5,54,58,14.9,PASS
S4368,Male,20,Business,CS101,68.0,74.6,60.3,45.2,40.7,100.0,26,80,17.5,PASS
S4369,Male,27,Business,ENG101,74.0,81.2,87.0,81.8,48.6,66.1,42,100,17.8,PASS
S4370,Male,18,Engineering,ENG101,47.3,38.2,72.3,44.1,22.3,91.2,36,99,10.6,PASS
S4371,Male,20,Mathematics,CS101,80.3,71.4,64.5,76.3,38.6,94.8,41,108,17.4,PASS
S4372,Male,20,Business,BUS101,79.0,78.4,74.2,68.4,33.8,82.1,32,92,23.7,PASS
S4373,Male,24,Business,CS101,69.3,72.9,40.0,68.1,42.2,95.3,34,104,13.8,PASS
S4374,Male,24,Computer Science,CS201,66.7,64.8,61.5,45.6,35.0,78.8,51,110,16.7,PASS
S4375,Male,29,Mathematics,PHY101,50.0,44.2,62.6,48.1,50.0,90.8,27,60,14.0,PASS
S4376,Male,18,Physics,ENG101,61.6,55.3,57.3,51.2,34.3,70.2,33,97,14.5,PASS
S4377,Male,20,Computer Science,PHY101,66.8,72.0,49.7,37.1,41.3,81.7,41,72,18.7,PASS
S4378,Female,25,Engineering,MATH101,70.3,75.6,63.2,70.0,52.9,80.0,41,82,20.6,PASS
S4379,Male,26,Computer Science,ENG101,43.0,46.2,47.6,45.3,38.0,60.0,29,78,16.1,FAIL
S4380,Male,24,Mathematics,MATH101,59.4,59.1,60.3,49.0,29.9,69.0,44,98,16.5,PASS
S4381,Male,24,Business,CS201,61.9,57.5,62.7,71.8,59.3,80.7,45,78,18.5,PASS
S4382,Male,29,Computer Science,CS201,45.4,35.8,58.0,58.2,52.4,71.8,27,56,8.7,PASS
S4383,Female,28,Mathematics,PHY101,50.4,42.9,59.7,86.2,25.8,78.3,25,49,7.5,PASS
S4384,Female,25,Computer Science,CS201,18.6,8.4,43.8,27.7,10.8,57.1,29,55,0.0,FAIL
S4385,Female,23,Mathematics,CS101,79.0,77.5,80.3,56.1,50.8,73.4,43,111,15.3,PASS
S4386,Female,28,Engineering,ENG101,76.9,79.2,76.5,93.1,36.4,77.5,47,81,21.5,PASS
S4387,Female,20,Engineering,MATH101,63.5,63.8,68.4,49.9,37.0,81.5,39,99,15.3,PASS
S4388,Male,18,Computer Science,PHY101,62.6,69.7,60.5,47.2,25.2,76.7,35,70,11.9,PASS
S4389,Male,24,Computer Science,PHY101,38.0,38.9,36.6,45.1,21.6,67.1,30,70,18.0,FAIL
S4390,Male,18,Business,CS201,47.6,39.4,53.4,57.7,26.2,81.0,45,78,9.6,PASS
S4391,Male,18,Business,CS201,62.9,62.2,65.2,53.3,41.8,83.3,33,93,11.8,PASS
S4392,Female,26,Computer Science,MATH101,100.0,99.5,88.4,93.5,65.9,94.5,48,84,18.1,PASS
S4393,Female,27,Computer Science,ENG101,62.6,65.1,59.7,51.5,36.5,78.0,28,77,16.9,PASS
S4394,Male,24,Computer Science,ENG101,81.3,85.5,81.9,86.7,63.8,77.2,32,107,13.4,PASS
S4395,Female,28,Business,PHY101,57.2,59.6,66.2,49.0,22.6,64.6,27,58,15.1,PASS
S4396,Female,21,Business,MATH101,87.5,85.0,81.0,59.1,47.4,83.0,32,104,14.6,PASS
S4397,Male,23,Computer Science,PHY101,71.9,78.8,49.5,59.1,34.3,82.7,32,67,17.3,PASS
S4398,Male,18,Business,BUS101,37.7,41.8,31.7,15.9,40.4,80.0,35,66,12.6,FAIL
S4399,Male,24,Computer Science,ENG101,86.4,73.4,84.3,46.6,49.2,83.0,51,94,16.3,PASS
S4400,Male,29,Physics,MATH101,53.7,57.5,61.2,59.3,29.8,64.3,26,67,12.3,PASS
S4401,Male,23,Physics,MATH101,42.3,37.9,38.0,37.7,40.8,59.1,23,83,5.1,FAIL
S4402,Male,21,Business,PHY101,82.3,73.5,73.9,48.3,30.8,86.8,44,93,18.3,PASS
S4403,Male,24,Physics,CS201,67.3,68.6,44.6,43.9,27.8,88.2,59,93,14.7,PASS
S4404,Male,20,Mathematics,MATH101,47.7,59.3,49.0,52.6,26.8,61.1,29,64,8.9,PASS
S4405,Female,18,Mathematics,PHY101,84.2,83.9,90.9,61.8,43.5,96.8,43,112,22.2,PASS
S4406,Female,21,Business,CS101,58.7,57.2,56.6,24.5,45.6,66.1,48,91,14.2,FAIL
S4407,Female,20,Engineering,CS201,35.1,35.6,46.8,43.7,3.8,63.4,40,65,9.8,FAIL
S4408,Male,18,Computer Science,CS201,59.5,71.4,50.1,59.7,42.7,88.1,44,62,18.1,PASS
S4409,Male,19,Engineering,ENG101,100.0,98.6,96.7,91.1,47.9,85.2,58,120,14.2,PASS
S4410,Female,28,Business,BUS101,71.5,76.4,67.8,73.4,46.0,80.0,51,71,13.1,PASS
S4411,Male,22,Computer Science,ENG101,64.7,62.7,50.9,51.7,49.4,83.4,35,89,13.5,PASS
S4412,Male,25,Computer Science,CS101,73.8,70.9,75.2,87.8,66.7,94.1,46,88,10.2,PASS
S4413,Female,18,Engineering,PHY101,77.5,84.6,59.3,54.0,28.5,82.4,40,88,15.5,PASS
S4414,Female,21,Computer Science,CS201,53.2,47.7,63.9,52.2,33.2,77.1,29,60,6.9,FAIL
S4415,Male,21,Business,CS201,65.6,69.3,47.9,50.0,50.8,78.0,44,68,11.3,PASS
S4416,Male,22,Physics,MATH101,73.1,71.3,72.0,70.3,44.7,68.0,40,108,16.8,PASS
S4417,Male,24,Business,BUS101,66.1,62.3,68.7,68.1,44.2,92.7,39,87,14.2,PASS
S4418,Male,29,Business,BUS101,93.6,91.5,89.0,91.0,47.7,58.8,57,111,19.6,PASS
S4419,Male,25,Business,MATH101,83.0,71.7,58.9,56.6,45.9,87.9,48,58,14.0,PASS
S4420,Male,23,Engineering,CS101,90.7,85.4,84.5,65.6,45.1,98.7,46,88,17.6,PASS
S4421,Male,18,Computer Science,BUS101,80.4,81.1,82.7,68.2,55.5,97.1,43,102,15.9,PASS
S4422,Female,24,Mathematics,CS201,76.2,75.0,62.5,52.1,67.9,74.6,32,79,10.8,PASS
S4423,Female,20,Computer Science,CS101,58.2,53.5,60.2,45.2,36.8,81.4,43,52,15.8,FAIL
S4424,Female,23,Computer Science,ENG101,100.0,100.0,81.6,92.7,60.7,81.3,49,110,24.1,PASS
S4425,Male,25,Mathematics,ENG101,84.0,79.1,75.4,87.1,24.8,78.3,43,63,21.0,PASS
S4426,Male,24,Computer Science,CS101,95.1,100.0,85.8,57.8,56.3,100.0,60,104,14.0,PASS
S4427,Male,27,Engineering,CS201,59.2,59.9,33.1,48.3,42.3,78.5,44,83,16.4,PASS
S4428,Male,23,Computer Science,ENG101,32.5,31.1,37.0,48.2,0.0,72.4,31,62,8.4,FAIL
S4429,Male,26,Computer Science,PHY101,51.4,51.8,59.1,74.6,32.8,84.0,39,76,18.2,PASS
S4430,Female,26,Computer Science,CS201,77.8,79.3,74.4,60.9,46.5,94.0,52,89,16.2,PASS
S4431,Female,18,Computer Science,MATH101,58.2,53.5,47.9,63.9,10.8,75.7,36,91,17.1,FAIL
S4432,Female,18,Business,BUS101,64.7,60.1,59.0,55.8,43.8,62.8,45,90,11.2,FAIL
S4433,Male,18,Mathematics,CS101,64.8,63.8,60.3,60.9,33.8,76.5,31,98,14.8,PASS
S4434,Female,25,Engineering,BUS101,34.9,37.1,50.0,53.2,22.5,76.7,32,98,18.1,PASS
S4435,Male,29,Mathematics,MATH101,67.0,70.3,66.4,68.5,44.0,64.4,27,71,10.9,PASS
S4436,Male,29,Computer Science,ENG101,51.4,57.6,64.1,60.6,21.7,70.5,37,74,13.3,FAIL
S4437,Male,27,Engineering,PHY101,92.8,86.7,84.3,84.9,59.8,83.8,58,84,21.1,PASS
S4438,Female,24,Computer Science,CS201,72.7,74.4,55.4,78.0,37.5,84.2,38,105,14.6,PASS
S4439,Female,20,Business,CS201,86.1,86.0,90.6,69.6,53.3,79.4,46,90,15.5,PASS
S4440,Male,19,Engineering,MATH101,67.5,64.8,56.0,64.2,32.7,80.7,35,81,19.0,PASS
S4441,Female,21,Business,CS101,73.3,83.3,65.7,56.7,56.9,70.5,44,86,17.0,PASS
S4442,Female,20,Mathematics,BUS101,81.6,83.7,86.1,63.3,57.2,89.2,36,78,22.9,PASS
S4443,Male,24,Engineering,PHY101,81.1,88.2,72.9,84.4,44.5,88.6,35,55,16.3,PASS
S4444,Male,27,Business,ENG101,62.0,45.2,60.5,22.9,45.7,100.0,42,85,15.4,FAIL
S4445,Male,25,Physics,CS101,63.6,68.8,72.9,60.6,33.2,69.0,31,71,11.5,PASS
S4446,Female,23,Computer Science,PHY101,70.1,72.8,72.9,68.8,44.7,76.9,53,86,18.4,PASS
S4447,Male,20,Engineering,PHY101,87.7,91.2,73.3,58.1,42.4,99.4,58,129,15.6,PASS
S4448,Female,23,Business,MATH101,69.6,68.1,68.9,67.3,53.3,64.9,33,110,17.2,PASS
S4449,Male,19,Business,MATH101,65.8,76.3,36.6,48.3,38.0,100.0,58,79,14.0,PASS
S4450,Female,29,Computer Science,CS201,55.3,54.3,51.0,60.2,25.1,71.6,36,83,13.2,FAIL
S4451,Male,24,Engineering,ENG101,73.5,73.4,85.3,79.6,46.9,66.7,42,95,16.3,PASS
S4452,Female,28,Engineering,CS101,85.0,80.1,66.1,74.8,30.1,89.8,52,103,18.0,PASS
S4453,Female,27,Engineering,CS201,83.5,83.3,56.7,62.1,38.0,85.6,56,82,17.8,PASS
S4454,Female,24,Computer Science,ENG101,83.6,82.7,86.3,54.7,46.6,75.1,56,85,13.6,PASS
S4455,Female,21,Physics,BUS101,43.4,48.8,39.5,36.3,27.6,66.4,49,83,12.8,FAIL
S4456,Male,25,Mathematics,BUS101,67.4,70.6,48.6,57.1,41.9,87.0,44,76,13.6,PASS
S4457,Female,21,Engineering,CS201,63.4,69.3,78.1,40.8,31.6,65.9,42,96,16.1,PASS
S4458,Male,24,Business,CS101,92.8,92.3,89.4,90.2,62.7,94.4,51,88,20.7,PASS
S4459,Male,21,Mathematics,ENG101,72.7,71.0,78.6,60.9,28.9,75.2,43,104,13.5,PASS
S4460,Female,29,Computer Science,BUS101,99.2,100.0,71.7,70.8,56.3,100.0,39,92,16.3,PASS
S4461,Male,22,Computer Science,BUS101,82.2,83.0,70.2,42.3,62.1,100.0,28,98,18.7,PASS
S4462,Male,24,Engineering,CS101,83.9,72.1,66.6,64.0,57.2,72.4,37,105,17.5,PASS
S4463,Female,27,Mathematics,CS201,61.0,58.7,54.3,60.0,51.9,74.2,45,71,14.6,PASS
S4464,Male,20,Computer Science,MATH101,64.9,53.9,70.4,49.7,66.0,88.4,38,110,13.5,PASS
S4465,Female,27,Physics,PHY101,76.2,72.1,79.9,66.9,38.4,53.4,34,112,15.5,PASS
S4466,Male,22,Engineering,ENG101,61.1,66.2,58.1,56.5,40.7,69.2,48,80,11.9,PASS
S4467,Male,28,Engineering,BUS101,93.5,91.8,79.9,51.9,46.4,83.2,43,106,19.4,PASS
S4468,Male,20,Computer Science,PHY101,71.9,70.5,77.0,77.0,29.9,66.3,23,93,14.2,PASS
S4469,Female,22,Computer Science,PHY101,86.7,85.7,90.2,100.0,57.2,86.2,36,91,12.3,PASS
S4470,Female,20,Mathematics,MATH101,49.9,49.9,52.6,71.1,30.3,70.8,30,49,12.6,FAIL
S4471,Female,28,Physics,PHY101,48.0,46.3,52.5,55.2,24.0,66.0,28,69,12.5,FAIL
S4472,Female,27,Engineering,CS101,66.4,75.4,80.0,68.2,46.7,93.9,39,62,20.5,PASS
S4473,Male,28,Physics,CS201,69.1,60.6,65.3,41.1,37.1,89.2,43,83,12.6,PASS
S4474,Male,24,Mathematics,ENG101,73.2,74.4,62.4,65.6,25.9,90.3,44,119,15.9,PASS
S4475,Female,18,Engineering,CS101,68.5,71.3,40.7,45.3,49.2,80.9,39,75,18.5,PASS
S4476,Male,26,Business,CS201,68.0,63.6,41.3,14.9,32.6,83.7,48,63,15.8,PASS
S4477,Male,26,Engineering,CS101,64.9,68.2,70.2,57.8,48.0,96.6,48,96,16.9,PASS
S4478,Male,22,Business,BUS101,43.4,40.0,42.9,45.5,30.4,61.2,37,75,12.2,FAIL
S4479,Female,26,Computer Science,BUS101,71.1,73.5,76.3,48.6,11.1,71.1,50,112,15.8,PASS
S4480,Female,27,Business,MATH101,60.3,54.0,42.5,52.6,32.6,89.1,27,54,14.0,PASS
S4481,Male,23,Computer Science,CS101,65.7,66.1,44.4,33.4,28.1,85.1,24,75,15.9,FAIL
S4482,Male,22,Mathematics,PHY101,32.1,43.3,44.3,42.2,30.4,63.9,22,49,12.8,FAIL
S4483,Female,20,Mathematics,BUS101,93.3,88.8,75.5,79.2,49.2,92.5,51,107,23.7,PASS
S4484,Female,28,Computer Science,CS201,74.1,72.0,75.7,42.2,54.6,70.9,50,100,11.7,PASS
S4485,Male,28,Engineering,MATH101,43.7,51.9,46.5,40.1,27.0,77.1,25,63,8.9,FAIL
S4486,Female,25,Engineering,PHY101,41.4,47.6,56.6,34.4,17.9,65.6,35,78,15.0,FAIL
S4487,Male,21,Business,ENG101,61.0,69.7,59.2,51.2,42.6,93.6,46,109,17.1,PASS
S4488,Male,27,Computer Science,CS101,83.9,82.1,66.1,40.0,61.0,88.4,42,86,17.9,PASS
S4489,Female,20,Business,BUS101,53.4,55.2,64.8,59.4,17.9,76.2,32,97,13.4,PASS
S4490,Female,23,Computer Science,PHY101,76.7,79.0,52.0,76.2,27.7,80.2,49,58,18.0,PASS
S4491,Male,25,Computer Science,CS201,94.6,90.7,86.8,88.1,55.8,91.4,42,98,20.5,PASS
S4492,Female,26,Computer Science,CS101,65.1,59.5,61.1,61.0,34.2,88.1,33,107,13.1,PASS
S4493,Female,23,Computer Science,CS201,54.4,48.1,59.8,29.0,38.4,73.6,34,53,9.0,PASS
S4494,Female,22,Mathematics,MATH101,74.2,71.7,75.2,54.6,54.0,100.0,41,104,13.8,PASS
S4495,Female,29,Physics,BUS101,61.6,55.2,73.4,63.2,17.0,76.9,35,64,13.8,FAIL
S4496,Female,28,Engineering,BUS101,49.0,45.7,54.2,56.8,24.9,80.2,12,67,12.4,PASS
S4497,Male,19,Engineering,MATH101,82.9,77.9,75.2,81.0,31.0,88.3,46,85,15.6,PASS
S4498,Male,19,Computer Science,CS201,60.8,63.3,73.6,62.0,20.2,54.7,50,74,19.7,PASS
S4499,Male,26,Business,CS101,89.3,91.2,67.7,53.7,33.4,97.1,45,106,15.7,PASS
S4500,Male,19,Computer Science,CS201,58.4,55.5,57.4,64.8,30.5,100.0,29,65,11.0,PASS
S4501,Female,19,Business,CS101,41.1,39.4,44.4,36.7,5.7,76.4,38,119,10.7,FAIL
S4502,Male,20,Physics,PHY101,52.0,55.0,65.1,76.8,23.2,79.5,33,74,9.8,PASS
S4503,Male,20,Computer Science,MATH101,66.9,65.1,53.5,56.3,29.7,82.7,35,100,19.0,PASS
S4504,Male,21,Mathematics,ENG101,44.9,41.9,35.7,35.3,22.8,63.4,41,86,11.7,FAIL
S4505,Male,24,Computer Science,CS101,66.6,59.9,47.0,59.3,39.9,80.4,36,79,20.9,PASS
S4506,Male,26,Engineering,BUS101,66.0,72.5,80.9,74.4,38.7,81.9,42,85,19.4,PASS
S4507,Female,19,Computer Science,PHY101,85.4,77.3,70.2,82.3,36.6,93.7,54,87,17.0,PASS
S4508,Male,21,Engineering,BUS101,50.3,48.7,58.7,49.6,29.7,79.3,36,81,10.4,PASS
S4509,Female,26,Computer Science,PHY101,82.6,78.1,70.1,69.8,44.4,90.2,41,72,18.5,PASS
S4510,Female,19,Engineering,BUS101,44.2,44.9,47.8,40.4,32.0,69.3,37,81,15.6,PASS
S4511,Male,27,Engineering,CS201,93.3,91.1,86.9,77.6,48.0,99.4,29,105,15.7,PASS
S4512,Male,28,Engineering,CS201,74.3,74.8,52.0,53.3,51.6,96.8,48,97,10.3,PASS
S4513,Male,18,Business,CS201,56.4,52.2,47.3,44.2,22.1,80.0,31,81,12.1,PASS
S4514,Female,27,Physics,PHY101,67.1,64.8,71.1,61.9,29.1,83.7,41,64,12.7,PASS
S4515,Female,25,Engineering,PHY101,95.3,88.6,80.8,74.2,55.9,82.1,49,86,22.3,PASS
S4516,Male,26,Computer Science,BUS101,45.8,40.7,48.3,57.6,6.8,79.8,36,81,8.7,FAIL
S4517,Female,24,Computer Science,CS101,66.2,63.9,71.1,39.2,29.2,79.8,42,78,16.4,PASS
S4518,Female,25,Mathematics,PHY101,64.1,64.9,60.6,56.8,52.2,74.6,32,67,12.7,PASS
S4519,Male,21,Business,BUS101,100.0,99.3,90.8,77.3,68.0,86.8,45,117,17.7,PASS
S4520,Male,21,Engineering,CS101,62.1,68.9,50.0,56.0,32.6,80.0,32,73,15.7,PASS
S4521,Female,19,Computer Science,CS201,32.1,24.6,12.5,19.4,47.5,70.7,26,59,6.0,FAIL
S4522,Female,25,Engineering,PHY101,89.1,87.8,88.0,92.5,51.4,100.0,34,92,21.9,PASS
S4523,Female,28,Computer Science,ENG101,81.9,70.5,60.7,52.0,50.9,78.9,23,97,18.1,PASS
S4524,Female,19,Physics,CS201,50.5,49.6,59.9,46.1,47.7,80.0,39,77,10.1,PASS
S4525,Female,26,Mathematics,MATH101,72.2,68.8,61.7,92.2,47.2,71.6,54,105,22.2,PASS
S4526,Male,21,Computer Science,CS101,58.6,56.0,38.1,53.1,31.4,67.1,29,84,18.6,PASS
S4527,Female,18,Engineering,ENG101,41.1,37.7,40.9,53.5,33.0,53.6,38,77,5.4,FAIL
S4528,Female,21,Computer Science,CS201,66.9,69.1,58.5,61.3,47.4,90.9,29,71,13.9,PASS
S4529,Female,20,Engineering,PHY101,75.4,76.8,76.7,73.5,36.5,92.2,42,66,15.0,PASS
S4530,Male,29,Mathematics,ENG101,80.0,74.0,49.0,73.0,45.4,57.1,49,95,14.7,PASS
S4531,Male,23,Engineering,BUS101,61.0,59.8,45.0,40.7,38.2,79.9,52,107,17.8,PASS
S4532,Male,24,Engineering,CS101,54.7,47.1,43.9,30.9,34.5,72.0,37,90,10.6,FAIL
S4533,Male,25,Computer Science,MATH101,51.2,42.7,68.4,40.9,20.4,78.3,26,93,12.0,FAIL
S4534,Male,19,Mathematics,BUS101,52.1,54.1,55.4,44.1,34.8,76.6,36,78,12.0,PASS
S4535,Female,23,Business,ENG101,90.5,84.9,86.1,78.1,50.0,84.9,49,110,11.6,PASS
S4536,Female,23,Engineering,CS201,83.0,79.9,64.0,80.5,55.5,74.4,60,105,19.9,PASS
S4537,Male,27,Computer Science,CS101,58.8,59.9,49.2,54.3,45.9,71.1,56,74,18.6,PASS
S4538,Female,29,Engineering,PHY101,79.8,79.7,72.0,67.3,38.1,77.3,50,85,14.6,PASS
S4539,Male,22,Physics,MATH101,49.3,56.3,67.5,19.8,25.2,70.9,30,67,13.8,FAIL
S4540,Male,27,Engineering,CS201,63.5,57.2,64.9,52.0,40.3,87.1,40,73,15.0,PASS
S4541,Male,27,Engineering,MATH101,76.0,82.1,73.8,73.5,54.4,100.0,33,62,18.6,PASS
S4542,Male,24,Engineering,PHY101,85.8,88.7,74.9,71.8,44.6,77.9,39,81,22.4,PASS
S4543,Male,20,Mathematics,CS101,79.2,83.0,74.4,59.0,48.0,90.5,53,79,16.6,PASS
S4544,Male,21,Engineering,ENG101,81.5,79.6,47.1,50.4,68.3,64.7,51,88,13.3,PASS
S4545,Male,27,Computer Science,MATH101,63.7,58.9,61.9,82.2,48.1,62.0,43,105,21.3,PASS
S4546,Female,26,Business,CS101,43.9,44.4,45.6,28.8,23.4,74.8,29,77,11.5,FAIL
S4547,Male,21,Business,MATH101,66.5,61.8,79.1,73.2,62.3,88.0,26,100,12.0,PASS
S4548,Female,20,Business,CS201,75.4,70.4,70.5,71.2,50.9,87.8,42,59,15.2,PASS
S4549,Female,19,Mathematics,MATH101,82.2,83.0,81.3,58.2,70.3,79.8,36,108,16.9,PASS
S4550,Female,22,Engineering,CS201,66.3,71.6,57.2,86.2,53.3,93.2,33,93,11.6,PASS
S4551,Female,21,Computer Science,CS201,59.0,50.9,62.6,52.7,69.7,71.7,43,90,11.2,PASS
S4552,Male,25,Physics,CS101,51.9,58.4,40.2,40.6,48.9,71.9,55,73,15.8,PASS
S4553,Male,24,Engineering,BUS101,67.2,61.0,59.2,52.6,34.9,83.1,39,115,15.9,PASS
S4554,Female,23,Business,PHY101,70.1,68.6,58.1,68.0,51.8,85.7,43,94,17.8,PASS
S4555,Male,28,Business,MATH101,93.6,92.1,70.6,74.0,45.4,76.9,40,80,20.9,PASS
S4556,Female,29,Engineering,ENG101,80.4,78.0,61.8,44.9,59.3,73.3,37,85,13.9,PASS
S4557,Female,19,Computer Science,CS201,64.5,63.3,73.6,68.4,59.1,87.7,38,97,14.6,PASS
S4558,Female,20,Mathematics,BUS101,78.9,79.5,68.2,39.5,37.3,79.5,23,94,21.0,PASS
S4559,Female,27,Mathematics,CS201,81.9,88.3,94.2,85.6,58.0,91.7,36,94,17.5,PASS
S4560,Female,26,Business,BUS101,64.7,63.7,65.8,69.7,46.5,67.1,44,98,17.4,PASS
S4561,Female,26,Engineering,BUS101,36.0,31.4,50.4,19.1,29.6,67.0,44,71,12.2,FAIL
S4562,Male,22,Computer Science,ENG101,100.0,94.7,93.1,72.5,45.8,100.0,53,123,17.4,PASS
S4563,Female,20,Computer Science,BUS101,92.6,94.2,83.7,84.7,49.9,99.4,42,123,22.2,PASS
S4564,Male,19,Engineering,ENG101,75.4,79.5,71.0,62.1,49.1,77.3,33,81,20.5,PASS
S4565,Male,25,Engineering,CS101,66.3,63.1,47.9,53.8,35.4,58.9,38,104,15.2,PASS
S4566,Female,23,Physics,CS201,50.7,55.3,65.0,73.7,18.9,82.0,34,57,15.7,PASS
S4567,Male,27,Mathematics,ENG101,47.9,58.8,32.6,38.7,40.3,76.6,28,73,12.5,PASS
S4568,Male,28,Business,PHY101,58.9,65.5,69.6,30.9,27.6,81.0,44,79,14.0,PASS
S4569,Male,29,Engineering,CS201,84.2,80.6,78.8,78.3,50.1,73.5,35,103,16.7,PASS
S4570,Female,24,Computer Science,PHY101,81.7,86.9,59.8,54.5,75.9,83.4,39,86,14.3,PASS
S4571,Male,18,Physics,MATH101,100.0,100.0,80.8,77.2,72.4,91.0,47,100,18.0,PASS
S4572,Female,18,Engineering,PHY101,87.6,88.0,53.5,64.4,53.1,100.0,60,112,14.9,PASS
S4573,Male,27,Computer Science,CS101,79.4,83.9,76.1,63.9,52.5,95.9,51,117,20.6,PASS
S4574,Female,19,Engineering,MATH101,83.8,87.6,75.3,55.0,53.8,95.9,49,110,17.7,PASS
S4575,Female,27,Mathematics,MATH101,61.4,67.6,70.3,59.5,19.4,80.8,45,103,17.8,PASS
S4576,Male,20,Mathematics,BUS101,64.7,67.6,73.1,53.1,42.9,70.7,41,69,8.4,PASS
S4577,Male,29,Computer Science,PHY101,39.4,43.2,38.5,56.6,37.4,69.5,34,45,7.7,PASS
S4578,Male,18,Mathematics,BUS101,70.3,65.2,71.0,72.0,41.3,68.5,39,103,14.1,PASS
S4579,Female,22,Computer Science,PHY101,53.8,53.8,38.6,52.7,41.3,75.1,46,64,15.8,PASS
S4580,Female,20,Computer Science,MATH101,42.2,38.5,41.4,54.5,31.6,64.2,34,63,11.9,PASS
S4581,Female,18,Mathematics,BUS101,75.5,81.5,65.8,51.5,53.1,82.6,39,94,16.3,PASS
S4582,Male,25,Mathematics,CS201,50.2,43.4,45.5,62.8,17.5,74.3,43,82,7.6,FAIL
S4583,Female,29,Business,PHY101,43.1,32.2,37.7,41.4,30.8,63.4,31,80,13.8,FAIL
S4584,Female,28,Business,PHY101,80.7,73.7,46.8,80.1,69.1,89.8,44,84,17.0,PASS
S4585,Female,23,Mathematics,BUS101,60.9,59.7,57.0,79.7,36.2,65.5,37,77,19.8,PASS
S4586,Female,26,Mathematics,PHY101,92.2,82.1,78.5,61.6,52.2,100.0,60,106,12.0,PASS
S4587,Male,20,Mathematics,MATH101,99.2,89.8,89.0,50.6,69.5,100.0,49,87,19.5,PASS
S4588,Male,26,Business,BUS101,77.4,80.7,78.2,68.5,57.6,71.2,45,83,13.3,PASS
S4589,Female,26,Physics,BUS101,37.6,30.6,51.7,30.6,37.2,74.0,10,92,7.2,FAIL
S4590,Female,29,Physics,ENG101,73.4,78.4,73.0,62.1,42.7,80.5,41,100,14.0,PASS
S4591,Female,29,Computer Science,ENG101,64.1,57.5,60.1,55.3,44.9,77.9,41,76,19.3,PASS
S4592,Male,18,Mathematics,MATH101,67.9,57.2,59.8,73.1,64.0,75.7,52,59,15.3,PASS
S4593,Male,20,Engineering,CS201,31.3,26.2,47.6,48.9,9.1,78.6,35,58,8.9,FAIL
S4594,Male,23,Engineering,PHY101,88.5,82.1,99.6,83.5,36.5,78.7,46,103,17.5,PASS
S4595,Male,25,Business,CS101,41.6,35.2,36.3,37.5,34.4,83.7,31,73,12.3,FAIL
S4596,Female,21,Computer Science,PHY101,80.8,80.3,81.4,78.9,53.7,100.0,25,92,15.7,PASS
S4597,Female,22,Engineering,CS101,62.7,63.5,51.0,62.1,32.7,70.2,34,124,15.3,PASS
S4598,Male,26,Mathematics,MATH101,67.9,74.8,88.2,75.3,33.0,88.9,41,98,15.8,PASS
S4599,Male,23,Computer Science,CS201,47.5,45.7,53.1,60.4,27.6,81.5,18,92,11.8,PASS
S4600,Male,29,Engineering,CS201,35.3,36.7,40.5,54.3,33.3,51.3,33,75,11.5,FAIL
S4601,Male,24,Physics,CS201,65.1,58.5,56.1,35.2,50.5,96.5,50,102,12.5,PASS
S4602,Female,24,Engineering,ENG101,74.5,70.0,75.4,55.7,47.4,77.7,53,100,15.5,PASS
S4603,Female,21,Engineering,MATH101,52.2,58.7,68.2,60.2,25.6,77.0,30,107,8.8,PASS
S4604,Male,21,Engineering,CS101,66.5,73.5,75.5,67.8,9.8,94.1,53,63,9.7,PASS
S4605,Female,21,Engineering,CS201,92.6,100.0,71.1,81.2,60.9,95.6,47,86,22.8,PASS
S4606,Female,28,Business,MATH101,47.1,46.5,54.0,49.2,36.3,72.1,27,54,14.3,FAIL
S4607,Female,22,Mathematics,PHY101,61.3,54.6,83.4,55.7,35.0,86.4,35,74,18.2,PASS
S4608,Male,22,Engineering,CS101,70.5,66.6,76.1,55.6,70.3,92.8,42,87,18.4,PASS
S4609,Female,25,Mathematics,ENG101,51.0,49.4,61.4,38.3,21.8,75.7,18,97,10.5,FAIL
S4610,Male,26,Engineering,BUS101,63.5,60.7,49.9,65.5,55.9,72.2,47,114,8.1,PASS
S4611,Male,19,Engineering,CS101,41.6,42.2,60.4,28.6,34.1,75.9,17,73,9.0,FAIL
S4612,Male,28,Business,PHY101,82.1,85.9,69.0,64.4,47.1,76.5,43,93,18.7,PASS
S4613,Male,24,Business,CS101,75.5,70.4,58.7,59.2,26.1,93.2,51,93,16.6,PASS
S4614,Male,18,Business,CS101,74.0,83.5,74.1,74.9,61.1,73.3,42,86,16.2,PASS
S4615,Male,18,Computer Science,BUS101,100.0,100.0,97.5,100.0,60.7,82.8,54,90,18.9,PASS
S4616,Male,21,Computer Science,CS201,57.5,64.3,53.3,53.3,56.1,87.2,47,78,10.1,PASS
S4617,Female,27,Computer Science,PHY101,77.4,79.5,61.3,69.5,47.2,83.4,50,80,21.5,PASS
S4618,Female,24,Computer Science,BUS101,77.8,88.6,86.1,72.9,64.1,87.7,45,86,18.5,PASS
S4619,Male,19,Business,CS101,65.5,59.6,76.5,48.8,22.1,86.5,60,84,16.4,PASS
S4620,Female,28,Computer Science,PHY101,62.0,59.4,53.1,67.0,21.1,71.6,27,83,9.7,PASS
S4621,Female,19,Mathematics,ENG101,71.7,69.2,67.7,68.8,38.2,76.7,45,87,15.2,PASS
S4622,Female,18,Computer Science,CS101,72.8,73.7,49.9,60.2,17.7,96.5,46,79,17.6,PASS
S4623,Male,27,Engineering,ENG101,85.2,85.8,91.7,82.8,54.9,92.1,31,104,23.7,PASS
S4624,Female,19,Engineering,MATH101,84.1,86.1,77.7,76.0,41.4,81.7,40,108,20.9,PASS
S4625,Female,24,Computer Science,ENG101,55.0,55.7,43.5,49.4,42.0,79.3,28,62,12.2,PASS
S4626,Female,26,Mathematics,CS101,52.3,55.1,66.6,60.1,8.2,73.9,36,76,14.9,FAIL
S4627,Male,23,Computer Science,BUS101,69.4,67.0,100.0,59.6,55.5,89.5,38,90,16.5,PASS
S4628,Male,27,Engineering,CS101,75.2,77.6,50.1,48.1,46.2,84.3,58,91,18.7,PASS
S4629,Female,19,Mathematics,CS101,65.1,79.2,53.6,53.5,50.0,78.5,48,87,13.8,PASS
S4630,Male,29,Business,MATH101,94.1,94.2,59.0,84.1,54.4,77.4,51,71,19.6,PASS
S4631,Male,27,Computer Science,CS201,76.1,68.9,70.0,58.6,25.6,89.3,42,114,13.9,PASS
S4632,Male,27,Engineering,CS101,73.3,70.2,54.4,44.4,59.8,78.6,24,86,15.0,PASS
S4633,Female,26,Business,MATH101,81.8,79.5,88.8,69.1,58.1,94.3,31,90,20.9,PASS
S4634,Female,24,Physics,BUS101,60.3,55.9,49.4,37.5,47.7,60.5,42,92,14.7,PASS
S4635,Male,28,Mathematics,MATH101,70.9,71.5,63.9,43.9,44.0,76.1,43,63,11.4,PASS
S4636,Female,18,Engineering,MATH101,76.4,80.4,63.6,58.5,67.9,89.1,29,85,15.1,PASS
S4637,Male,29,Physics,ENG101,58.3,51.8,74.4,18.1,65.3,77.4,42,74,15.7,PASS
S4638,Female,26,Computer Science,CS201,80.8,72.3,58.9,59.5,65.0,78.0,41,109,11.9,PASS
S4639,Female,19,Computer Science,CS201,83.9,96.3,52.7,63.5,33.4,96.6,36,93,19.8,PASS
S4640,Female,21,Mathematics,PHY101,54.6,49.9,50.8,75.2,35.8,86.0,38,66,16.4,FAIL
S4641,Female,26,Computer Science,BUS101,65.1,72.2,50.8,49.4,31.0,71.9,44,84,15.7,PASS
S4642,Male,21,Computer Science,PHY101,62.7,66.5,59.3,94.1,21.4,77.3,33,81,12.6,PASS
S4643,Female,20,Computer Science,MATH101,63.3,60.3,57.5,65.0,36.5,69.3,44,68,9.6,PASS
S4644,Male,18,Engineering,BUS101,69.0,65.1,65.4,62.5,55.2,78.2,35,83,12.2,PASS
S4645,Female,24,Business,BUS101,40.4,37.4,66.2,54.2,19.0,70.1,28,88,15.8,FAIL
S4646,Female,23,Business,CS201,52.8,50.6,68.2,58.0,24.7,71.4,16,85,12.5,PASS
S4647,Female,27,Computer Science,CS201,30.9,34.0,41.9,46.6,14.9,76.3,32,87,13.4,FAIL
S4648,Male,21,Engineering,CS201,100.0,93.0,68.8,55.1,85.1,97.3,37,106,19.0,PASS
S4649,Female,23,Physics,CS101,77.3,83.7,60.0,74.3,52.7,94.8,35,93,14.5,PASS
S4650,Male,23,Mathematics,MATH101,65.2,62.0,53.3,53.1,30.6,83.4,35,54,14.6,PASS
S4651,Male,21,Engineering,BUS101,84.5,77.2,68.4,67.2,71.7,69.0,54,103,21.4,PASS
S4652,Female,23,Physics,MATH101,47.5,48.4,51.6,66.5,30.1,74.3,30,53,13.9,PASS
S4653,Male,27,Business,BUS101,74.0,86.0,56.2,63.7,34.3,89.9,52,111,12.9,PASS
S4654,Female,28,Computer Science,BUS101,60.8,56.6,55.8,38.4,30.6,79.5,26,81,12.0,PASS
S4655,Male,25,Computer Science,PHY101,90.0,90.6,84.9,65.4,44.2,95.5,51,100,14.4,PASS
S4656,Male,20,Computer Science,BUS101,85.2,85.9,64.6,75.1,49.5,96.6,52,88,21.7,PASS
S4657,Female,21,Business,BUS101,55.1,64.6,66.3,59.8,32.3,62.2,36,59,13.8,PASS
S4658,Female,27,Computer Science,ENG101,72.1,67.4,57.7,56.5,45.6,88.3,50,93,16.7,PASS
S4659,Male,29,Engineering,ENG101,82.9,87.6,78.6,45.0,43.4,88.8,42,66,18.7,PASS
S4660,Female,18,Computer Science,PHY101,54.1,47.0,68.3,65.1,39.9,92.7,37,71,13.0,PASS
S4661,Male,21,Physics,CS101,79.2,80.3,78.8,63.9,66.8,77.8,22,81,14.8,PASS
S4662,Female,28,Engineering,CS201,70.7,74.4,77.3,67.4,35.4,92.9,37,75,9.7,PASS
S4663,Male,27,Physics,BUS101,79.3,84.4,63.1,68.4,63.2,83.0,35,107,17.4,PASS
S4664,Female,27,Physics,MATH101,31.8,25.0,30.9,16.4,21.5,71.6,37,65,16.3,FAIL
S4665,Female,29,Computer Science,ENG101,64.3,54.3,68.9,64.6,36.8,79.6,46,74,11.8,PASS
S4666,Female,26,Engineering,CS201,77.4,76.4,63.5,48.1,55.3,100.0,53,70,11.2,PASS
S4667,Male,25,Computer Science,CS101,75.0,72.2,62.2,64.0,51.0,73.6,24,97,15.3,PASS
S4668,Female,28,Physics,CS201,67.5,60.4,55.5,53.9,48.2,83.0,42,100,16.2,PASS
S4669,Female,21,Engineering,BUS101,49.5,43.0,78.5,54.5,21.5,86.5,38,77,9.4,PASS
S4670,Female,29,Computer Science,CS201,100.0,97.6,82.5,91.1,48.0,100.0,35,108,18.2,PASS
S4671,Male,24,Computer Science,BUS101,61.8,70.4,75.6,47.3,11.8,68.8,27,98,10.5,PASS
S4672,Female,27,Engineering,PHY101,73.8,67.7,61.4,98.4,49.2,92.2,59,89,16.2,PASS
S4673,Female,20,Physics,ENG101,84.6,89.1,82.5,59.2,39.9,82.8,51,116,18.8,PASS
S4674,Male,26,Business,ENG101,59.0,51.6,52.0,62.8,28.5,86.9,35,107,12.8,FAIL
S4675,Male,27,Mathematics,BUS101,55.8,52.1,46.0,57.9,32.3,70.1,46,85,10.6,FAIL
S4676,Female,21,Engineering,MATH101,86.5,78.9,79.9,87.4,37.2,98.9,36,75,19.8,PASS
S4677,Male,19,Computer Science,ENG101,68.1,79.0,67.1,48.6,58.3,77.1,43,96,17.4,PASS
S4678,Female,27,Physics,MATH101,97.0,100.0,90.1,64.6,54.9,98.8,55,104,18.9,PASS
S4679,Female,22,Computer Science,BUS101,86.2,89.7,80.9,86.1,58.3,85.4,35,73,19.0,PASS
S4680,Female,19,Physics,PHY101,31.7,35.0,47.9,43.3,29.7,55.9,22,61,12.4,FAIL
S4681,Male,27,Engineering,BUS101,79.7,75.7,68.2,67.5,26.4,86.4,44,96,14.4,PASS
S4682,Male,23,Computer Science,PHY101,91.3,91.5,76.4,87.5,50.5,77.0,57,97,14.4,PASS
S4683,Female,28,Business,ENG101,39.9,34.7,52.4,43.6,34.1,68.7,45,60,13.3,FAIL
S4684,Male,27,Physics,MATH101,59.5,72.9,70.5,65.8,23.8,100.0,51,69,19.8,PASS
S4685,Female,18,Physics,BUS101,83.0,77.4,75.3,82.5,53.7,88.1,51,80,11.4,PASS
S4686,Male,23,Computer Science,ENG101,73.1,68.8,54.5,61.6,33.3,82.6,42,85,20.7,PASS
S4687,Male,21,Computer Science,PHY101,59.6,67.6,58.0,47.4,40.7,65.4,60,79,13.8,PASS
S4688,Male,20,Business,BUS101,81.2,80.7,83.5,61.2,42.2,65.5,46,123,20.1,PASS
S4689,Female,19,Business,PHY101,44.3,47.3,38.2,41.8,27.7,65.1,38,67,7.7,FAIL
S4690,Female,24,Business,CS201,86.1,85.7,75.3,72.6,67.1,80.0,55,53,16.3,PASS
S4691,Male,26,Computer Science,PHY101,96.8,93.3,51.5,76.1,66.7,79.6,42,85,22.3,PASS
S4692,Male,29,Physics,CS201,98.5,95.0,99.7,100.0,50.5,82.7,58,89,22.6,PASS
S4693,Male,20,Business,ENG101,43.7,48.0,60.4,47.6,32.7,58.1,26,75,10.7,FAIL
S4694,Female,23,Mathematics,BUS101,88.7,89.8,78.2,58.0,58.0,82.8,54,85,18.0,PASS
S4695,Male,26,Engineering,ENG101,48.4,54.4,63.4,27.0,43.3,56.2,43,102,10.9,PASS
S4696,Female,19,Engineering,CS101,69.1,75.0,52.1,54.1,42.6,82.2,46,84,11.4,PASS
S4697,Male,24,Physics,PHY101,46.1,48.9,45.4,48.3,28.4,63.5,36,64,12.3,FAIL
S4698,Male,22,Business,ENG101,85.5,90.8,78.8,74.6,61.0,83.6,57,85,17.4,PASS
S4699,Male,22,Mathematics,ENG101,54.5,57.2,65.2,81.7,42.5,80.1,24,74,12.0,PASS
S4700,Female,28,Physics,CS201,91.7,93.6,72.9,78.8,95.4,76.4,44,108,14.8,PASS
S4701,Male,24,Business,PHY101,45.3,43.7,49.3,44.2,45.7,61.2,27,67,11.1,FAIL
S4702,Male,26,Engineering,CS201,79.7,71.2,63.0,67.6,48.1,86.4,43,94,17.5,PASS
S4703,Female,21,Computer Science,BUS101,100.0,96.8,86.2,58.9,59.0,80.2,49,103,21.7,PASS
S4704,Female,26,Computer Science,ENG101,69.1,76.3,50.4,55.4,32.6,73.5,39,66,15.8,PASS
S4705,Male,28,Computer Science,PHY101,77.4,78.9,86.1,51.1,28.6,77.8,60,94,11.9,PASS
S4706,Male,27,Computer Science,ENG101,76.2,74.2,53.2,83.9,47.2,94.7,39,95,15.6,PASS
S4707,Female,26,Computer Science,BUS101,53.0,59.0,50.7,30.7,6.3,93.0,35,84,15.8,FAIL
S4708,Male,21,Engineering,MATH101,63.3,61.1,60.7,74.1,61.7,69.2,54,77,12.8,PASS
S4709,Female,20,Engineering,BUS101,100.0,100.0,82.1,85.0,50.4,79.4,57,97,14.0,PASS
S4710,Female,19,Engineering,CS201,64.9,71.5,53.1,73.6,54.5,64.3,43,75,13.2,PASS
S4711,Male,26,Computer Science,CS201,68.5,71.5,44.7,42.0,39.7,86.4,52,97,13.5,PASS
S4712,Male,29,Computer Science,ENG101,78.8,84.1,62.5,62.6,54.3,89.6,36,71,20.1,PASS
S4713,Male,19,Business,CS201,67.1,69.5,56.9,69.6,25.1,91.9,50,86,17.1,PASS
S4714,Female,23,Engineering,PHY101,46.6,37.1,44.7,49.2,35.1,94.8,45,108,17.7,FAIL
S4715,Male,22,Engineering,BUS101,60.5,67.1,62.2,63.7,38.0,77.0,51,82,15.0,PASS
S4716,Male,22,Business,ENG101,56.1,60.1,65.4,64.0,57.3,63.5,42,101,21.0,PASS
S4717,Female,21,Mathematics,BUS101,75.1,73.6,78.2,54.7,29.9,92.0,39,82,22.5,PASS
S4718,Female,23,Engineering,BUS101,39.3,36.4,36.8,24.4,7.9,62.5,41,73,12.7,FAIL
S4719,Male,22,Business,ENG101,85.3,86.0,58.9,54.2,39.0,71.5,36,81,20.6,PASS
S4720,Female,28,Physics,MATH101,41.1,35.1,53.1,42.6,0.4,87.1,38,47,14.1,FAIL
S4721,Male,21,Mathematics,CS201,90.2,94.9,76.6,58.5,44.1,62.8,51,86,20.7,PASS
S4722,Male,26,Engineering,CS101,84.7,83.9,67.9,67.3,39.5,96.2,48,82,15.0,PASS
S4723,Male,23,Business,CS101,44.9,40.4,41.9,39.9,26.6,77.4,33,63,11.2,FAIL
S4724,Male,28,Computer Science,CS101,99.8,100.0,87.3,91.2,60.5,84.9,60,108,19.3,PASS
S4725,Male,27,Business,CS201,84.8,87.2,55.1,45.7,33.1,91.1,50,87,20.9,PASS
S4726,Male,27,Physics,MATH101,94.7,98.8,72.3,61.7,71.4,93.5,56,89,20.9,PASS
S4727,Female,27,Engineering,BUS101,85.6,79.2,76.9,68.8,58.5,77.9,47,86,18.4,PASS
S4728,Female,20,Physics,ENG101,52.8,56.5,44.7,33.2,43.0,71.6,45,69,9.3,FAIL
S4729,Female,27,Engineering,MATH101,67.2,76.1,39.3,15.0,54.8,100.0,37,79,13.5,PASS
S4730,Male,23,Physics,CS101,99.9,99.7,100.0,68.8,48.5,98.2,41,122,18.3,PASS
S4731,Male,18,Business,PHY101,48.2,47.7,44.1,44.5,22.1,96.1,30,89,18.3,PASS
S4732,Male,22,Computer Science,CS201,80.3,73.4,62.3,65.8,53.0,81.9,39,51,16.4,PASS
S4733,Female,27,Business,CS201,69.1,69.5,52.2,40.8,57.1,73.6,23,77,12.8,PASS
S4734,Female,23,Computer Science,ENG101,70.9,65.8,53.0,71.0,46.5,85.5,41,97,16.1,PASS
S4735,Male,28,Computer Science,PHY101,70.2,76.1,67.9,69.1,42.3,75.5,30,87,16.4,PASS
S4736,Male,25,Mathematics,BUS101,93.9,100.0,80.5,68.6,48.5,89.6,46,88,18.7,PASS
S4737,Male,28,Computer Science,MATH101,67.3,79.5,86.7,60.3,24.8,71.0,41,59,19.5,PASS
S4738,Male,26,Mathematics,PHY101,60.6,56.3,38.0,41.2,50.4,77.0,33,92,17.7,PASS
S4739,Male,28,Computer Science,MATH101,60.7,57.0,62.8,49.1,32.2,65.4,40,85,12.1,PASS
S4740,Female,20,Computer Science,MATH101,44.7,47.7,50.2,55.2,27.7,71.4,32,41,9.4,FAIL
S4741,Female,19,Physics,BUS101,44.8,43.7,44.9,24.7,47.6,78.2,25,30,7.4,FAIL
S4742,Male,21,Engineering,BUS101,71.2,71.3,39.1,62.9,38.7,84.2,36,92,26.6,PASS
S4743,Male,25,Business,BUS101,68.8,81.0,72.9,60.9,42.4,85.9,46,98,13.4,PASS
S4744,Female,28,Business,ENG101,83.3,77.9,84.2,73.2,44.7,77.6,49,91,17.5,PASS
S4745,Male,25,Business,CS201,68.2,69.6,71.7,76.1,25.7,78.4,60,112,13.9,PASS
S4746,Male,20,Physics,CS101,69.1,71.0,58.9,63.9,45.8,69.5,35,91,11.6,PASS
S4747,Male,21,Business,BUS101,74.5,79.8,58.3,61.0,21.5,89.0,41,83,20.2,PASS
S4748,Male,20,Engineering,CS201,78.0,73.7,76.4,69.1,64.5,100.0,38,97,18.2,PASS
S4749,Male,27,Mathematics,BUS101,69.0,76.4,57.8,53.6,17.0,79.1,32,66,14.6,PASS
S4750,Female,19,Computer Science,CS101,68.2,69.5,42.4,40.6,37.9,75.2,35,74,9.7,FAIL
S4751,Male,21,Engineering,PHY101,54.6,50.5,55.4,40.0,26.8,52.8,30,58,12.8,PASS
S4752,Male,23,Physics,BUS101,61.6,60.7,62.1,59.2,50.7,72.0,40,92,15.8,PASS
S4753,Female,28,Business,CS201,55.1,60.2,64.7,44.1,24.9,84.1,32,91,10.2,PASS
S4754,Male,28,Mathematics,ENG101,59.3,69.7,46.8,47.9,16.9,81.0,34,88,16.7,FAIL
S4755,Female,22,Business,PHY101,64.7,63.0,61.7,56.9,23.5,88.7,34,86,18.3,PASS
S4756,Female,20,Mathematics,PHY101,75.7,86.3,48.8,75.4,20.4,100.0,38,57,17.8,PASS
S4757,Male,19,Physics,PHY101,85.0,91.3,76.5,82.9,61.9,81.4,44,115,14.9,PASS
S4758,Female,26,Computer Science,CS101,66.1,63.5,65.2,82.1,62.1,70.3,58,40,13.0,PASS
S4759,Male,18,Computer Science,CS201,76.3,79.3,58.9,56.0,60.8,90.2,46,89,17.9,PASS
S4760,Female,26,Engineering,MATH101,81.6,86.0,77.5,65.8,49.9,85.3,50,82,20.7,PASS
S4761,Male,18,Business,MATH101,74.5,73.3,55.4,53.2,49.2,71.8,27,82,14.7,PASS
S4762,Female,24,Computer Science,MATH101,76.6,73.4,79.0,68.3,42.2,70.3,43,80,16.2,PASS
S4763,Female,23,Computer Science,ENG101,78.5,77.8,41.2,74.8,40.8,92.3,38,90,14.7,PASS
S4764,Male,24,Engineering,BUS101,92.1,90.2,68.8,70.5,61.7,89.6,50,117,17.8,PASS
S4765,Female,20,Physics,BUS101,70.4,71.8,75.6,66.3,26.8,68.3,49,86,19.5,PASS
S4766,Female,20,Business,BUS101,55.6,66.5,59.3,67.8,40.3,78.4,37,78,13.2,PASS
S4767,Female,28,Engineering,ENG101,58.3,60.6,72.7,42.2,34.8,66.4,36,71,10.6,PASS
S4768,Male,18,Computer Science,MATH101,78.1,87.2,83.5,75.6,55.2,90.2,43,78,12.6,PASS
S4769,Female,21,Engineering,PHY101,44.2,47.0,50.9,55.4,33.0,82.8,31,81,10.9,FAIL
S4770,Male,29,Computer Science,BUS101,77.4,91.9,76.4,46.8,32.2,93.0,26,90,21.0,PASS
S4771,Male,19,Computer Science,PHY101,54.5,50.4,35.7,34.4,42.2,79.9,34,86,10.1,FAIL
S4772,Male,27,Physics,PHY101,85.7,75.4,83.4,58.9,70.2,88.2,38,111,19.5,PASS
S4773,Male,25,Physics,ENG101,85.9,87.2,68.8,61.8,61.2,84.4,27,83,20.0,PASS
S4774,Female,20,Computer Science,ENG101,64.2,66.2,62.2,50.6,27.9,70.7,41,110,10.7,PASS
S4775,Male,24,Computer Science,CS201,62.7,70.6,49.2,52.0,48.5,90.8,26,84,11.5,PASS
S4776,Female,24,Engineering,BUS101,72.5,82.0,81.8,83.2,49.2,88.3,43,86,14.2,PASS
S4777,Male,29,Engineering,MATH101,93.2,85.4,100.0,92.6,33.7,79.8,42,103,20.7,PASS
S4778,Male,26,Computer Science,CS101,70.1,69.2,63.2,56.0,39.6,65.2,30,94,9.6,PASS
S4779,Male,23,Engineering,ENG101,94.3,94.9,67.3,81.4,66.7,82.9,54,105,22.9,PASS
S4780,Male,18,Computer Science,PHY101,81.8,76.0,80.3,79.8,48.5,97.9,49,116,14.2,PASS
S4781,Male,25,Mathematics,CS201,77.0,76.4,75.0,65.0,52.9,88.1,47,78,15.0,PASS
S4782,Male,18,Business,CS101,79.3,84.8,67.7,78.1,40.9,86.2,40,62,10.4,PASS
S4783,Female,20,Business,ENG101,67.7,73.5,64.2,56.9,44.4,93.5,32,70,13.3,PASS
S4784,Male,28,Engineering,CS201,74.4,76.3,77.4,65.8,59.8,61.7,38,83,21.0,PASS
S4785,Male,22,Physics,PHY101,38.2,46.7,50.7,27.5,29.1,70.7,30,49,7.7,FAIL
S4786,Male,25,Physics,BUS101,85.5,87.3,81.1,77.7,54.6,98.0,35,86,22.2,PASS
S4787,Female,26,Computer Science,CS201,39.6,46.0,30.7,48.0,25.1,61.8,35,51,6.0,FAIL
S4788,Female,24,Computer Science,ENG101,58.5,54.3,55.8,62.0,34.3,68.8,49,56,11.0,PASS
S4789,Male,26,Engineering,BUS101,67.5,63.6,59.4,53.9,31.9,78.1,37,93,15.1,PASS
S4790,Male,28,Computer Science,PHY101,58.0,68.4,58.5,41.3,31.0,72.1,37,94,14.6,PASS
S4791,Male,20,Engineering,MATH101,47.6,45.2,39.4,53.6,30.9,70.4,49,67,13.2,FAIL
S4792,Female,22,Business,CS201,100.0,100.0,86.9,83.0,36.4,91.6,55,117,15.6,PASS
S4793,Male,27,Engineering,CS101,84.0,81.3,87.8,73.9,65.8,79.5,47,106,22.1,PASS
S4794,Male,25,Engineering,PHY101,97.5,99.4,73.8,65.4,52.4,86.0,45,84,19.1,PASS
S4795,Male,29,Engineering,BUS101,78.2,77.5,54.3,63.4,32.8,75.2,52,90,19.4,PASS
S4796,Male,18,Physics,PHY101,100.0,100.0,100.0,100.0,84.1,88.1,51,90,17.8,PASS
S4797,Male,25,Computer Science,BUS101,63.4,67.0,51.9,45.7,40.5,81.0,41,86,15.5,PASS
S4798,Female,24,Business,PHY101,51.8,48.5,45.9,44.4,44.1,76.7,14,71,11.6,PASS
S4799,Male,18,Computer Science,MATH101,73.0,76.8,59.5,82.5,35.8,75.8,50,113,19.1,PASS
S4800,Female,27,Computer Science,CS201,100.0,94.3,93.9,72.4,73.6,82.5,51,78,21.8,PASS
S4801,Male,29,Business,CS101,73.6,82.3,74.0,51.2,52.9,78.3,37,73,17.0,PASS
S4802,Male,27,Computer Science,MATH101,100.0,100.0,90.2,60.3,56.2,85.8,57,103,20.1,PASS
S4803,Female,29,Computer Science,CS201,64.1,49.0,65.3,67.5,18.1,68.0,42,84,9.6,FAIL
S4804,Male,23,Computer Science,CS101,44.1,37.6,50.0,49.0,39.1,63.6,41,59,16.1,FAIL
S4805,Female,18,Business,PHY101,70.8,74.2,54.9,60.3,40.1,86.3,35,75,22.5,PASS
S4806,Female,19,Business,CS101,75.8,80.6,72.6,59.9,59.6,59.2,38,83,17.1,PASS
S4807,Male,22,Computer Science,ENG101,60.8,58.8,52.7,40.8,32.3,84.0,35,66,12.0,PASS
S4808,Female,19,Business,CS101,85.2,86.0,63.1,67.4,50.2,89.0,39,84,17.0,PASS
S4809,Male,27,Computer Science,CS201,64.3,67.9,92.1,49.9,42.9,88.1,37,80,18.4,PASS
S4810,Female,18,Business,MATH101,100.0,100.0,92.4,76.1,83.7,89.1,56,94,18.9,PASS
S4811,Male,23,Engineering,MATH101,87.3,91.8,67.0,58.2,42.7,97.8,40,83,22.7,PASS
S4812,Female,25,Business,ENG101,64.9,62.1,59.9,86.6,33.9,88.5,42,87,16.0,PASS
S4813,Male,25,Physics,CS201,67.4,74.3,66.0,72.6,33.9,100.0,23,67,12.2,PASS
S4814,Male,25,Physics,CS101,76.6,65.7,37.9,83.3,38.4,100.0,46,92,19.5,PASS
S4815,Female,28,Computer Science,ENG101,75.4,74.0,77.0,70.1,44.5,74.6,46,85,18.7,PASS
S4816,Female,23,Mathematics,PHY101,100.0,100.0,65.6,85.5,73.4,100.0,46,78,18.0,PASS
S4817,Female,28,Computer Science,BUS101,79.6,73.6,68.0,73.3,43.3,99.1,39,73,17.7,PASS
S4818,Female,20,Physics,PHY101,78.1,78.3,40.4,35.6,69.4,81.1,51,49,13.0,PASS
S4819,Female,18,Computer Science,CS201,55.9,58.7,64.5,34.4,49.4,64.0,28,91,13.5,FAIL
S4820,Male,19,Engineering,ENG101,85.9,82.0,74.4,82.7,50.2,80.9,59,89,19.7,PASS
S4821,Male,22,Computer Science,MATH101,61.1,62.1,65.7,47.7,27.9,74.4,38,85,12.3,PASS
S4822,Male,27,Computer Science,ENG101,71.4,65.3,41.0,58.0,51.8,87.0,37,98,18.0,PASS
S4823,Male,22,Business,BUS101,54.1,59.1,62.6,29.0,50.3,67.2,22,62,12.6,FAIL
S4824,Male,27,Physics,CS201,67.3,70.0,65.2,51.0,52.8,79.8,45,75,13.6,PASS
S4825,Female,18,Business,ENG101,72.7,76.4,70.3,60.4,35.4,88.8,42,78,21.6,PASS
S4826,Male,18,Business,PHY101,70.4,70.1,53.0,68.1,40.4,71.4,46,100,18.6,PASS
S4827,Female,26,Mathematics,CS101,55.2,46.9,62.2,61.8,15.7,75.3,48,85,6.0,PASS
S4828,Male,19,Computer Science,PHY101,48.3,47.7,58.3,31.9,13.2,66.5,28,67,16.2,FAIL
S4829,Male,24,Computer Science,CS201,55.1,63.7,50.0,48.2,44.6,94.4,33,100,13.5,PASS
S4830,Male,27,Computer Science,ENG101,93.2,98.3,89.5,94.6,63.0,81.0,40,70,20.0,PASS
S4831,Female,21,Engineering,PHY101,53.7,62.5,60.4,53.2,52.0,79.3,30,86,11.8,PASS
S4832,Female,24,Computer Science,ENG101,77.3,77.6,71.2,74.4,32.3,72.1,52,78,13.7,PASS
S4833,Female,25,Computer Science,PHY101,61.4,57.9,41.4,45.4,53.1,70.1,45,66,18.6,PASS
S4834,Male,22,Computer Science,CS201,74.3,77.2,80.1,64.5,60.3,78.4,43,114,15.4,PASS
S4835,Female,29,Computer Science,MATH101,73.5,72.5,71.1,58.0,69.0,69.4,47,121,14.8,PASS
S4836,Male,29,Physics,PHY101,95.4,92.6,60.5,69.7,67.7,90.1,60,128,15.0,PASS
S4837,Male,18,Computer Science,CS101,69.5,60.8,58.0,54.8,10.9,65.7,38,78,17.4,PASS
S4838,Male,21,Engineering,PHY101,92.4,94.1,93.0,52.2,62.1,88.3,54,91,15.9,PASS
S4839,Male,27,Business,CS201,72.7,77.3,66.6,63.7,21.3,82.5,47,95,12.8,PASS
S4840,Male,20,Engineering,PHY101,100.0,94.2,71.5,80.8,33.8,91.4,44,114,23.0,PASS
S4841,Female,27,Computer Science,CS101,81.1,88.5,69.7,61.6,52.0,92.5,43,69,9.0,PASS
S4842,Female,29,Engineering,CS101,44.2,45.4,44.9,35.2,36.1,83.4,28,84,7.8,PASS
S4843,Male,22,Computer Science,CS201,97.4,97.9,89.9,91.5,37.9,80.5,60,83,21.7,PASS
S4844,Male,27,Engineering,ENG101,62.1,56.0,74.4,71.8,11.1,82.6,30,77,17.6,PASS
S4845,Male,27,Computer Science,PHY101,95.9,98.5,79.9,80.3,52.4,88.9,32,98,15.3,PASS
S4846,Male,23,Business,MATH101,50.2,44.5,50.6,68.8,36.4,84.7,23,73,16.7,PASS
S4847,Female,19,Business,CS101,52.6,47.8,59.4,46.1,31.4,70.7,31,63,15.1,PASS
S4848,Male,24,Engineering,CS101,82.2,73.8,88.1,70.8,45.2,67.4,47,85,14.8,PASS
S4849,Female,20,Engineering,PHY101,64.2,77.7,63.7,45.8,24.1,77.2,27,87,16.8,PASS
S4850,Male,18,Engineering,ENG101,58.2,57.9,68.4,53.7,30.8,77.0,39,81,14.5,PASS
S4851,Female,27,Mathematics,PHY101,38.6,35.5,24.8,31.7,35.2,83.3,34,80,9.9,FAIL
S4852,Male,20,Computer Science,CS201,66.4,66.2,43.5,44.4,42.0,88.5,37,60,16.8,PASS
S4853,Female,26,Business,MATH101,54.5,52.0,55.2,49.7,36.6,63.8,35,87,11.3,PASS
S4854,Male,27,Mathematics,PHY101,26.0,25.1,38.9,67.2,36.9,79.3,32,84,11.2,FAIL
S4855,Female,28,Engineering,CS101,63.6,65.5,42.7,56.0,62.0,69.8,41,97,12.8,PASS
S4856,Male,28,Computer Science,CS101,95.3,93.3,84.1,90.3,79.9,80.1,50,66,20.7,PASS
S4857,Male,23,Engineering,CS201,98.4,99.0,100.0,72.8,91.1,91.0,34,101,17.8,PASS
S4858,Female,28,Computer Science,ENG101,73.2,84.9,54.6,31.6,33.6,83.9,37,88,15.2,PASS
S4859,Female,23,Computer Science,PHY101,49.1,40.0,54.9,46.5,15.2,73.3,26,64,9.3,FAIL
S4860,Female,21,Computer Science,BUS101,81.0,75.3,55.0,47.7,55.1,82.9,49,107,13.7,PASS
S4861,Female,25,Computer Science,ENG101,68.9,71.3,86.1,67.1,38.2,67.7,37,93,19.0,PASS
S4862,Female,22,Engineering,CS101,71.8,78.6,68.4,71.3,43.5,80.5,53,90,18.6,PASS
S4863,Male,24,Mathematics,PHY101,67.5,82.5,58.9,63.2,15.9,92.4,50,70,19.4,PASS
S4864,Male,26,Computer Science,CS101,55.3,57.3,65.0,58.2,37.1,75.7,47,78,14.7,PASS
S4865,Male,22,Physics,MATH101,79.7,73.6,91.0,83.5,42.9,100.0,41,108,23.3,PASS
S4866,Female,28,Physics,ENG101,79.2,86.7,76.0,67.4,42.9,83.8,39,114,14.5,PASS
S4867,Male,22,Physics,BUS101,45.9,46.5,44.6,57.8,25.8,65.3,31,67,12.9,PASS
S4868,Male,21,Mathematics,MATH101,61.7,62.2,56.5,64.8,17.9,69.5,46,73,7.6,PASS
S4869,Female,23,Engineering,BUS101,78.1,68.4,73.1,72.1,39.5,94.3,53,95,17.7,PASS
S4870,Female,19,Computer Science,MATH101,80.6,86.4,70.4,49.3,66.1,87.1,42,73,14.0,PASS
S4871,Male,20,Business,ENG101,80.9,76.3,80.5,93.4,52.5,70.2,53,59,16.6,PASS
S4872,Male,18,Business,CS101,64.5,67.3,73.0,49.0,56.1,80.8,37,77,10.4,PASS
S4873,Male,19,Mathematics,BUS101,90.7,91.0,95.6,73.5,40.2,92.6,49,103,16.2,PASS
S4874,Male,19,Physics,ENG101,75.8,76.8,73.2,81.0,48.5,69.8,39,75,21.9,PASS
S4875,Male,25,Engineering,BUS101,47.5,47.8,41.8,34.3,15.6,71.9,50,83,14.2,FAIL
S4876,Female,25,Engineering,ENG101,60.8,57.0,61.4,49.5,62.0,69.7,53,74,10.7,PASS
S4877,Female,19,Computer Science,MATH101,55.0,50.7,58.7,51.3,19.6,72.0,43,85,13.2,PASS
S4878,Female,23,Computer Science,ENG101,59.1,63.8,65.2,34.2,47.7,67.8,36,88,17.4,PASS
S4879,Male,22,Engineering,MATH101,80.0,80.0,57.4,59.1,43.2,64.6,30,105,10.7,PASS
S4880,Female,20,Business,CS101,76.9,73.6,44.3,63.5,60.2,69.1,44,76,19.8,PASS
S4881,Male,22,Mathematics,MATH101,100.0,97.4,97.3,71.3,44.0,99.9,55,87,19.5,PASS
S4882,Male,22,Engineering,CS201,42.4,45.8,57.5,69.2,19.3,67.0,21,55,19.4,PASS
S4883,Female,22,Physics,CS101,77.2,73.8,68.2,68.4,54.0,100.0,57,94,14.1,PASS
S4884,Male,20,Business,PHY101,46.2,54.2,68.0,60.4,26.8,63.4,45,92,14.3,PASS
S4885,Male,20,Mathematics,PHY101,59.1,58.3,63.3,58.5,37.5,80.2,30,96,7.9,PASS
S4886,Female,21,Computer Science,ENG101,84.4,82.7,52.2,69.6,45.7,87.7,46,76,17.2,PASS
S4887,Male,24,Mathematics,ENG101,62.6,65.7,53.8,53.9,35.2,78.6,41,84,13.7,PASS
S4888,Female,29,Business,CS201,70.0,68.6,75.7,57.7,39.0,92.6,41,102,13.1,PASS
S4889,Male,29,Computer Science,ENG101,83.6,85.5,80.3,81.6,41.2,72.4,47,98,17.4,PASS
S4890,Female,29,Computer Science,CS101,32.2,32.0,31.1,28.1,43.7,80.7,25,45,11.7,FAIL
S4891,Male,19,Physics,CS101,87.0,78.3,80.8,79.1,71.9,82.6,45,121,23.0,PASS
S4892,Male,27,Computer Science,MATH101,100.0,94.7,86.9,88.7,77.3,94.4,51,118,20.9,PASS
S4893,Female,21,Engineering,BUS101,81.9,83.4,46.0,54.3,57.8,83.0,40,90,17.2,PASS
S4894,Male,21,Engineering,ENG101,56.7,54.5,58.7,78.6,46.2,91.7,43,77,14.2,PASS
S4895,Male,18,Business,CS201,60.6,70.9,70.6,69.6,28.2,69.2,38,82,15.6,PASS
S4896,Male,27,Mathematics,PHY101,57.1,53.2,39.3,56.3,21.4,62.2,33,99,13.6,FAIL
S4897,Male,25,Engineering,CS101,75.2,68.6,71.8,70.4,60.6,89.6,35,80,20.5,PASS
S4898,Male,18,Engineering,CS101,55.4,55.6,49.8,59.7,39.2,78.1,42,101,12.3,PASS
S4899,Male,25,Physics,CS101,69.0,70.3,70.8,52.7,57.1,84.2,41,80,10.8,PASS
S4900,Female,24,Mathematics,BUS101,50.6,55.1,57.3,57.3,35.9,87.7,29,93,11.7,PASS
S4901,Male,26,Mathematics,BUS101,68.2,55.6,70.0,53.1,32.4,82.8,38,82,15.7,PASS
S4902,Male,25,Engineering,ENG101,72.2,79.7,51.6,39.0,29.7,78.9,39,95,16.8,PASS
S4903,Male,22,Computer Science,PHY101,79.8,73.3,65.2,53.5,55.2,83.7,51,82,19.8,PASS
S4904,Male,25,Engineering,CS201,48.5,53.9,72.4,39.4,39.5,94.2,47,70,16.4,PASS
S4905,Female,28,Business,BUS101,69.9,79.7,63.1,33.5,49.3,84.3,40,89,12.0,PASS
S4906,Male,27,Computer Science,MATH101,62.8,66.5,69.5,73.9,26.3,86.5,42,87,14.3,PASS
S4907,Female,29,Computer Science,BUS101,66.0,60.3,81.2,55.5,43.0,71.8,45,56,20.3,PASS
S4908,Male,29,Computer Science,CS101,80.0,79.1,73.0,69.5,52.0,92.5,35,81,13.1,PASS
S4909,Female,20,Engineering,CS201,71.3,75.1,43.6,86.0,35.4,77.4,42,100,13.5,PASS
S4910,Female,27,Mathematics,ENG101,35.3,35.5,33.4,36.1,38.0,53.2,34,56,11.3,FAIL
S4911,Female,24,Computer Science,BUS101,79.0,73.7,55.0,60.2,46.3,85.8,48,107,10.6,PASS
S4912,Female,29,Business,CS101,56.5,57.0,52.3,33.8,52.9,78.2,35,69,8.8,PASS
S4913,Female,21,Physics,MATH101,56.6,54.1,61.2,45.0,39.4,80.6,27,81,15.5,PASS
S4914,Male,22,Computer Science,MATH101,71.0,74.0,71.0,50.8,41.5,78.6,45,80,17.6,PASS
S4915,Male,26,Business,ENG101,47.5,42.2,48.0,68.2,30.8,84.8,36,95,14.0,PASS
S4916,Female,24,Physics,ENG101,52.2,42.6,73.7,39.3,7.1,78.8,42,106,13.7,PASS
S4917,Male,21,Physics,BUS101,75.3,70.3,72.2,65.4,45.8,79.3,26,77,13.6,PASS
S4918,Male,23,Computer Science,ENG101,74.6,66.0,65.4,97.0,17.4,93.1,43,89,15.9,PASS
S4919,Female,27,Computer Science,PHY101,60.0,56.9,89.3,81.4,30.5,81.7,35,65,17.2,PASS
S4920,Male,28,Computer Science,PHY101,52.3,55.7,59.0,15.8,37.0,77.2,32,63,8.1,PASS
S4921,Female,24,Business,CS101,67.6,65.6,54.0,57.3,36.5,75.5,30,100,18.4,PASS
S4922,Female,27,Business,CS101,65.7,65.6,57.1,80.1,58.4,99.5,32,82,10.5,PASS
S4923,Female,26,Business,CS101,42.9,37.8,42.0,40.2,26.7,63.0,34,73,13.9,FAIL
S4924,Female,21,Engineering,PHY101,52.8,52.9,63.6,50.0,40.4,72.3,30,81,10.9,PASS
S4925,Male,27,Computer Science,BUS101,50.2,45.4,59.1,50.5,29.5,71.5,27,65,11.1,PASS
S4926,Male,20,Business,BUS101,37.4,31.4,57.6,61.7,27.7,69.4,31,48,6.9,PASS
S4927,Male,25,Engineering,ENG101,77.5,76.4,54.8,55.3,43.8,89.3,37,73,26.4,PASS
S4928,Male,18,Business,BUS101,73.8,70.4,66.8,79.9,52.7,86.4,42,78,17.2,PASS
S4929,Female,26,Engineering,CS101,94.4,80.3,82.6,88.8,71.6,93.9,47,118,23.2,PASS
S4930,Female,18,Engineering,CS201,59.7,59.3,40.2,29.6,38.3,77.0,39,84,8.6,PASS
S4931,Male,19,Computer Science,CS101,84.0,79.1,64.6,52.8,67.9,96.8,38,92,20.3,PASS
S4932,Male,25,Computer Science,PHY101,84.4,79.2,68.2,64.9,48.3,77.6,52,71,20.8,PASS
S4933,Female,26,Computer Science,CS201,87.3,94.3,89.7,72.3,68.8,77.8,52,73,18.3,PASS
S4934,Male,24,Computer Science,ENG101,90.3,94.6,91.9,72.6,64.5,74.9,47,85,17.3,PASS
S4935,Male,20,Engineering,MATH101,56.8,58.7,62.2,48.9,32.2,72.7,40,75,10.8,PASS
S4936,Male,24,Computer Science,BUS101,37.7,38.0,40.0,33.2,31.9,72.3,35,58,12.6,FAIL
S4937,Female,23,Computer Science,BUS101,62.7,65.7,63.4,58.8,46.7,73.2,43,69,11.7,PASS
S4938,Female,19,Business,PHY101,58.2,56.2,44.8,45.9,46.4,72.4,41,71,14.4,PASS
S4939,Female,20,Engineering,CS101,92.2,92.6,65.3,79.1,30.8,98.7,51,86,22.2,PASS
S4940,Female,28,Business,CS101,78.5,76.5,62.1,76.0,34.5,76.7,46,86,21.4,PASS
S4941,Male,29,Business,CS201,57.6,58.1,58.1,54.5,31.8,74.1,40,82,15.1,PASS
S4942,Male,27,Business,BUS101,59.6,61.1,61.8,59.8,39.4,81.7,21,91,12.9,PASS
S4943,Female,27,Physics,PHY101,68.4,69.5,40.2,29.6,48.8,63.8,31,68,17.1,FAIL
S4944,Male,29,Computer Science,ENG101,69.7,67.9,59.1,68.3,37.2,68.9,45,84,17.8,PASS
S4945,Female,22,Business,CS101,61.4,64.9,54.5,66.1,46.9,86.0,30,111,9.6,PASS
S4946,Female,27,Physics,BUS101,65.0,64.0,69.5,67.5,13.7,61.0,40,77,14.1,PASS
S4947,Female,21,Mathematics,MATH101,72.9,71.8,70.6,63.0,27.5,67.1,35,86,13.9,PASS
S4948,Female,19,Computer Science,PHY101,86.0,76.9,75.7,55.0,45.7,69.2,48,80,19.9,PASS
S4949,Female,21,Engineering,CS201,70.8,66.5,72.9,53.0,67.7,77.7,16,96,8.5,PASS
S4950,Female,29,Computer Science,CS101,68.3,72.6,53.2,54.7,52.1,67.7,43,74,14.5,PASS
S4951,Male,25,Business,CS101,71.1,75.0,84.1,69.9,38.1,72.8,40,116,17.1,PASS
S4952,Male,22,Business,ENG101,76.1,76.0,62.8,36.5,66.0,94.4,35,80,12.7,PASS
S4953,Male,22,Engineering,CS101,66.1,63.3,59.0,45.4,28.0,77.8,47,78,14.9,PASS
S4954,Female,29,Engineering,PHY101,68.6,69.4,38.1,61.0,32.5,82.8,54,89,16.4,PASS
S4955,Male,29,Business,BUS101,50.8,38.8,44.9,68.2,33.8,78.8,18,113,5.6,PASS
S4956,Female,27,Engineering,BUS101,80.1,80.8,61.2,60.5,49.5,94.6,39,71,17.0,PASS
S4957,Male,20,Mathematics,BUS101,77.1,70.9,67.1,72.7,51.3,78.3,31,104,14.3,PASS
S4958,Female,25,Mathematics,MATH101,56.7,56.2,60.7,52.4,29.8,76.2,23,84,10.7,PASS
S4959,Male,23,Computer Science,MATH101,92.2,93.3,91.0,73.2,63.7,85.4,48,66,21.8,PASS
S4960,Female,19,Business,CS101,100.0,98.3,99.7,69.0,61.6,79.9,41,96,26.5,PASS
S4961,Female,19,Computer Science,MATH101,84.7,88.4,65.9,84.2,65.6,83.8,37,93,19.8,PASS
S4962,Male,26,Business,MATH101,67.0,63.9,71.9,48.4,50.0,83.2,34,84,17.1,PASS
S4963,Male,24,Physics,ENG101,62.6,59.0,65.0,58.6,29.7,87.5,38,101,9.2,PASS
S4964,Female,27,Mathematics,MATH101,83.5,86.6,92.5,76.9,36.0,76.2,54,79,16.0,PASS
S4965,Male,26,Engineering,CS201,91.0,89.2,66.8,74.3,67.5,98.2,50,76,19.3,PASS
S4966,Male,23,Computer Science,CS201,59.8,66.6,41.6,39.2,22.7,74.0,40,54,11.5,FAIL
S4967,Female,22,Computer Science,CS201,75.6,75.7,70.7,60.8,58.1,95.0,36,103,23.8,PASS
S4968,Female,29,Engineering,CS101,82.0,84.8,80.5,59.7,46.1,84.3,52,106,17.0,PASS
S4969,Female,18,Computer Science,BUS101,53.1,57.7,47.5,59.9,39.4,78.7,44,77,17.5,PASS
S4970,Male,29,Engineering,ENG101,39.4,39.1,53.5,62.6,16.3,68.0,39,58,12.4,FAIL
S4971,Male,23,Computer Science,CS101,72.4,64.8,62.7,63.4,49.1,97.4,36,85,17.3,PASS
S4972,Female,23,Engineering,BUS101,44.0,47.1,63.7,74.0,40.3,64.3,40,116,12.8,PASS
S4973,Female,20,Computer Science,ENG101,59.2,65.1,45.8,50.7,30.3,88.0,47,79,19.6,PASS
S4974,Female,20,Physics,ENG101,86.3,85.0,74.2,85.6,41.2,74.8,52,99,17.5,PASS
S4975,Male,20,Business,ENG101,74.7,79.7,48.0,61.7,35.3,75.7,41,59,13.0,PASS
S4976,Male,20,Engineering,CS201,75.2,69.3,65.4,54.0,16.9,99.5,36,94,15.9,PASS
S4977,Male,24,Computer Science,CS201,75.4,76.2,52.3,64.2,35.2,89.0,44,99,13.1,PASS
S4978,Male,27,Engineering,CS201,53.3,51.9,52.8,63.1,46.8,78.7,32,68,10.1,PASS
S4979,Male,28,Computer Science,ENG101,44.1,36.2,30.1,56.5,6.1,75.2,9,69,10.1,FAIL
S4980,Male,19,Engineering,PHY101,65.5,67.5,55.0,56.3,33.0,90.8,34,90,12.9,PASS
S4981,Female,27,Mathematics,ENG101,62.5,58.1,91.6,50.9,39.3,82.4,41,77,6.2,PASS
S4982,Male,27,Business,CS201,70.1,71.9,51.5,72.6,43.5,81.4,44,102,15.4,PASS
S4983,Female,19,Business,ENG101,82.6,77.6,84.5,59.5,39.6,89.4,57,71,19.3,PASS
S4984,Female,20,Engineering,CS201,39.2,30.8,43.3,38.0,39.3,69.8,43,71,10.1,FAIL
S4985,Female,27,Physics,CS201,66.4,62.8,65.2,59.8,49.0,75.9,44,92,20.2,PASS
S4986,Male,29,Physics,CS201,84.9,90.1,66.8,69.4,39.4,78.3,39,94,19.6,PASS
S4987,Female,24,Engineering,PHY101,86.6,85.8,89.5,85.1,50.2,75.5,47,77,20.3,PASS
S4988,Female,20,Engineering,BUS101,47.0,47.2,24.8,51.5,21.1,78.7,31,87,7.6,FAIL
S4989,Female,24,Engineering,ENG101,89.8,90.5,73.9,74.2,59.7,85.3,30,74,18.4,PASS
S4990,Female,26,Computer Science,CS101,57.1,57.6,53.1,37.3,52.0,60.8,58,65,16.0,PASS
S4991,Female,28,Business,CS201,73.1,82.4,90.1,84.6,49.9,78.0,33,86,14.0,PASS
S4992,Female,27,Engineering,PHY101,67.2,66.9,65.0,46.2,59.6,83.1,25,91,21.5,PASS
S4993,Male,29,Computer Science,CS101,75.1,65.6,69.6,61.6,43.8,75.6,27,75,19.4,PASS
S4994,Female,28,Computer Science,BUS101,60.4,58.5,57.9,47.2,16.9,81.0,36,56,16.0,FAIL
S4995,Male,21,Engineering,ENG101,49.2,49.5,53.5,28.3,20.8,52.4,43,81,11.9,FAIL
S4996,Female,24,Mathematics,PHY101,70.5,64.2,45.9,66.6,51.1,96.7,35,59,8.2,PASS
S4997,Male,26,Business,CS201,68.4,67.3,82.6,87.7,40.2,83.2,45,89,17.9,PASS
S4998,Male,25,Business,CS201,55.8,54.6,59.0,41.0,34.9,57.5,40,84,11.5,FAIL
S4999,Female,25,Engineering,CS201,38.2,47.1,43.4,27.7,17.6,37.2,29,93,8.5,FAIL
S5000,Female,26,Business,PHY101,55.0,51.6,35.8,49.3,26.4,78.9,28,86,12.2,FAIL
